-- MySQL dump 10.17  Distrib 10.3.17-MariaDB, for Linux (x86_64)
--
-- Host: localhost    Database: declaracionesU
-- ------------------------------------------------------
-- Server version	10.3.17-MariaDB

/*!40101 SET @OLD_CHARACTER_SET_CLIENT=@@CHARACTER_SET_CLIENT */;
/*!40101 SET @OLD_CHARACTER_SET_RESULTS=@@CHARACTER_SET_RESULTS */;
/*!40101 SET @OLD_COLLATION_CONNECTION=@@COLLATION_CONNECTION */;
/*!40101 SET NAMES utf8mb4 */;
/*!40103 SET @OLD_TIME_ZONE=@@TIME_ZONE */;
/*!40103 SET TIME_ZONE='+00:00' */;
/*!40014 SET @OLD_UNIQUE_CHECKS=@@UNIQUE_CHECKS, UNIQUE_CHECKS=0 */;
/*!40014 SET @OLD_FOREIGN_KEY_CHECKS=@@FOREIGN_KEY_CHECKS, FOREIGN_KEY_CHECKS=0 */;
/*!40101 SET @OLD_SQL_MODE=@@SQL_MODE, SQL_MODE='NO_AUTO_VALUE_ON_ZERO' */;
/*!40111 SET @OLD_SQL_NOTES=@@SQL_NOTES, SQL_NOTES=0 */;

--
-- Table structure for table `auth_group`
--

DROP TABLE IF EXISTS `auth_group`;
/*!40101 SET @saved_cs_client     = @@character_set_client */;
/*!40101 SET character_set_client = utf8 */;
CREATE TABLE `auth_group` (
  `id` int(11) NOT NULL AUTO_INCREMENT,
  `name` varchar(150) NOT NULL,
  PRIMARY KEY (`id`),
  UNIQUE KEY `name` (`name`)
) ENGINE=InnoDB AUTO_INCREMENT=2 DEFAULT CHARSET=latin1;
/*!40101 SET character_set_client = @saved_cs_client */;

--
-- Dumping data for table `auth_group`
--

LOCK TABLES `auth_group` WRITE;
/*!40000 ALTER TABLE `auth_group` DISABLE KEYS */;
INSERT INTO `auth_group` VALUES (1,'api');
/*!40000 ALTER TABLE `auth_group` ENABLE KEYS */;
UNLOCK TABLES;

--
-- Table structure for table `auth_group_permissions`
--

DROP TABLE IF EXISTS `auth_group_permissions`;
/*!40101 SET @saved_cs_client     = @@character_set_client */;
/*!40101 SET character_set_client = utf8 */;
CREATE TABLE `auth_group_permissions` (
  `id` int(11) NOT NULL AUTO_INCREMENT,
  `group_id` int(11) NOT NULL,
  `permission_id` int(11) NOT NULL,
  PRIMARY KEY (`id`),
  UNIQUE KEY `auth_group_permissions_group_id_permission_id_0cd325b0_uniq` (`group_id`,`permission_id`),
  KEY `auth_group_permissio_permission_id_84c5c92e_fk_auth_perm` (`permission_id`),
  CONSTRAINT `auth_group_permissio_permission_id_84c5c92e_fk_auth_perm` FOREIGN KEY (`permission_id`) REFERENCES `auth_permission` (`id`),
  CONSTRAINT `auth_group_permissions_group_id_b120cbf9_fk_auth_group_id` FOREIGN KEY (`group_id`) REFERENCES `auth_group` (`id`)
) ENGINE=InnoDB DEFAULT CHARSET=latin1;
/*!40101 SET character_set_client = @saved_cs_client */;

--
-- Dumping data for table `auth_group_permissions`
--

LOCK TABLES `auth_group_permissions` WRITE;
/*!40000 ALTER TABLE `auth_group_permissions` DISABLE KEYS */;
/*!40000 ALTER TABLE `auth_group_permissions` ENABLE KEYS */;
UNLOCK TABLES;

--
-- Table structure for table `auth_permission`
--

DROP TABLE IF EXISTS `auth_permission`;
/*!40101 SET @saved_cs_client     = @@character_set_client */;
/*!40101 SET character_set_client = utf8 */;
CREATE TABLE `auth_permission` (
  `id` int(11) NOT NULL AUTO_INCREMENT,
  `name` varchar(255) NOT NULL,
  `content_type_id` int(11) NOT NULL,
  `codename` varchar(100) NOT NULL,
  PRIMARY KEY (`id`),
  UNIQUE KEY `auth_permission_content_type_id_codename_01ab375a_uniq` (`content_type_id`,`codename`),
  CONSTRAINT `auth_permission_content_type_id_2f476e4b_fk_django_co` FOREIGN KEY (`content_type_id`) REFERENCES `django_content_type` (`id`)
) ENGINE=InnoDB AUTO_INCREMENT=373 DEFAULT CHARSET=latin1;
/*!40101 SET character_set_client = @saved_cs_client */;

--
-- Dumping data for table `auth_permission`
--

LOCK TABLES `auth_permission` WRITE;
/*!40000 ALTER TABLE `auth_permission` DISABLE KEYS */;
INSERT INTO `auth_permission` VALUES (1,'Can add log entry',1,'add_logentry'),(2,'Can change log entry',1,'change_logentry'),(3,'Can delete log entry',1,'delete_logentry'),(4,'Can view log entry',1,'view_logentry'),(5,'Can add permission',2,'add_permission'),(6,'Can change permission',2,'change_permission'),(7,'Can delete permission',2,'delete_permission'),(8,'Can view permission',2,'view_permission'),(9,'Can add group',3,'add_group'),(10,'Can change group',3,'change_group'),(11,'Can delete group',3,'delete_group'),(12,'Can view group',3,'view_group'),(13,'Can add user',4,'add_user'),(14,'Can change user',4,'change_user'),(15,'Can delete user',4,'delete_user'),(16,'Can view user',4,'view_user'),(17,'Can add content type',5,'add_contenttype'),(18,'Can change content type',5,'change_contenttype'),(19,'Can delete content type',5,'delete_contenttype'),(20,'Can view content type',5,'view_contenttype'),(21,'Can add session',6,'add_session'),(22,'Can change session',6,'change_session'),(23,'Can delete session',6,'delete_session'),(24,'Can view session',6,'view_session'),(25,'Can add activos bienes',7,'add_activosbienes'),(26,'Can change activos bienes',7,'change_activosbienes'),(27,'Can delete activos bienes',7,'delete_activosbienes'),(28,'Can view activos bienes',7,'view_activosbienes'),(29,'Can add bienes personas',8,'add_bienespersonas'),(30,'Can change bienes personas',8,'change_bienespersonas'),(31,'Can delete bienes personas',8,'delete_bienespersonas'),(32,'Can view bienes personas',8,'view_bienespersonas'),(33,'Can add cat activo bien',9,'add_catactivobien'),(34,'Can change cat activo bien',9,'change_catactivobien'),(35,'Can delete cat activo bien',9,'delete_catactivobien'),(36,'Can view cat activo bien',9,'view_catactivobien'),(37,'Can add cat ambitos laborales',10,'add_catambitoslaborales'),(38,'Can change cat ambitos laborales',10,'change_catambitoslaborales'),(39,'Can delete cat ambitos laborales',10,'delete_catambitoslaborales'),(40,'Can view cat ambitos laborales',10,'view_catambitoslaborales'),(41,'Can add cat documentos obtenidos',11,'add_catdocumentosobtenidos'),(42,'Can change cat documentos obtenidos',11,'change_catdocumentosobtenidos'),(43,'Can delete cat documentos obtenidos',11,'delete_catdocumentosobtenidos'),(44,'Can view cat documentos obtenidos',11,'view_catdocumentosobtenidos'),(45,'Can add cat entes publicos',12,'add_catentespublicos'),(46,'Can change cat entes publicos',12,'change_catentespublicos'),(47,'Can delete cat entes publicos',12,'delete_catentespublicos'),(48,'Can view cat entes publicos',12,'view_catentespublicos'),(49,'Can add cat entidades federativas',13,'add_catentidadesfederativas'),(50,'Can change cat entidades federativas',13,'change_catentidadesfederativas'),(51,'Can delete cat entidades federativas',13,'delete_catentidadesfederativas'),(52,'Can view cat entidades federativas',13,'view_catentidadesfederativas'),(53,'Can add cat estados civiles',14,'add_catestadosciviles'),(54,'Can change cat estados civiles',14,'change_catestadosciviles'),(55,'Can delete cat estados civiles',14,'delete_catestadosciviles'),(56,'Can view cat estados civiles',14,'view_catestadosciviles'),(57,'Can add cat estatus declaracion',15,'add_catestatusdeclaracion'),(58,'Can change cat estatus declaracion',15,'change_catestatusdeclaracion'),(59,'Can delete cat estatus declaracion',15,'delete_catestatusdeclaracion'),(60,'Can view cat estatus declaracion',15,'view_catestatusdeclaracion'),(61,'Can add cat estatus estudios',16,'add_catestatusestudios'),(62,'Can change cat estatus estudios',16,'change_catestatusestudios'),(63,'Can delete cat estatus estudios',16,'delete_catestatusestudios'),(64,'Can view cat estatus estudios',16,'view_catestatusestudios'),(65,'Can add cat formas adquisiciones',17,'add_catformasadquisiciones'),(66,'Can change cat formas adquisiciones',17,'change_catformasadquisiciones'),(67,'Can delete cat formas adquisiciones',17,'delete_catformasadquisiciones'),(68,'Can view cat formas adquisiciones',17,'view_catformasadquisiciones'),(69,'Can add cat funciones principales',18,'add_catfuncionesprincipales'),(70,'Can change cat funciones principales',18,'change_catfuncionesprincipales'),(71,'Can delete cat funciones principales',18,'delete_catfuncionesprincipales'),(72,'Can view cat funciones principales',18,'view_catfuncionesprincipales'),(73,'Can add cat grados academicos',19,'add_catgradosacademicos'),(74,'Can change cat grados academicos',19,'change_catgradosacademicos'),(75,'Can delete cat grados academicos',19,'delete_catgradosacademicos'),(76,'Can view cat grados academicos',19,'view_catgradosacademicos'),(77,'Can add cat monedas',20,'add_catmonedas'),(78,'Can change cat monedas',20,'change_catmonedas'),(79,'Can delete cat monedas',20,'delete_catmonedas'),(80,'Can view cat monedas',20,'view_catmonedas'),(81,'Can add cat motivo baja',21,'add_catmotivobaja'),(82,'Can change cat motivo baja',21,'change_catmotivobaja'),(83,'Can delete cat motivo baja',21,'delete_catmotivobaja'),(84,'Can view cat motivo baja',21,'view_catmotivobaja'),(85,'Can add cat municipios',22,'add_catmunicipios'),(86,'Can change cat municipios',22,'change_catmunicipios'),(87,'Can delete cat municipios',22,'delete_catmunicipios'),(88,'Can view cat municipios',22,'view_catmunicipios'),(89,'Can add cat naturaleza membresia',23,'add_catnaturalezamembresia'),(90,'Can change cat naturaleza membresia',23,'change_catnaturalezamembresia'),(91,'Can delete cat naturaleza membresia',23,'delete_catnaturalezamembresia'),(92,'Can view cat naturaleza membresia',23,'view_catnaturalezamembresia'),(93,'Can add cat ordenes gobierno',24,'add_catordenesgobierno'),(94,'Can change cat ordenes gobierno',24,'change_catordenesgobierno'),(95,'Can delete cat ordenes gobierno',24,'delete_catordenesgobierno'),(96,'Can view cat ordenes gobierno',24,'view_catordenesgobierno'),(97,'Can add cat paises',25,'add_catpaises'),(98,'Can change cat paises',25,'change_catpaises'),(99,'Can delete cat paises',25,'delete_catpaises'),(100,'Can view cat paises',25,'view_catpaises'),(101,'Can add cat poderes',26,'add_catpoderes'),(102,'Can change cat poderes',26,'change_catpoderes'),(103,'Can delete cat poderes',26,'delete_catpoderes'),(104,'Can view cat poderes',26,'view_catpoderes'),(105,'Can add cat puestos',27,'add_catpuestos'),(106,'Can change cat puestos',27,'change_catpuestos'),(107,'Can delete cat puestos',27,'delete_catpuestos'),(108,'Can view cat puestos',27,'view_catpuestos'),(109,'Can add cat regimenes matrimoniales',28,'add_catregimenesmatrimoniales'),(110,'Can change cat regimenes matrimoniales',28,'change_catregimenesmatrimoniales'),(111,'Can delete cat regimenes matrimoniales',28,'delete_catregimenesmatrimoniales'),(112,'Can view cat regimenes matrimoniales',28,'view_catregimenesmatrimoniales'),(113,'Can add cat sectores industria',29,'add_catsectoresindustria'),(114,'Can change cat sectores industria',29,'change_catsectoresindustria'),(115,'Can delete cat sectores industria',29,'delete_catsectoresindustria'),(116,'Can view cat sectores industria',29,'view_catsectoresindustria'),(117,'Can add cat tipo participacion',30,'add_cattipoparticipacion'),(118,'Can change cat tipo participacion',30,'change_cattipoparticipacion'),(119,'Can delete cat tipo participacion',30,'delete_cattipoparticipacion'),(120,'Can view cat tipo participacion',30,'view_cattipoparticipacion'),(121,'Can add cat tipo persona',31,'add_cattipopersona'),(122,'Can change cat tipo persona',31,'change_cattipopersona'),(123,'Can delete cat tipo persona',31,'delete_cattipopersona'),(124,'Can view cat tipo persona',31,'view_cattipopersona'),(125,'Can add cat tipos acreedores',32,'add_cattiposacreedores'),(126,'Can change cat tipos acreedores',32,'change_cattiposacreedores'),(127,'Can delete cat tipos acreedores',32,'delete_cattiposacreedores'),(128,'Can view cat tipos acreedores',32,'view_cattiposacreedores'),(129,'Can add cat tipos actividad',33,'add_cattiposactividad'),(130,'Can change cat tipos actividad',33,'change_cattiposactividad'),(131,'Can delete cat tipos actividad',33,'delete_cattiposactividad'),(132,'Can view cat tipos actividad',33,'view_cattiposactividad'),(133,'Can add cat tipos adeudos',34,'add_cattiposadeudos'),(134,'Can change cat tipos adeudos',34,'change_cattiposadeudos'),(135,'Can delete cat tipos adeudos',34,'delete_cattiposadeudos'),(136,'Can view cat tipos adeudos',34,'view_cattiposadeudos'),(137,'Can add cat tipos apoyos',35,'add_cattiposapoyos'),(138,'Can change cat tipos apoyos',35,'change_cattiposapoyos'),(139,'Can delete cat tipos apoyos',35,'delete_cattiposapoyos'),(140,'Can view cat tipos apoyos',35,'view_cattiposapoyos'),(141,'Can add cat tipos beneficios',36,'add_cattiposbeneficios'),(142,'Can change cat tipos beneficios',36,'change_cattiposbeneficios'),(143,'Can delete cat tipos beneficios',36,'delete_cattiposbeneficios'),(144,'Can view cat tipos beneficios',36,'view_cattiposbeneficios'),(145,'Can add cat tipos bienes',37,'add_cattiposbienes'),(146,'Can change cat tipos bienes',37,'change_cattiposbienes'),(147,'Can delete cat tipos bienes',37,'delete_cattiposbienes'),(148,'Can view cat tipos bienes',37,'view_cattiposbienes'),(149,'Can add cat tipos declaracion',38,'add_cattiposdeclaracion'),(150,'Can change cat tipos declaracion',38,'change_cattiposdeclaracion'),(151,'Can delete cat tipos declaracion',38,'delete_cattiposdeclaracion'),(152,'Can view cat tipos declaracion',38,'view_cattiposdeclaracion'),(153,'Can add cat tipos especificos inversiones',39,'add_cattiposespecificosinversiones'),(154,'Can change cat tipos especificos inversiones',39,'change_cattiposespecificosinversiones'),(155,'Can delete cat tipos especificos inversiones',39,'delete_cattiposespecificosinversiones'),(156,'Can view cat tipos especificos inversiones',39,'view_cattiposespecificosinversiones'),(157,'Can add cat tipos fideicomisos',40,'add_cattiposfideicomisos'),(158,'Can change cat tipos fideicomisos',40,'change_cattiposfideicomisos'),(159,'Can delete cat tipos fideicomisos',40,'delete_cattiposfideicomisos'),(160,'Can view cat tipos fideicomisos',40,'view_cattiposfideicomisos'),(161,'Can add cat tipos ingresos varios',41,'add_cattiposingresosvarios'),(162,'Can change cat tipos ingresos varios',41,'change_cattiposingresosvarios'),(163,'Can delete cat tipos ingresos varios',41,'delete_cattiposingresosvarios'),(164,'Can view cat tipos ingresos varios',41,'view_cattiposingresosvarios'),(165,'Can add cat tipos inmuebles',42,'add_cattiposinmuebles'),(166,'Can change cat tipos inmuebles',42,'change_cattiposinmuebles'),(167,'Can delete cat tipos inmuebles',42,'delete_cattiposinmuebles'),(168,'Can view cat tipos inmuebles',42,'view_cattiposinmuebles'),(169,'Can add cat tipos instituciones',43,'add_cattiposinstituciones'),(170,'Can change cat tipos instituciones',43,'change_cattiposinstituciones'),(171,'Can delete cat tipos instituciones',43,'delete_cattiposinstituciones'),(172,'Can view cat tipos instituciones',43,'view_cattiposinstituciones'),(173,'Can add cat tipos instrumentos',44,'add_cattiposinstrumentos'),(174,'Can change cat tipos instrumentos',44,'change_cattiposinstrumentos'),(175,'Can delete cat tipos instrumentos',44,'delete_cattiposinstrumentos'),(176,'Can view cat tipos instrumentos',44,'view_cattiposinstrumentos'),(177,'Can add cat tipos inversiones',45,'add_cattiposinversiones'),(178,'Can change cat tipos inversiones',45,'change_cattiposinversiones'),(179,'Can delete cat tipos inversiones',45,'delete_cattiposinversiones'),(180,'Can view cat tipos inversiones',45,'view_cattiposinversiones'),(181,'Can add cat tipos metales',46,'add_cattiposmetales'),(182,'Can change cat tipos metales',46,'change_cattiposmetales'),(183,'Can delete cat tipos metales',46,'delete_cattiposmetales'),(184,'Can view cat tipos metales',46,'view_cattiposmetales'),(185,'Can add cat tipos muebles',47,'add_cattiposmuebles'),(186,'Can change cat tipos muebles',47,'change_cattiposmuebles'),(187,'Can delete cat tipos muebles',47,'delete_cattiposmuebles'),(188,'Can view cat tipos muebles',47,'view_cattiposmuebles'),(189,'Can add cat tipos operaciones',48,'add_cattiposoperaciones'),(190,'Can change cat tipos operaciones',48,'change_cattiposoperaciones'),(191,'Can delete cat tipos operaciones',48,'delete_cattiposoperaciones'),(192,'Can view cat tipos operaciones',48,'view_cattiposoperaciones'),(193,'Can add cat tipos pasivos',49,'add_cattipospasivos'),(194,'Can change cat tipos pasivos',49,'change_cattipospasivos'),(195,'Can delete cat tipos pasivos',49,'delete_cattipospasivos'),(196,'Can view cat tipos pasivos',49,'view_cattipospasivos'),(197,'Can add cat tipos relaciones personales',50,'add_cattiposrelacionespersonales'),(198,'Can change cat tipos relaciones personales',50,'change_cattiposrelacionespersonales'),(199,'Can delete cat tipos relaciones personales',50,'delete_cattiposrelacionespersonales'),(200,'Can view cat tipos relaciones personales',50,'view_cattiposrelacionespersonales'),(201,'Can add cat tipos representaciones',51,'add_cattiposrepresentaciones'),(202,'Can change cat tipos representaciones',51,'change_cattiposrepresentaciones'),(203,'Can delete cat tipos representaciones',51,'delete_cattiposrepresentaciones'),(204,'Can view cat tipos representaciones',51,'view_cattiposrepresentaciones'),(205,'Can add cat tipos titulares',52,'add_cattipostitulares'),(206,'Can change cat tipos titulares',52,'change_cattipostitulares'),(207,'Can delete cat tipos titulares',52,'delete_cattipostitulares'),(208,'Can view cat tipos titulares',52,'view_cattipostitulares'),(209,'Can add cat tipo via',53,'add_cattipovia'),(210,'Can change cat tipo via',53,'change_cattipovia'),(211,'Can delete cat tipo via',53,'delete_cattipovia'),(212,'Can view cat tipo via',53,'view_cattipovia'),(213,'Can add cat titular tipos relaciones',54,'add_cattitulartiposrelaciones'),(214,'Can change cat titular tipos relaciones',54,'change_cattitulartiposrelaciones'),(215,'Can delete cat titular tipos relaciones',54,'delete_cattitulartiposrelaciones'),(216,'Can view cat titular tipos relaciones',54,'view_cattitulartiposrelaciones'),(217,'Can add cat unidades medida',55,'add_catunidadesmedida'),(218,'Can change cat unidades medida',55,'change_catunidadesmedida'),(219,'Can delete cat unidades medida',55,'delete_catunidadesmedida'),(220,'Can view cat unidades medida',55,'view_catunidadesmedida'),(221,'Can add cat unidades temporales',56,'add_catunidadestemporales'),(222,'Can change cat unidades temporales',56,'change_catunidadestemporales'),(223,'Can delete cat unidades temporales',56,'delete_catunidadestemporales'),(224,'Can view cat unidades temporales',56,'view_catunidadestemporales'),(225,'Can add declaraciones',57,'add_declaraciones'),(226,'Can change declaraciones',57,'change_declaraciones'),(227,'Can delete declaraciones',57,'delete_declaraciones'),(228,'Can view declaraciones',57,'view_declaraciones'),(229,'Can add domicilios',58,'add_domicilios'),(230,'Can change domicilios',58,'change_domicilios'),(231,'Can delete domicilios',58,'delete_domicilios'),(232,'Can view domicilios',58,'view_domicilios'),(233,'Can add info personal var',59,'add_infopersonalvar'),(234,'Can change info personal var',59,'change_infopersonalvar'),(235,'Can delete info personal var',59,'delete_infopersonalvar'),(236,'Can view info personal var',59,'view_infopersonalvar'),(237,'Can add observaciones',60,'add_observaciones'),(238,'Can change observaciones',60,'change_observaciones'),(239,'Can delete observaciones',60,'delete_observaciones'),(240,'Can view observaciones',60,'view_observaciones'),(241,'Can add socios comerciales',61,'add_socioscomerciales'),(242,'Can change socios comerciales',61,'change_socioscomerciales'),(243,'Can delete socios comerciales',61,'delete_socioscomerciales'),(244,'Can view socios comerciales',61,'view_socioscomerciales'),(245,'Can add secciones',62,'add_secciones'),(246,'Can change secciones',62,'change_secciones'),(247,'Can delete secciones',62,'delete_secciones'),(248,'Can view secciones',62,'view_secciones'),(249,'Can add seccion declaracion',63,'add_secciondeclaracion'),(250,'Can change seccion declaracion',63,'change_secciondeclaracion'),(251,'Can delete seccion declaracion',63,'delete_secciondeclaracion'),(252,'Can view seccion declaracion',63,'view_secciondeclaracion'),(253,'Can add representaciones',64,'add_representaciones'),(254,'Can change representaciones',64,'change_representaciones'),(255,'Can delete representaciones',64,'delete_representaciones'),(256,'Can view representaciones',64,'view_representaciones'),(257,'Can add prestamo comodato',65,'add_prestamocomodato'),(258,'Can change prestamo comodato',65,'change_prestamocomodato'),(259,'Can delete prestamo comodato',65,'delete_prestamocomodato'),(260,'Can view prestamo comodato',65,'view_prestamocomodato'),(261,'Can add nacionalidades',66,'add_nacionalidades'),(262,'Can change nacionalidades',66,'change_nacionalidades'),(263,'Can delete nacionalidades',66,'delete_nacionalidades'),(264,'Can view nacionalidades',66,'view_nacionalidades'),(265,'Can add muebles no registrables',67,'add_mueblesnoregistrables'),(266,'Can change muebles no registrables',67,'change_mueblesnoregistrables'),(267,'Can delete muebles no registrables',67,'delete_mueblesnoregistrables'),(268,'Can view muebles no registrables',67,'view_mueblesnoregistrables'),(269,'Can add membresias',68,'add_membresias'),(270,'Can change membresias',68,'change_membresias'),(271,'Can delete membresias',68,'delete_membresias'),(272,'Can view membresias',68,'view_membresias'),(273,'Can add inversiones',69,'add_inversiones'),(274,'Can change inversiones',69,'change_inversiones'),(275,'Can delete inversiones',69,'delete_inversiones'),(276,'Can view inversiones',69,'view_inversiones'),(277,'Can add ingresos declaracion',70,'add_ingresosdeclaracion'),(278,'Can change ingresos declaracion',70,'change_ingresosdeclaracion'),(279,'Can delete ingresos declaracion',70,'delete_ingresosdeclaracion'),(280,'Can view ingresos declaracion',70,'view_ingresosdeclaracion'),(281,'Can add info personal fija',71,'add_infopersonalfija'),(282,'Can change info personal fija',71,'change_infopersonalfija'),(283,'Can delete info personal fija',71,'delete_infopersonalfija'),(284,'Can view info personal fija',71,'view_infopersonalfija'),(285,'Can add fideicomisos',72,'add_fideicomisos'),(286,'Can change fideicomisos',72,'change_fideicomisos'),(287,'Can delete fideicomisos',72,'delete_fideicomisos'),(288,'Can view fideicomisos',72,'view_fideicomisos'),(289,'Can add experiencia laboral',73,'add_experiencialaboral'),(290,'Can change experiencia laboral',73,'change_experiencialaboral'),(291,'Can delete experiencia laboral',73,'delete_experiencialaboral'),(292,'Can view experiencia laboral',73,'view_experiencialaboral'),(293,'Can add encargos',74,'add_encargos'),(294,'Can change encargos',74,'change_encargos'),(295,'Can delete encargos',74,'delete_encargos'),(296,'Can view encargos',74,'view_encargos'),(297,'Can add empresas sociedades',75,'add_empresassociedades'),(298,'Can change empresas sociedades',75,'change_empresassociedades'),(299,'Can delete empresas sociedades',75,'delete_empresassociedades'),(300,'Can view empresas sociedades',75,'view_empresassociedades'),(301,'Can add deudas otros',76,'add_deudasotros'),(302,'Can change deudas otros',76,'change_deudasotros'),(303,'Can delete deudas otros',76,'delete_deudasotros'),(304,'Can view deudas otros',76,'view_deudasotros'),(305,'Can add declaracion fiscal',77,'add_declaracionfiscal'),(306,'Can change declaracion fiscal',77,'change_declaracionfiscal'),(307,'Can delete declaracion fiscal',77,'delete_declaracionfiscal'),(308,'Can view declaracion fiscal',77,'view_declaracionfiscal'),(309,'Can add datos curriculares',78,'add_datoscurriculares'),(310,'Can change datos curriculares',78,'change_datoscurriculares'),(311,'Can delete datos curriculares',78,'delete_datoscurriculares'),(312,'Can view datos curriculares',78,'view_datoscurriculares'),(313,'Can add conyuge dependientes',79,'add_conyugedependientes'),(314,'Can change conyuge dependientes',79,'change_conyugedependientes'),(315,'Can delete conyuge dependientes',79,'delete_conyugedependientes'),(316,'Can view conyuge dependientes',79,'view_conyugedependientes'),(317,'Can add clientes principales',80,'add_clientesprincipales'),(318,'Can change clientes principales',80,'change_clientesprincipales'),(319,'Can delete clientes principales',80,'delete_clientesprincipales'),(320,'Can view clientes principales',80,'view_clientesprincipales'),(321,'Can add cat campos obligatorios',81,'add_catcamposobligatorios'),(322,'Can change cat campos obligatorios',81,'change_catcamposobligatorios'),(323,'Can delete cat campos obligatorios',81,'delete_catcamposobligatorios'),(324,'Can view cat campos obligatorios',81,'view_catcamposobligatorios'),(325,'Can add bienes muebles',82,'add_bienesmuebles'),(326,'Can change bienes muebles',82,'change_bienesmuebles'),(327,'Can delete bienes muebles',82,'delete_bienesmuebles'),(328,'Can view bienes muebles',82,'view_bienesmuebles'),(329,'Can add bienes inmuebles',83,'add_bienesinmuebles'),(330,'Can change bienes inmuebles',83,'change_bienesinmuebles'),(331,'Can delete bienes inmuebles',83,'delete_bienesinmuebles'),(332,'Can view bienes inmuebles',83,'view_bienesinmuebles'),(333,'Can add beneficios gratuitos',84,'add_beneficiosgratuitos'),(334,'Can change beneficios gratuitos',84,'change_beneficiosgratuitos'),(335,'Can delete beneficios gratuitos',84,'delete_beneficiosgratuitos'),(336,'Can view beneficios gratuitos',84,'view_beneficiosgratuitos'),(337,'Can add apoyos',85,'add_apoyos'),(338,'Can change apoyos',85,'change_apoyos'),(339,'Can delete apoyos',85,'delete_apoyos'),(340,'Can view apoyos',85,'view_apoyos'),(341,'Can add Preguntas Frecuentes sobre declaraciones',86,'add_declaracion_faqs'),(342,'Can change Preguntas Frecuentes sobre declaraciones',86,'change_declaracion_faqs'),(343,'Can delete Preguntas Frecuentes sobre declaraciones',86,'delete_declaracion_faqs'),(344,'Can view Preguntas Frecuentes sobre declaraciones',86,'view_declaracion_faqs'),(345,'Can add personalización del sitio',87,'add_sitio_personalizacion'),(346,'Can change personalización del sitio',87,'change_sitio_personalizacion'),(347,'Can delete personalización del sitio',87,'delete_sitio_personalizacion'),(348,'Can view personalización del sitio',87,'view_sitio_personalizacion'),(349,'Can add placeholder',88,'add_placeholder'),(350,'Can change placeholder',88,'change_placeholder'),(351,'Can delete placeholder',88,'delete_placeholder'),(352,'Can view placeholder',88,'view_placeholder'),(353,'Can add placeholder history',89,'add_placeholderhistory'),(354,'Can change placeholder history',89,'change_placeholderhistory'),(355,'Can delete placeholder history',89,'delete_placeholderhistory'),(356,'Can view placeholder history',89,'view_placeholderhistory'),(357,'Can add application',90,'add_application'),(358,'Can change application',90,'change_application'),(359,'Can delete application',90,'delete_application'),(360,'Can view application',90,'view_application'),(361,'Can add access token',91,'add_accesstoken'),(362,'Can change access token',91,'change_accesstoken'),(363,'Can delete access token',91,'delete_accesstoken'),(364,'Can view access token',91,'view_accesstoken'),(365,'Can add grant',92,'add_grant'),(366,'Can change grant',92,'change_grant'),(367,'Can delete grant',92,'delete_grant'),(368,'Can view grant',92,'view_grant'),(369,'Can add refresh token',93,'add_refreshtoken'),(370,'Can change refresh token',93,'change_refreshtoken'),(371,'Can delete refresh token',93,'delete_refreshtoken'),(372,'Can view refresh token',93,'view_refreshtoken');
/*!40000 ALTER TABLE `auth_permission` ENABLE KEYS */;
UNLOCK TABLES;

--
-- Table structure for table `auth_user`
--

DROP TABLE IF EXISTS `auth_user`;
/*!40101 SET @saved_cs_client     = @@character_set_client */;
/*!40101 SET character_set_client = utf8 */;
CREATE TABLE `auth_user` (
  `id` int(11) NOT NULL AUTO_INCREMENT,
  `password` varchar(128) NOT NULL,
  `last_login` datetime(6) DEFAULT NULL,
  `is_superuser` tinyint(1) NOT NULL,
  `username` varchar(150) NOT NULL,
  `first_name` varchar(30) NOT NULL,
  `last_name` varchar(150) NOT NULL,
  `email` varchar(254) NOT NULL,
  `is_staff` tinyint(1) NOT NULL,
  `is_active` tinyint(1) NOT NULL,
  `date_joined` datetime(6) NOT NULL,
  PRIMARY KEY (`id`),
  UNIQUE KEY `username` (`username`)
) ENGINE=InnoDB AUTO_INCREMENT=31 DEFAULT CHARSET=latin1;
/*!40101 SET character_set_client = @saved_cs_client */;

--
-- Dumping data for table `auth_user`
--

LOCK TABLES `auth_user` WRITE;
/*!40000 ALTER TABLE `auth_user` DISABLE KEYS */;
INSERT INTO `auth_user` VALUES (1,'pbkdf2_sha256$150000$Yt76As0eqTsN$RNFBrC2duPiMvdqEVkT7thA1uVHpxbXrCc9xtsB1sOY=','2020-05-16 01:59:39.655086',1,'admin','','','',1,1,'2020-05-02 15:03:35.926862'),(7,'pbkdf2_sha256$150000$wg3XsDGYq8Qr$sPnG9BMPrS8Bzylstwbv90UuCNabpSiNHEQpQ99FP2c=','2020-05-15 19:39:51.802127',0,'PERK381016AN3','Pedro','Navajas','pedro@navajas.com',0,1,'2020-05-02 15:11:39.000000'),(8,'pbkdf2_sha256$150000$AHn63OkqnGXA$cwcV/lz+01vo8zamMurZvSqf6bi002dXh0bl6SMzcBc=','2020-05-05 16:27:46.443814',0,'PARK681016AN6','Juan','Camaney','johny@camaney.org',0,1,'2020-05-02 15:11:39.905545'),(9,'pbkdf2_sha256$150000$9Q4o1LILieRV$k3Dn8CUj2DfZoRvVTvaiIJrs7QPuI9QQ1DtTa6MrCt0=','2020-05-16 02:00:45.389988',0,'PORK481016AN7','Johny','Camaney','raul.jacinto@gmail.com',0,1,'2020-05-02 15:11:39.906386'),(10,'pbkdf2_sha256$150000$YFJbDJrX24xz$aDeEL+lFnMXroXnOLKrRVhBLDkPGKaBak4VCX4Pf2MM=','2020-05-15 19:01:09.003158',0,'PIRK781006AN7','Piter','Perez','piter.perez@chucha.org',0,1,'2020-05-02 15:11:39.000000'),(11,'pbkdf2_sha256$150000$lSlBfTRo2392$rxrR/0eDIIz5i2P5ZLCFERl8G5VnMeil2pDLYbY44kI=','2020-05-15 22:59:53.747552',0,'PURK881006AN7','Pedro','Piedra','raul.jacinto@gmail.com',0,1,'2020-05-02 15:11:39.000000'),(12,'pbkdf2_sha256$150000$7HOgLLztx2E0$+7Mbo1czTAieH3taXiV11HV2AgKWHlVyEyM6pWIF4po=','2020-05-05 00:38:30.000000',1,'plataforma','','','',1,1,'2020-05-02 15:51:28.000000'),(13,'pbkdf2_sha256$150000$qJfnWM1gJB0g$Aqky6JTnu6TY9aMGCo6e54RUVat+uxex/9d7g1KRvSk=',NULL,0,'test_user','','','',0,1,'2020-05-04 23:52:53.000000'),(24,'pbkdf2_sha256$150000$6zllzXac3lO8$gCaN65DCrx1y3AqfGD9kPCGFsczcEwjRgOkSNswASIU=','2020-05-07 19:18:46.528577',0,'PUEB010101741','Carlos','Lomeli','carlos.lomeli@sesaj.org',0,1,'2020-05-05 17:39:10.177834'),(25,'pbkdf2_sha256$150000$fhhpKQ7xv2pa$JJ1QFQ95+MeJWjsviRcezMbywX9JMAmTRngOzl9uVMc=','2020-05-05 21:08:36.556660',0,'PUEB010101852','Ricardo','Villareal','ricardo.villareal@sesaj.org',0,1,'2020-05-05 17:39:10.178765'),(26,'pbkdf2_sha256$150000$VP9TDS4H0J2v$6HtMAZEGWkaJVZaLQnPPUyHu7DpzSHEwVOIiWSMbZAw=','2020-05-05 21:32:09.494963',0,'PUEB010101951','Oscar','Montanero','oscar.montanero@sesaj.org',0,1,'2020-05-05 17:39:10.000000'),(27,'pbkdf2_sha256$150000$pE23RmtRnlzH$BZJN9HTij4eZpbUbSw34K1sEx3A4Gzk99OQuHwWSwVU=','2020-05-05 22:48:57.276766',0,'PUEB010101963','Julio','Perez','julio.perez@sesaj.org',0,1,'2020-05-05 17:39:10.180348'),(28,'pbkdf2_sha256$150000$sQG5x8zQYVld$rAt1KC/08xubmzuTMB7T6jPdnBUnQPm+SZrzplGr304=','2020-05-07 23:12:24.831836',0,'PUEB010101753','Guillermo','Leon','guillermo.leon@sesaj.com',0,1,'2020-05-05 17:39:10.181200'),(30,'pbkdf2_sha256$150000$agK6VUB2yBiB$9OY7oq9Zph0RSkBSVCsXLBj9p1ZXosZ40+QhER+7yw4=','2020-05-16 02:00:05.457042',0,'PEPK381016AN3','Piter','Blades','raul.jacinto@gmail.com',0,1,'2020-05-07 17:02:35.000000');
/*!40000 ALTER TABLE `auth_user` ENABLE KEYS */;
UNLOCK TABLES;

--
-- Table structure for table `auth_user_groups`
--

DROP TABLE IF EXISTS `auth_user_groups`;
/*!40101 SET @saved_cs_client     = @@character_set_client */;
/*!40101 SET character_set_client = utf8 */;
CREATE TABLE `auth_user_groups` (
  `id` int(11) NOT NULL AUTO_INCREMENT,
  `user_id` int(11) NOT NULL,
  `group_id` int(11) NOT NULL,
  PRIMARY KEY (`id`),
  UNIQUE KEY `auth_user_groups_user_id_group_id_94350c0c_uniq` (`user_id`,`group_id`),
  KEY `auth_user_groups_group_id_97559544_fk_auth_group_id` (`group_id`),
  CONSTRAINT `auth_user_groups_group_id_97559544_fk_auth_group_id` FOREIGN KEY (`group_id`) REFERENCES `auth_group` (`id`),
  CONSTRAINT `auth_user_groups_user_id_6a12ed8b_fk_auth_user_id` FOREIGN KEY (`user_id`) REFERENCES `auth_user` (`id`)
) ENGINE=InnoDB AUTO_INCREMENT=2 DEFAULT CHARSET=latin1;
/*!40101 SET character_set_client = @saved_cs_client */;

--
-- Dumping data for table `auth_user_groups`
--

LOCK TABLES `auth_user_groups` WRITE;
/*!40000 ALTER TABLE `auth_user_groups` DISABLE KEYS */;
INSERT INTO `auth_user_groups` VALUES (1,12,1);
/*!40000 ALTER TABLE `auth_user_groups` ENABLE KEYS */;
UNLOCK TABLES;

--
-- Table structure for table `auth_user_user_permissions`
--

DROP TABLE IF EXISTS `auth_user_user_permissions`;
/*!40101 SET @saved_cs_client     = @@character_set_client */;
/*!40101 SET character_set_client = utf8 */;
CREATE TABLE `auth_user_user_permissions` (
  `id` int(11) NOT NULL AUTO_INCREMENT,
  `user_id` int(11) NOT NULL,
  `permission_id` int(11) NOT NULL,
  PRIMARY KEY (`id`),
  UNIQUE KEY `auth_user_user_permissions_user_id_permission_id_14a6b632_uniq` (`user_id`,`permission_id`),
  KEY `auth_user_user_permi_permission_id_1fbb5f2c_fk_auth_perm` (`permission_id`),
  CONSTRAINT `auth_user_user_permi_permission_id_1fbb5f2c_fk_auth_perm` FOREIGN KEY (`permission_id`) REFERENCES `auth_permission` (`id`),
  CONSTRAINT `auth_user_user_permissions_user_id_a95ead1b_fk_auth_user_id` FOREIGN KEY (`user_id`) REFERENCES `auth_user` (`id`)
) ENGINE=InnoDB AUTO_INCREMENT=130 DEFAULT CHARSET=latin1;
/*!40101 SET character_set_client = @saved_cs_client */;

--
-- Dumping data for table `auth_user_user_permissions`
--

LOCK TABLES `auth_user_user_permissions` WRITE;
/*!40000 ALTER TABLE `auth_user_user_permissions` DISABLE KEYS */;
INSERT INTO `auth_user_user_permissions` VALUES (2,12,1),(3,12,2),(4,12,3),(5,12,4),(6,12,5),(7,12,6),(8,12,7),(9,12,8),(10,12,9),(11,12,10),(12,12,11),(13,12,12),(14,12,13),(15,12,14),(16,12,15),(17,12,16),(1,12,17),(18,12,18),(19,12,19),(20,12,20),(21,12,25),(22,12,26),(23,12,27),(24,12,28),(25,12,29),(26,12,30),(27,12,31),(28,12,32),(29,12,33),(30,12,34),(31,12,35),(32,12,36),(33,12,37),(34,12,38),(35,12,39),(36,12,40),(37,12,41),(38,12,42),(39,12,43),(40,12,44),(41,12,45),(42,12,46),(43,12,47),(44,12,48),(45,12,49),(46,12,50),(47,12,51),(48,12,52),(49,12,53),(50,12,54),(51,12,55),(52,12,56),(53,12,57),(54,12,58),(55,12,59),(56,12,60),(57,12,61),(58,12,62),(59,12,63),(60,12,64),(61,12,65),(62,12,66),(63,12,67),(64,12,68),(65,12,69),(66,12,70),(67,12,71),(68,12,72),(69,12,73),(70,12,74),(71,12,75),(72,12,76),(73,12,77),(74,12,78),(75,12,79),(76,12,80),(77,12,81),(78,12,82),(79,12,83),(80,12,84),(81,12,85),(82,12,86),(83,12,87),(84,12,88),(85,12,89),(86,12,90),(87,12,91),(88,12,92),(89,12,93),(90,12,94),(91,12,95),(92,12,96),(93,12,97),(94,12,98),(95,12,99),(96,12,100),(97,12,101),(98,12,102),(99,12,103),(100,12,104),(101,12,105),(102,12,106),(103,12,107),(104,12,108),(105,12,109),(106,12,110),(107,12,111),(108,12,112),(109,12,113),(110,12,321),(111,12,322),(112,12,323),(113,12,324),(114,12,325),(115,12,326),(116,12,327),(117,12,328),(118,12,329),(119,12,330),(120,12,331),(121,12,332),(122,12,333),(123,12,334),(124,12,335),(125,12,336),(126,12,337),(127,12,338),(128,12,339),(129,12,340);
/*!40000 ALTER TABLE `auth_user_user_permissions` ENABLE KEYS */;
UNLOCK TABLES;

--
-- Table structure for table `declaracion_activosbienes`
--

DROP TABLE IF EXISTS `declaracion_activosbienes`;
/*!40101 SET @saved_cs_client     = @@character_set_client */;
/*!40101 SET character_set_client = utf8 */;
CREATE TABLE `declaracion_activosbienes` (
  `id` int(11) NOT NULL AUTO_INCREMENT,
  `id_activobien` int(11) DEFAULT NULL,
  `created_at` datetime(6) NOT NULL,
  `updated_at` datetime(6) NOT NULL,
  `cat_activo_bien_id` int(11) DEFAULT NULL,
  `declaraciones_id` int(11) NOT NULL,
  PRIMARY KEY (`id`),
  KEY `declaracion_activosb_cat_activo_bien_id_cff5986d_fk_declaraci` (`cat_activo_bien_id`),
  KEY `declaracion_activosb_declaraciones_id_a7d9ae97_fk_declaraci` (`declaraciones_id`),
  CONSTRAINT `declaracion_activosb_cat_activo_bien_id_cff5986d_fk_declaraci` FOREIGN KEY (`cat_activo_bien_id`) REFERENCES `declaracion_catactivobien` (`id`),
  CONSTRAINT `declaracion_activosb_declaraciones_id_a7d9ae97_fk_declaraci` FOREIGN KEY (`declaraciones_id`) REFERENCES `declaracion_declaraciones` (`id`)
) ENGINE=InnoDB AUTO_INCREMENT=72 DEFAULT CHARSET=latin1;
/*!40101 SET character_set_client = @saved_cs_client */;

--
-- Dumping data for table `declaracion_activosbienes`
--

LOCK TABLES `declaracion_activosbienes` WRITE;
/*!40000 ALTER TABLE `declaracion_activosbienes` DISABLE KEYS */;
INSERT INTO `declaracion_activosbienes` VALUES (1,1,'2020-05-02 18:33:47.288299','2020-05-02 18:33:47.513621',1,1),(2,1,'2020-05-02 18:35:55.387142','2020-05-02 18:35:55.708464',4,1),(3,1,'2020-05-02 18:38:03.198451','2020-05-02 18:38:03.437334',3,1),(4,1,'2020-05-02 18:51:46.004026','2020-05-02 18:51:46.078067',5,1),(5,2,'2020-05-02 20:43:54.330074','2020-05-02 20:43:54.504947',1,3),(6,2,'2020-05-02 20:46:22.646331','2020-05-02 20:46:22.849401',4,3),(7,2,'2020-05-02 20:48:06.700445','2020-05-02 20:48:06.993905',3,3),(8,2,'2020-05-02 21:00:08.933806','2020-05-02 21:00:09.057451',5,3),(9,3,'2020-05-03 03:53:38.594645','2020-05-03 03:53:38.839509',1,2),(10,3,'2020-05-03 03:55:01.446057','2020-05-03 03:55:01.609056',4,2),(11,3,'2020-05-03 03:57:03.951782','2020-05-03 04:26:53.207134',3,2),(12,3,'2020-05-03 04:38:32.272461','2020-05-03 04:38:32.346275',5,2),(13,4,'2020-05-03 20:33:48.896471','2020-05-03 20:33:49.112039',1,4),(14,4,'2020-05-03 20:35:14.110516','2020-05-03 20:35:14.272900',4,4),(15,4,'2020-05-03 20:36:09.460355','2020-05-03 20:36:09.622142',3,4),(16,4,'2020-05-04 01:34:41.765822','2020-05-04 01:34:41.865511',5,4),(17,5,'2020-05-05 19:18:04.212598','2020-05-07 18:09:23.424635',3,6),(18,5,'2020-05-05 20:15:33.227206','2020-05-05 21:18:32.956148',1,7),(19,5,'2020-05-05 20:24:03.504784','2020-05-05 21:18:48.092030',4,7),(20,6,'2020-05-05 20:27:18.041841','2020-05-05 21:19:03.985945',3,7),(21,6,'2020-05-05 21:56:48.960634','2020-05-05 21:56:49.180675',1,8),(22,6,'2020-05-05 22:02:50.740307','2020-05-05 22:02:50.924070',4,8),(23,7,'2020-05-05 22:06:13.793533','2020-05-05 22:06:13.973454',3,8),(24,7,'2020-05-05 23:10:57.912499','2020-05-05 23:10:58.034466',1,9),(25,8,'2020-05-05 23:13:22.402846','2020-05-05 23:13:22.613595',3,9),(26,9,'2020-05-05 23:42:00.793080','2020-05-05 23:42:00.947906',3,10),(27,8,'2020-05-07 17:24:18.306579','2020-05-07 17:24:18.508556',1,12),(28,7,'2020-05-07 17:28:17.420867','2020-05-07 17:28:28.936037',4,12),(29,10,'2020-05-07 17:30:02.392610','2020-05-07 17:30:02.728251',3,12),(30,5,'2020-05-07 17:52:15.986255','2020-05-07 17:52:16.034966',5,12),(31,9,'2020-05-07 18:03:46.727892','2020-05-07 18:03:46.908272',1,6),(32,8,'2020-05-07 18:08:35.960929','2020-05-07 18:08:36.175600',4,6),(33,6,'2020-05-07 18:37:00.531358','2020-05-07 18:37:00.630198',5,6),(34,10,'2020-05-07 18:37:13.997476','2020-05-07 18:37:14.141740',1,10),(35,9,'2020-05-07 18:40:24.192807','2020-05-07 18:40:24.396520',4,10),(36,11,'2020-05-07 22:40:17.311232','2020-05-07 22:40:17.484852',1,13),(37,10,'2020-05-07 22:41:57.201474','2020-05-07 22:41:57.535377',4,13),(38,11,'2020-05-07 22:43:46.901188','2020-05-07 22:44:07.342004',3,13),(39,7,'2020-05-07 22:59:06.821984','2020-05-07 22:59:06.904030',5,13),(40,12,'2020-05-12 02:46:48.983568','2020-05-12 03:21:07.506116',1,11),(41,11,'2020-05-12 03:22:02.112577','2020-05-12 03:22:02.396814',4,11),(42,12,'2020-05-12 03:22:57.788551','2020-05-12 03:22:57.905833',3,11),(43,8,'2020-05-12 03:27:10.623449','2020-05-12 03:27:10.705874',5,11),(44,13,'2020-05-15 18:55:23.927541','2020-05-15 18:55:24.088592',1,14),(45,13,'2020-05-15 18:57:26.257901','2020-05-15 19:14:01.198479',4,14),(46,15,'2020-05-15 18:59:20.135312','2020-05-15 19:14:50.492736',3,14),(47,9,'2020-05-15 19:36:19.867765','2020-05-15 19:36:19.958137',5,14),(48,14,'2020-05-15 19:59:35.599691','2020-05-15 19:59:35.797926',1,15),(49,14,'2020-05-15 20:01:28.277090','2020-05-15 20:01:28.420965',4,15),(50,16,'2020-05-15 20:02:37.665578','2020-05-15 20:02:37.876732',3,15),(51,10,'2020-05-15 20:14:02.976919','2020-05-15 20:14:03.042414',5,15),(52,15,'2020-05-15 20:37:09.663274','2020-05-15 20:37:09.827423',1,17),(53,15,'2020-05-15 20:38:42.201461','2020-05-15 20:38:42.336828',4,17),(54,17,'2020-05-15 20:39:56.466260','2020-05-15 20:39:56.618982',3,17),(55,16,'2020-05-15 20:46:00.139059','2020-05-15 20:46:00.339946',1,16),(56,16,'2020-05-15 20:47:27.396112','2020-05-15 20:47:27.610604',4,16),(57,11,'2020-05-15 20:49:32.639465','2020-05-15 20:49:32.679750',5,17),(58,18,'2020-05-15 20:49:42.633127','2020-05-15 20:49:42.773685',3,16),(59,12,'2020-05-15 21:08:19.629560','2020-05-15 21:08:19.711693',5,16),(60,17,'2020-05-16 02:38:49.398240','2020-05-16 02:38:49.584487',1,19),(61,17,'2020-05-16 02:40:45.965664','2020-05-16 02:40:46.124291',4,19),(62,19,'2020-05-16 02:42:26.705638','2020-05-16 02:42:26.858276',3,19),(63,13,'2020-05-16 02:55:28.032821','2020-05-16 02:55:28.156727',5,19),(64,18,'2020-05-16 03:10:00.285888','2020-05-16 03:10:00.479725',1,20),(65,18,'2020-05-16 03:12:05.739987','2020-05-16 03:12:05.907532',4,20),(66,20,'2020-05-16 03:13:27.254852','2020-05-16 03:13:27.359047',3,20),(67,14,'2020-05-16 03:22:43.266972','2020-05-16 03:22:43.357530',5,20),(68,19,'2020-05-16 03:33:22.463979','2020-05-16 03:33:22.679481',1,21),(69,19,'2020-05-16 03:35:04.136223','2020-05-16 03:35:04.255530',4,21),(70,21,'2020-05-16 03:35:52.780745','2020-05-16 03:35:52.902601',3,21),(71,15,'2020-05-16 03:43:23.134160','2020-05-16 03:43:23.182904',5,21);
/*!40000 ALTER TABLE `declaracion_activosbienes` ENABLE KEYS */;
UNLOCK TABLES;

--
-- Table structure for table `declaracion_apoyos`
--

DROP TABLE IF EXISTS `declaracion_apoyos`;
/*!40101 SET @saved_cs_client     = @@character_set_client */;
/*!40101 SET character_set_client = utf8 */;
CREATE TABLE `declaracion_apoyos` (
  `id` int(11) NOT NULL AUTO_INCREMENT,
  `nombre_programa` varchar(255) NOT NULL,
  `institucion_otorgante` varchar(255) NOT NULL,
  `otro_apoyo` varchar(255) NOT NULL,
  `valor_anual` int(11) DEFAULT NULL,
  `created_at` datetime(6) NOT NULL,
  `updated_at` datetime(6) NOT NULL,
  `forma_recepcion` varchar(20) DEFAULT NULL,
  `monto_apoyo_mensual` int(11) DEFAULT NULL,
  `especifiqueApoyo` varchar(255) DEFAULT NULL,
  `beneficiario_infopersonalvar_id` int(11) NOT NULL,
  `cat_ordenes_gobierno_id` int(11) DEFAULT NULL,
  `cat_tipos_apoyos_id` int(11) DEFAULT NULL,
  `cat_tipos_operaciones_id` int(11) DEFAULT NULL,
  `cat_tipos_relaciones_personales_id` int(11) DEFAULT NULL,
  `declaraciones_id` int(11) NOT NULL,
  `moneda_id` int(11) DEFAULT NULL,
  `observaciones_id` int(11) NOT NULL,
  PRIMARY KEY (`id`),
  KEY `declaracion_apoyos_beneficiario_infoper_732a138e_fk_declaraci` (`beneficiario_infopersonalvar_id`),
  KEY `declaracion_apoyos_cat_ordenes_gobierno_df1ffade_fk_declaraci` (`cat_ordenes_gobierno_id`),
  KEY `declaracion_apoyos_cat_tipos_apoyos_id_313b18d0_fk_declaraci` (`cat_tipos_apoyos_id`),
  KEY `declaracion_apoyos_cat_tipos_operacione_8cce0a3b_fk_declaraci` (`cat_tipos_operaciones_id`),
  KEY `declaracion_apoyos_cat_tipos_relaciones_512ddfd2_fk_declaraci` (`cat_tipos_relaciones_personales_id`),
  KEY `declaracion_apoyos_declaraciones_id_e29aa2b1_fk_declaraci` (`declaraciones_id`),
  KEY `declaracion_apoyos_moneda_id_5033d60c_fk_declaraci` (`moneda_id`),
  KEY `declaracion_apoyos_observaciones_id_7ce16aaf_fk_declaraci` (`observaciones_id`),
  CONSTRAINT `declaracion_apoyos_beneficiario_infoper_732a138e_fk_declaraci` FOREIGN KEY (`beneficiario_infopersonalvar_id`) REFERENCES `declaracion_infopersonalvar` (`id`),
  CONSTRAINT `declaracion_apoyos_cat_ordenes_gobierno_df1ffade_fk_declaraci` FOREIGN KEY (`cat_ordenes_gobierno_id`) REFERENCES `declaracion_catordenesgobierno` (`id`),
  CONSTRAINT `declaracion_apoyos_cat_tipos_apoyos_id_313b18d0_fk_declaraci` FOREIGN KEY (`cat_tipos_apoyos_id`) REFERENCES `declaracion_cattiposapoyos` (`id`),
  CONSTRAINT `declaracion_apoyos_cat_tipos_operacione_8cce0a3b_fk_declaraci` FOREIGN KEY (`cat_tipos_operaciones_id`) REFERENCES `declaracion_cattiposoperaciones` (`id`),
  CONSTRAINT `declaracion_apoyos_cat_tipos_relaciones_512ddfd2_fk_declaraci` FOREIGN KEY (`cat_tipos_relaciones_personales_id`) REFERENCES `declaracion_cattiposrelacionespersonales` (`id`),
  CONSTRAINT `declaracion_apoyos_declaraciones_id_e29aa2b1_fk_declaraci` FOREIGN KEY (`declaraciones_id`) REFERENCES `declaracion_declaraciones` (`id`),
  CONSTRAINT `declaracion_apoyos_moneda_id_5033d60c_fk_declaraci` FOREIGN KEY (`moneda_id`) REFERENCES `declaracion_catmonedas` (`id`),
  CONSTRAINT `declaracion_apoyos_observaciones_id_7ce16aaf_fk_declaraci` FOREIGN KEY (`observaciones_id`) REFERENCES `declaracion_observaciones` (`id`)
) ENGINE=InnoDB AUTO_INCREMENT=17 DEFAULT CHARSET=latin1;
/*!40101 SET character_set_client = @saved_cs_client */;

--
-- Dumping data for table `declaracion_apoyos`
--

LOCK TABLES `declaracion_apoyos` WRITE;
/*!40000 ALTER TABLE `declaracion_apoyos` DISABLE KEYS */;
INSERT INTO `declaracion_apoyos` VALUES (1,'BIENESTAR','MOVILIDAD','',NULL,'2020-05-02 18:47:04.277430','2020-05-02 18:47:04.277446','ESPECIE',600,'Bienevales',1,2,1,1,4,1,101,25),(2,'BIENESTAR','Jalisco GOB','',NULL,'2020-05-02 20:55:32.532321','2020-05-02 20:55:32.532337','ESPECIE',600,'Transporte',21,2,2,1,4,3,101,57),(3,'Mujer emprendedora','Gubernamental','',NULL,'2020-05-03 04:35:09.590874','2020-05-03 04:35:09.590891','MONETARIO',1500,'Se otorga apoyo para para emprender ideas de mujeres emprendedoras',19,1,1,1,30,2,101,84),(4,'ninins en pos de niinera','amlo','',NULL,'2020-05-04 01:30:50.382581','2020-05-04 01:30:50.382598','MONETARIO',65456,NULL,41,1,3,1,4,4,101,99),(5,'ninins en pos de niinera','amlo','',0,'2020-05-07 17:44:31.962953','2020-05-07 17:44:31.962969','MONETARIO',0,'una estupidez, solo para que AMLO se sienta bien',127,1,1,1,30,12,101,217),(6,'Todos contra el hambre','Gobierno','',0,'2020-05-07 18:26:39.390952','2020-05-07 18:26:39.390969','ESPECIE',1000,'Despensa',78,2,1,1,7,6,101,228),(7,'POR UNA EDUCACIÓN INCLUYENTE','INSTITTUTO EMPRENDEDOR','',0,'2020-05-07 19:02:31.742648','2020-05-07 19:08:00.109029','MONETARIO',100000,NULL,119,3,1,1,19,10,101,238),(8,'Mujer emprendedora','Gubernamental','',0,'2020-05-07 22:54:27.456716','2020-05-07 22:54:27.456732','MONETARIO',3000,'Prestamo realizado por el gobierno a mujeres emprendedoras',170,1,1,1,12,13,101,266),(9,'Mujer emprendedora','Gubernamental','',0,'2020-05-12 03:53:19.221604','2020-05-12 03:53:19.221621','ESPECIE',8000,'Es una apoyo en el beneficio de la mujer emprendedora',126,1,1,1,4,11,101,288),(10,'ninins en pos de niinera','amlo','',0,'2020-05-15 19:28:00.591956','2020-05-15 19:28:00.591972','MONETARIO',10,'lana en mi bolsillo',210,1,1,1,13,14,101,323),(11,'BIENESTAR','MOVILIDAD','',0,'2020-05-15 20:09:39.436463','2020-05-15 20:09:39.436479','MONETARIO',700,'Vales de tren',237,2,2,1,4,15,101,356),(12,'Take me to the limit','And this is where I stay','',0,'2020-05-15 20:46:11.046621','2020-05-15 20:46:11.046638','MONETARIO',5000,'No aplica',259,1,1,1,4,17,101,383),(13,'ninins en pos de niinera','amlo','',0,'2020-05-15 21:05:06.116246','2020-05-15 21:05:06.116265','MONETARIO',200,'lana',238,1,1,1,4,16,101,395),(14,'ninins en pos de niinera','amlo','',0,'2020-05-16 02:52:15.104091','2020-05-16 02:52:15.104116','MONETARIO',3200,'kaka del kakas',295,1,1,1,23,19,101,427),(15,'ninins en pos de niinera','amlo','',0,'2020-05-16 03:19:21.862339','2020-05-16 03:19:21.862361','MONETARIO',2000,'asasas',314,1,2,1,18,20,101,451),(16,'ninins en pos de niinera','amlo','',0,'2020-05-16 03:40:19.962093','2020-05-16 03:40:19.962110','MONETARIO',89080,'kjjk jjj jj',333,1,1,1,30,21,101,475);
/*!40000 ALTER TABLE `declaracion_apoyos` ENABLE KEYS */;
UNLOCK TABLES;

--
-- Table structure for table `declaracion_beneficiosgratuitos`
--

DROP TABLE IF EXISTS `declaracion_beneficiosgratuitos`;
/*!40101 SET @saved_cs_client     = @@character_set_client */;
/*!40101 SET character_set_client = utf8 */;
CREATE TABLE `declaracion_beneficiosgratuitos` (
  `id` int(11) NOT NULL AUTO_INCREMENT,
  `otros_beneficios` varchar(255) NOT NULL,
  `origen_beneficio` varchar(255) NOT NULL,
  `otro_sector` varchar(255) NOT NULL,
  `valor_beneficio` int(11) DEFAULT NULL,
  `created_at` datetime(6) NOT NULL,
  `updated_at` datetime(6) NOT NULL,
  `tipo_persona` varchar(255) DEFAULT NULL,
  `razon_social_otorgante` varchar(255) DEFAULT NULL,
  `rfc_otorgante` varchar(255) DEFAULT NULL,
  `forma_recepcion` varchar(20) DEFAULT NULL,
  `especifiqueBeneficio` varchar(255) DEFAULT NULL,
  `cat_sectores_industria_id` int(11) DEFAULT NULL,
  `cat_tipos_beneficios_id` int(11) DEFAULT NULL,
  `cat_tipos_operaciones_id` int(11) DEFAULT NULL,
  `cat_tipos_relaciones_personales_id` int(11) DEFAULT NULL,
  `declaraciones_id` int(11) NOT NULL,
  `moneda_id` int(11) DEFAULT NULL,
  `observaciones_id` int(11) NOT NULL,
  `otorgante_infopersonalVar_id` int(11) DEFAULT NULL,
  PRIMARY KEY (`id`),
  KEY `declaracion_benefici_cat_sectores_industr_cb9102ff_fk_declaraci` (`cat_sectores_industria_id`),
  KEY `declaracion_benefici_cat_tipos_beneficios_f60c0e0a_fk_declaraci` (`cat_tipos_beneficios_id`),
  KEY `declaracion_benefici_cat_tipos_operacione_03b8d265_fk_declaraci` (`cat_tipos_operaciones_id`),
  KEY `declaracion_benefici_cat_tipos_relaciones_ba3381be_fk_declaraci` (`cat_tipos_relaciones_personales_id`),
  KEY `declaracion_benefici_declaraciones_id_141bcf3e_fk_declaraci` (`declaraciones_id`),
  KEY `declaracion_benefici_moneda_id_16bdaed8_fk_declaraci` (`moneda_id`),
  KEY `declaracion_benefici_observaciones_id_8a095534_fk_declaraci` (`observaciones_id`),
  KEY `declaracion_benefici_otorgante_infoperson_6da3d0c9_fk_declaraci` (`otorgante_infopersonalVar_id`),
  CONSTRAINT `declaracion_benefici_cat_sectores_industr_cb9102ff_fk_declaraci` FOREIGN KEY (`cat_sectores_industria_id`) REFERENCES `declaracion_catsectoresindustria` (`id`),
  CONSTRAINT `declaracion_benefici_cat_tipos_beneficios_f60c0e0a_fk_declaraci` FOREIGN KEY (`cat_tipos_beneficios_id`) REFERENCES `declaracion_cattiposbeneficios` (`id`),
  CONSTRAINT `declaracion_benefici_cat_tipos_operacione_03b8d265_fk_declaraci` FOREIGN KEY (`cat_tipos_operaciones_id`) REFERENCES `declaracion_cattiposoperaciones` (`id`),
  CONSTRAINT `declaracion_benefici_cat_tipos_relaciones_ba3381be_fk_declaraci` FOREIGN KEY (`cat_tipos_relaciones_personales_id`) REFERENCES `declaracion_cattiposrelacionespersonales` (`id`),
  CONSTRAINT `declaracion_benefici_declaraciones_id_141bcf3e_fk_declaraci` FOREIGN KEY (`declaraciones_id`) REFERENCES `declaracion_declaraciones` (`id`),
  CONSTRAINT `declaracion_benefici_moneda_id_16bdaed8_fk_declaraci` FOREIGN KEY (`moneda_id`) REFERENCES `declaracion_catmonedas` (`id`),
  CONSTRAINT `declaracion_benefici_observaciones_id_8a095534_fk_declaraci` FOREIGN KEY (`observaciones_id`) REFERENCES `declaracion_observaciones` (`id`),
  CONSTRAINT `declaracion_benefici_otorgante_infoperson_6da3d0c9_fk_declaraci` FOREIGN KEY (`otorgante_infopersonalVar_id`) REFERENCES `declaracion_infopersonalvar` (`id`)
) ENGINE=InnoDB AUTO_INCREMENT=17 DEFAULT CHARSET=latin1;
/*!40101 SET character_set_client = @saved_cs_client */;

--
-- Dumping data for table `declaracion_beneficiosgratuitos`
--

LOCK TABLES `declaracion_beneficiosgratuitos` WRITE;
/*!40000 ALTER TABLE `declaracion_beneficiosgratuitos` DISABLE KEYS */;
INSERT INTO `declaracion_beneficiosgratuitos` VALUES (1,'','','',1000,'2020-05-02 18:49:57.623142','2020-05-02 18:49:57.623159',NULL,NULL,NULL,'MONETARIO','Dinero para utiles',25,1,1,7,1,101,28,15),(2,'','','',100000,'2020-05-02 20:58:34.115369','2020-05-02 20:58:34.115406',NULL,NULL,NULL,'MONETARIO','Melate',32,1,1,4,3,101,60,36),(3,'','','',2500,'2020-05-03 04:37:53.750630','2020-05-03 04:37:53.750647',NULL,NULL,NULL,'MONETARIO','Apoyo a adultos mayores',34,3,1,13,2,101,87,56),(4,'','','',6778,'2020-05-04 01:33:18.652578','2020-05-04 01:33:18.652594',NULL,NULL,NULL,'MONETARIO','aaaa',22,3,1,4,4,101,102,72),(5,'','','',100,'2020-05-07 17:46:55.650704','2020-05-07 17:46:55.650724',NULL,NULL,NULL,'ESPECIE','aaaa',34,3,1,4,12,101,220,145),(6,'','','Espectáculo',2000,'2020-05-07 18:33:45.623356','2020-05-07 18:33:45.623388',NULL,NULL,NULL,'MONETARIO','Beca por ganar concurso de canto',37,2,1,4,6,101,232,158),(7,'','','',1000000,'2020-05-07 19:12:22.894895','2020-05-07 19:12:22.894911',NULL,NULL,NULL,'MONETARIO',NULL,24,3,1,38,10,101,241,169),(8,'','','',1000,'2020-05-07 22:57:41.257153','2020-05-07 22:57:41.257169',NULL,NULL,NULL,'MONETARIO','Desayunos por parte la estructura educativa',21,3,1,23,13,101,269,188),(9,'','','',6000,'2020-05-12 03:55:19.306483','2020-05-12 03:55:19.306500',NULL,NULL,NULL,'MONETARIO','Apoyo a adultos mayores',34,1,1,4,11,101,291,209),(10,'','','',9,'2020-05-15 19:30:51.355015','2020-05-15 19:30:51.355032',NULL,NULL,NULL,'MONETARIO',NULL,29,3,1,12,14,101,326,233),(11,'','','',500,'2020-05-15 20:12:46.896918','2020-05-15 20:12:46.896934',NULL,NULL,NULL,'ESPECIE','Dinero para utiles',21,1,1,23,15,101,359,255),(12,'','','',4000,'2020-05-15 20:48:14.744515','2020-05-15 20:48:14.744532',NULL,NULL,NULL,'MONETARIO','Dinero para utiles',22,2,1,7,17,101,387,278),(13,'','','',300,'2020-05-15 21:07:37.881260','2020-05-15 21:07:37.881276',NULL,NULL,NULL,'MONETARIO','1233123',28,2,1,23,16,101,398,290),(14,'','','',300,'2020-05-16 02:54:12.071061','2020-05-16 02:54:12.071077',NULL,NULL,NULL,'MONETARIO','1233123',28,2,1,23,19,101,430,310),(15,'','','',12001,'2020-05-16 03:21:21.012755','2020-05-16 03:21:21.012771',NULL,NULL,NULL,'MONETARIO','1233123',31,2,1,4,20,101,454,329),(16,'','','',1200,'2020-05-16 03:42:33.874952','2020-05-16 03:42:33.874969',NULL,NULL,NULL,'MONETARIO','1233123',28,1,1,12,21,101,478,348);
/*!40000 ALTER TABLE `declaracion_beneficiosgratuitos` ENABLE KEYS */;
UNLOCK TABLES;

--
-- Table structure for table `declaracion_bienesinmuebles`
--

DROP TABLE IF EXISTS `declaracion_bienesinmuebles`;
/*!40101 SET @saved_cs_client     = @@character_set_client */;
/*!40101 SET character_set_client = utf8 */;
CREATE TABLE `declaracion_bienesinmuebles` (
  `id` int(11) NOT NULL AUTO_INCREMENT,
  `superficie_terreno` int(11) DEFAULT NULL,
  `unidad_medida_terreno` varchar(255) DEFAULT NULL,
  `superficie_construccion` int(11) DEFAULT NULL,
  `unidad_medida_construccion` varchar(255) DEFAULT NULL,
  `otro_titular` varchar(255) NOT NULL,
  `num_escritura_publica` varchar(255) NOT NULL,
  `num_registro_publico` varchar(255) NOT NULL,
  `folio_real` varchar(255) NOT NULL,
  `fecha_contrato_compra` date DEFAULT NULL,
  `otra_forma` varchar(255) NOT NULL,
  `fecha_adquisicion` date DEFAULT NULL,
  `forma_pago` varchar(255) NOT NULL,
  `precio_adquisicion` int(11) DEFAULT NULL,
  `valor_catastral` int(11) DEFAULT NULL,
  `created_at` datetime(6) NOT NULL,
  `updated_at` datetime(6) NOT NULL,
  `valor_conforme_a` varchar(255) DEFAULT NULL,
  `otra_operacion` varchar(255) DEFAULT NULL,
  `otro_inmueble` varchar(255) DEFAULT NULL,
  `otro_motivo` varchar(255) NOT NULL,
  `activos_bienes_id` int(11) NOT NULL,
  `cat_formas_adquisiciones_id` int(11) DEFAULT NULL,
  `cat_monedas_id` int(11) DEFAULT NULL,
  `cat_motivo_baja_id` int(11) DEFAULT NULL,
  `cat_tipos_inmuebles_id` int(11) DEFAULT NULL,
  `cat_tipos_operaciones_id` int(11) DEFAULT NULL,
  `cat_tipos_titulares_id` int(11) DEFAULT NULL,
  `declaraciones_id` int(11) NOT NULL,
  `domicilios_id` int(11) NOT NULL,
  `observaciones_id` int(11) NOT NULL,
  PRIMARY KEY (`id`),
  KEY `declaracion_bienesin_activos_bienes_id_4ce7b103_fk_declaraci` (`activos_bienes_id`),
  KEY `declaracion_bienesin_cat_formas_adquisici_0f66ea20_fk_declaraci` (`cat_formas_adquisiciones_id`),
  KEY `declaracion_bienesin_cat_monedas_id_74348361_fk_declaraci` (`cat_monedas_id`),
  KEY `declaracion_bienesin_cat_motivo_baja_id_71062e70_fk_declaraci` (`cat_motivo_baja_id`),
  KEY `declaracion_bienesin_cat_tipos_inmuebles__e7713b8e_fk_declaraci` (`cat_tipos_inmuebles_id`),
  KEY `declaracion_bienesin_cat_tipos_operacione_5251e561_fk_declaraci` (`cat_tipos_operaciones_id`),
  KEY `declaracion_bienesin_cat_tipos_titulares__000810d0_fk_declaraci` (`cat_tipos_titulares_id`),
  KEY `declaracion_bienesin_declaraciones_id_d3bd4a00_fk_declaraci` (`declaraciones_id`),
  KEY `declaracion_bienesin_domicilios_id_50855758_fk_declaraci` (`domicilios_id`),
  KEY `declaracion_bienesin_observaciones_id_8deaca1c_fk_declaraci` (`observaciones_id`),
  CONSTRAINT `declaracion_bienesin_activos_bienes_id_4ce7b103_fk_declaraci` FOREIGN KEY (`activos_bienes_id`) REFERENCES `declaracion_activosbienes` (`id`),
  CONSTRAINT `declaracion_bienesin_cat_formas_adquisici_0f66ea20_fk_declaraci` FOREIGN KEY (`cat_formas_adquisiciones_id`) REFERENCES `declaracion_catformasadquisiciones` (`id`),
  CONSTRAINT `declaracion_bienesin_cat_monedas_id_74348361_fk_declaraci` FOREIGN KEY (`cat_monedas_id`) REFERENCES `declaracion_catmonedas` (`id`),
  CONSTRAINT `declaracion_bienesin_cat_motivo_baja_id_71062e70_fk_declaraci` FOREIGN KEY (`cat_motivo_baja_id`) REFERENCES `declaracion_catmotivobaja` (`id`),
  CONSTRAINT `declaracion_bienesin_cat_tipos_inmuebles__e7713b8e_fk_declaraci` FOREIGN KEY (`cat_tipos_inmuebles_id`) REFERENCES `declaracion_cattiposinmuebles` (`id`),
  CONSTRAINT `declaracion_bienesin_cat_tipos_operacione_5251e561_fk_declaraci` FOREIGN KEY (`cat_tipos_operaciones_id`) REFERENCES `declaracion_cattiposoperaciones` (`id`),
  CONSTRAINT `declaracion_bienesin_cat_tipos_titulares__000810d0_fk_declaraci` FOREIGN KEY (`cat_tipos_titulares_id`) REFERENCES `declaracion_cattipostitulares` (`id`),
  CONSTRAINT `declaracion_bienesin_declaraciones_id_d3bd4a00_fk_declaraci` FOREIGN KEY (`declaraciones_id`) REFERENCES `declaracion_declaraciones` (`id`),
  CONSTRAINT `declaracion_bienesin_domicilios_id_50855758_fk_declaraci` FOREIGN KEY (`domicilios_id`) REFERENCES `declaracion_domicilios` (`id`),
  CONSTRAINT `declaracion_bienesin_observaciones_id_8deaca1c_fk_declaraci` FOREIGN KEY (`observaciones_id`) REFERENCES `declaracion_observaciones` (`id`)
) ENGINE=InnoDB AUTO_INCREMENT=20 DEFAULT CHARSET=latin1;
/*!40101 SET character_set_client = @saved_cs_client */;

--
-- Dumping data for table `declaracion_bienesinmuebles`
--

LOCK TABLES `declaracion_bienesinmuebles` WRITE;
/*!40000 ALTER TABLE `declaracion_bienesinmuebles` DISABLE KEYS */;
INSERT INTO `declaracion_bienesinmuebles` VALUES (1,400,'m2',200,'m2','','','28819291029','',NULL,'','2005-11-20','CONTADO',1000000,NULL,'2020-05-02 18:33:47.438649','2020-05-02 18:33:47.438679','ESCRITURA PÚBLICA',NULL,NULL,'',1,1,101,1,1,1,1,1,4,17),(2,70,'m2',60,'m2','','','1231412','',NULL,'','2014-10-20','CRÉDITO',1000000,NULL,'2020-05-02 20:43:54.454971','2020-05-02 20:43:54.455001','ESCRITURA PÚBLICA',NULL,NULL,'',5,1,101,1,1,1,1,3,23,49),(3,250,'m2',485,'m2','','','787278008','',NULL,'','2019-07-11','NO APLICA',NULL,NULL,'2020-05-03 03:53:38.772907','2020-05-03 03:53:38.772922','ESCRITURA PÚBLICA',NULL,NULL,'',9,2,NULL,NULL,1,1,1,2,41,76),(4,7089908,'m2',8778,'m2','','','AS1132312','',NULL,'','1942-04-06','CRÉDITO',6767,NULL,'2020-05-03 20:33:49.087120','2020-05-03 20:33:49.087134','ESCRITURA PÚBLICA',NULL,NULL,'',13,NULL,101,NULL,1,1,1,4,52,91),(5,70,'m2',70,'m2','','','101034567890000','',NULL,'','2017-10-29','CRÉDITO',369046,NULL,'2020-05-05 20:15:33.415104','2020-05-05 21:18:32.931151','CONTRATO',NULL,NULL,'',18,1,101,1,2,1,1,7,76,135),(6,80,'m2',80,'m2','','','113034567890000','',NULL,'','2018-03-19','CRÉDITO',380000,NULL,'2020-05-05 21:56:49.164082','2020-05-05 21:56:49.164097','ESCRITURA PÚBLICA',NULL,NULL,'',21,1,101,1,2,1,1,8,86,152),(7,90,'m2',90,'m2','','','167890455000','',NULL,'','2000-07-10','CRÉDITO',5000000,NULL,'2020-05-05 23:10:58.017899','2020-05-05 23:10:58.017914','ESCRITURA PÚBLICA',NULL,NULL,'',24,1,101,1,1,1,2,9,96,169),(8,200,'m2',140,'m2','','','AS1132312','',NULL,'','2003-03-08','CRÉDITO',0,0,'2020-05-07 17:24:18.483621','2020-05-07 17:24:18.483637','ESCRITURA PÚBLICA',NULL,NULL,'',27,NULL,NULL,NULL,NULL,1,1,12,114,208),(9,110,'m2',140,'m2','','','REG455678ORG113','',NULL,'','2000-10-04','CONTADO',430000,0,'2020-05-07 18:03:46.891714','2020-05-07 18:03:46.891729','CONTRATO',NULL,NULL,'',31,1,101,NULL,1,1,1,6,126,223),(10,70,'m2',70,'m2','','','110034568890000','',NULL,'','2009-03-05','CRÉDITO',0,0,'2020-05-07 18:37:14.116800','2020-05-07 18:37:14.116816','ESCRITURA PÚBLICA',NULL,NULL,'',34,1,NULL,1,1,1,1,10,136,234),(11,500,'m2',500,'m2','','','789544','',NULL,'','2019-10-12','CONTADO',458000,0,'2020-05-07 22:40:17.468260','2020-05-07 22:40:17.468275','CONTRATO',NULL,NULL,'',36,2,101,4,7,1,1,13,149,258),(12,20,'m2',20,'m2','','','AD44555','',NULL,'','2018-02-16','CONTADO',1500,0,'2020-05-12 02:46:49.123646','2020-05-12 03:21:07.481155','CONTRATO',NULL,NULL,'',40,1,101,NULL,1,1,1,11,164,279),(13,100,'m2',100,'m2','','','AS1132312','',NULL,'','1998-10-16','CONTADO',1000,0,'2020-05-15 18:55:24.063664','2020-05-15 18:55:24.063679','ESCRITURA PÚBLICA',NULL,NULL,'',44,1,101,NULL,2,1,1,14,185,310),(14,400,'m2',200,'m2','','','23342','',NULL,'','2000-01-01','CONTADO',1000000,0,'2020-05-15 19:59:35.781345','2020-05-15 19:59:35.781365','ESCRITURA PÚBLICA',NULL,NULL,'',48,NULL,101,NULL,1,1,1,15,206,345),(15,600,'m2',400,'m2','','','213413241','',NULL,'','1973-12-19','CONTADO',5000,0,'2020-05-15 20:37:09.802520','2020-05-15 20:37:09.802536','ESCRITURA PÚBLICA',NULL,NULL,'',52,1,101,1,1,1,1,17,225,373),(16,100,'m2',100,'m2','','','AS1132312','',NULL,'','2000-04-03','CONTADO',100,0,'2020-05-15 20:46:00.315049','2020-05-15 20:46:00.315064','SENTENCIA',NULL,NULL,'',55,1,101,1,NULL,1,1,16,231,382),(17,100,'m2',70,'m2','','','AS1132312','',NULL,'','1980-12-20','CONTADO',110,0,'2020-05-16 02:38:49.559609','2020-05-16 02:38:49.559625','ESCRITURA PÚBLICA',NULL,NULL,'',60,1,101,1,1,1,1,19,253,419),(18,890,'m2',98,'m2','','','AS1132312','',NULL,'','1983-06-20','CONTADO',456,0,'2020-05-16 03:10:00.454753','2020-05-16 03:10:00.454768','ESCRITURA PÚBLICA',NULL,NULL,'',64,3,101,NULL,2,1,1,20,269,443),(19,789,'ha',900,'m2','','','AS1132312','',NULL,'','1978-09-20','CONTADO',3000,0,'2020-05-16 03:33:22.604342','2020-05-16 03:33:22.604377','SENTENCIA',NULL,NULL,'',68,2,101,NULL,1,1,1,21,285,467);
/*!40000 ALTER TABLE `declaracion_bienesinmuebles` ENABLE KEYS */;
UNLOCK TABLES;

--
-- Table structure for table `declaracion_bienesmuebles`
--

DROP TABLE IF EXISTS `declaracion_bienesmuebles`;
/*!40101 SET @saved_cs_client     = @@character_set_client */;
/*!40101 SET character_set_client = utf8 */;
CREATE TABLE `declaracion_bienesmuebles` (
  `id` int(11) NOT NULL AUTO_INCREMENT,
  `otra_operacion` varchar(255) NOT NULL,
  `otro_tipo_mueble` varchar(255) NOT NULL,
  `otro_titular` varchar(255) NOT NULL,
  `otra_forma` varchar(255) NOT NULL,
  `fecha_adquisicion` date DEFAULT NULL,
  `precio_adquisicion` int(11) DEFAULT NULL,
  `created_at` datetime(6) NOT NULL,
  `updated_at` datetime(6) NOT NULL,
  `descripcion_bien` varchar(255) NOT NULL,
  `forma_pago` varchar(255) NOT NULL,
  `activos_bienes_id` int(11) NOT NULL,
  `cat_entidades_federativas_id` int(11) DEFAULT NULL,
  `cat_formas_adquisiciones_id` int(11) DEFAULT NULL,
  `cat_monedas_id` int(11) DEFAULT NULL,
  `cat_motivo_baja_id` int(11) DEFAULT NULL,
  `cat_paises_id` int(11) DEFAULT NULL,
  `cat_tipos_muebles_id` int(11) DEFAULT NULL,
  `cat_tipos_operaciones_id` int(11) DEFAULT NULL,
  `cat_tipos_titulares_id` int(11) DEFAULT NULL,
  `declaraciones_id` int(11) NOT NULL,
  `observaciones_id` int(11) NOT NULL,
  PRIMARY KEY (`id`),
  KEY `declaracion_bienesmu_activos_bienes_id_d26b3ee2_fk_declaraci` (`activos_bienes_id`),
  KEY `declaracion_bienesmu_cat_entidades_federa_eb2a8206_fk_declaraci` (`cat_entidades_federativas_id`),
  KEY `declaracion_bienesmu_cat_formas_adquisici_fcd98d03_fk_declaraci` (`cat_formas_adquisiciones_id`),
  KEY `declaracion_bienesmu_cat_monedas_id_139584b5_fk_declaraci` (`cat_monedas_id`),
  KEY `declaracion_bienesmu_cat_motivo_baja_id_edfecb9a_fk_declaraci` (`cat_motivo_baja_id`),
  KEY `declaracion_bienesmu_cat_paises_id_3a63262a_fk_declaraci` (`cat_paises_id`),
  KEY `declaracion_bienesmu_cat_tipos_muebles_id_80b2d144_fk_declaraci` (`cat_tipos_muebles_id`),
  KEY `declaracion_bienesmu_cat_tipos_operacione_716f92b4_fk_declaraci` (`cat_tipos_operaciones_id`),
  KEY `declaracion_bienesmu_cat_tipos_titulares__8d6bb54f_fk_declaraci` (`cat_tipos_titulares_id`),
  KEY `declaracion_bienesmu_declaraciones_id_4ca011d8_fk_declaraci` (`declaraciones_id`),
  KEY `declaracion_bienesmu_observaciones_id_be05200e_fk_declaraci` (`observaciones_id`),
  CONSTRAINT `declaracion_bienesmu_activos_bienes_id_d26b3ee2_fk_declaraci` FOREIGN KEY (`activos_bienes_id`) REFERENCES `declaracion_activosbienes` (`id`),
  CONSTRAINT `declaracion_bienesmu_cat_entidades_federa_eb2a8206_fk_declaraci` FOREIGN KEY (`cat_entidades_federativas_id`) REFERENCES `declaracion_catentidadesfederativas` (`id`),
  CONSTRAINT `declaracion_bienesmu_cat_formas_adquisici_fcd98d03_fk_declaraci` FOREIGN KEY (`cat_formas_adquisiciones_id`) REFERENCES `declaracion_catformasadquisiciones` (`id`),
  CONSTRAINT `declaracion_bienesmu_cat_monedas_id_139584b5_fk_declaraci` FOREIGN KEY (`cat_monedas_id`) REFERENCES `declaracion_catmonedas` (`id`),
  CONSTRAINT `declaracion_bienesmu_cat_motivo_baja_id_edfecb9a_fk_declaraci` FOREIGN KEY (`cat_motivo_baja_id`) REFERENCES `declaracion_catmotivobaja` (`id`),
  CONSTRAINT `declaracion_bienesmu_cat_paises_id_3a63262a_fk_declaraci` FOREIGN KEY (`cat_paises_id`) REFERENCES `declaracion_catpaises` (`id`),
  CONSTRAINT `declaracion_bienesmu_cat_tipos_muebles_id_80b2d144_fk_declaraci` FOREIGN KEY (`cat_tipos_muebles_id`) REFERENCES `declaracion_cattiposmuebles` (`id`),
  CONSTRAINT `declaracion_bienesmu_cat_tipos_operacione_716f92b4_fk_declaraci` FOREIGN KEY (`cat_tipos_operaciones_id`) REFERENCES `declaracion_cattiposoperaciones` (`id`),
  CONSTRAINT `declaracion_bienesmu_cat_tipos_titulares__8d6bb54f_fk_declaraci` FOREIGN KEY (`cat_tipos_titulares_id`) REFERENCES `declaracion_cattipostitulares` (`id`),
  CONSTRAINT `declaracion_bienesmu_declaraciones_id_4ca011d8_fk_declaraci` FOREIGN KEY (`declaraciones_id`) REFERENCES `declaracion_declaraciones` (`id`),
  CONSTRAINT `declaracion_bienesmu_observaciones_id_be05200e_fk_declaraci` FOREIGN KEY (`observaciones_id`) REFERENCES `declaracion_observaciones` (`id`)
) ENGINE=InnoDB AUTO_INCREMENT=22 DEFAULT CHARSET=latin1;
/*!40101 SET character_set_client = @saved_cs_client */;

--
-- Dumping data for table `declaracion_bienesmuebles`
--

LOCK TABLES `declaracion_bienesmuebles` WRITE;
/*!40000 ALTER TABLE `declaracion_bienesmuebles` DISABLE KEYS */;
INSERT INTO `declaracion_bienesmuebles` VALUES (1,'','','','','2015-11-10',2300,'2020-05-02 18:38:03.370652','2020-05-02 18:38:03.370693','batidora de lujo','CONTADO',3,NULL,1,101,1,NULL,5,1,1,1,19),(2,'','','','','2006-02-17',10000,'2020-05-02 20:48:06.868594','2020-05-02 20:48:06.868610','Anillo de bodas','CRÉDITO',7,NULL,1,101,1,NULL,6,1,1,3,51),(3,'','','','','2018-07-20',52000,'2020-05-03 03:57:04.135939','2020-05-03 04:26:53.182124','Pintura francesa','CRÉDITO',11,NULL,4,101,NULL,NULL,8,1,7,2,78),(4,'','','','','1959-02-18',8980,'2020-05-03 20:36:09.583317','2020-05-03 20:36:09.583333','hjkkjkj','CRÉDITO',15,NULL,1,101,NULL,NULL,4,1,1,4,93),(5,'','','','','2015-10-14',6000,'2020-05-05 19:18:04.317956','2020-05-07 18:09:23.399612','REFRIGERADOR','CONTADO',17,NULL,1,101,NULL,NULL,NULL,1,1,6,122),(6,'','','','','2018-08-10',20000,'2020-05-05 20:27:18.153877','2020-05-05 21:19:03.960957','REFRIGERADOR, LAVADORA, TELEVISIÓN','CRÉDITO',20,NULL,1,101,1,NULL,4,1,1,7,137),(7,'','','','','2017-08-29',200000,'2020-05-05 22:06:13.948572','2020-05-05 22:06:13.948589','REFRIGERADOR, LAVADORA, TELEVISIÓN','CRÉDITO',23,NULL,1,101,1,NULL,5,1,1,8,154),(8,'','','','','2017-05-02',30000,'2020-05-05 23:13:22.588616','2020-05-05 23:13:22.588632','REFRIGERADOR, LAVADORA, TELEVISIÓN, SILLON','CRÉDITO',25,NULL,1,101,2,NULL,4,1,2,9,170),(9,'','','','','2016-08-29',15000,'2020-05-05 23:42:00.922965','2020-05-05 23:42:00.922981','TELEVISIÓN','CRÉDITO',26,NULL,1,101,2,NULL,5,1,1,10,185),(10,'','','','','1988-10-22',0,'2020-05-07 17:30:02.511170','2020-05-07 17:30:02.678194','','CONTADO',29,NULL,1,101,NULL,NULL,5,1,1,12,210),(11,'','','','','2012-09-12',1500,'2020-05-07 22:43:47.014454','2020-05-07 22:44:07.325321','Figuras de accion primera edición plus','CONTADO',38,NULL,4,101,NULL,NULL,7,1,1,13,260),(12,'','','','','2019-07-18',58000,'2020-05-12 03:22:57.889217','2020-05-12 03:22:57.889232','Pintura francesa','CONTADO',42,NULL,1,101,NULL,NULL,4,1,1,11,281),(15,'','','','','2017-02-03',1000,'2020-05-15 19:06:32.846247','2020-05-15 19:14:50.468328','','CONTADO',46,NULL,1,101,NULL,NULL,5,1,1,14,316),(16,'','','','','2019-11-18',440,'2020-05-15 20:02:37.851808','2020-05-15 20:02:37.851823','batidora de lujo','CONTADO',50,NULL,1,101,1,NULL,4,1,1,15,348),(17,'','','','','2011-01-02',12312,'2020-05-15 20:39:56.594059','2020-05-15 20:39:56.594075','No me acuerdo','CONTADO',54,NULL,1,101,1,NULL,4,1,1,17,376),(18,'','','','','1999-05-16',100,'2020-05-15 20:49:42.740457','2020-05-15 20:49:42.740472','kjljklas','CONTADO',58,NULL,1,101,1,NULL,5,1,1,16,389),(19,'','','','','1960-08-18',100,'2020-05-16 02:42:26.808292','2020-05-16 02:42:26.808323','KLÑSAñlk klklñA Ñ SÑLKAKLÑ','CONTADO',62,NULL,2,101,1,NULL,5,1,NULL,19,421),(20,'','','','','2013-09-14',200,'2020-05-16 03:13:27.342426','2020-05-16 03:13:27.342454','kjljklas','CONTADO',66,NULL,2,101,1,NULL,NULL,1,7,20,445),(21,'','','','','2019-05-21',2000,'2020-05-16 03:35:52.877658','2020-05-16 03:35:52.877674','hjkkjkj','CONTADO',70,NULL,1,101,1,NULL,NULL,1,4,21,469);
/*!40000 ALTER TABLE `declaracion_bienesmuebles` ENABLE KEYS */;
UNLOCK TABLES;

--
-- Table structure for table `declaracion_bienespersonas`
--

DROP TABLE IF EXISTS `declaracion_bienespersonas`;
/*!40101 SET @saved_cs_client     = @@character_set_client */;
/*!40101 SET character_set_client = utf8 */;
CREATE TABLE `declaracion_bienespersonas` (
  `id` int(11) NOT NULL AUTO_INCREMENT,
  `porcentaje` int(11) DEFAULT NULL,
  `es_propietario` tinyint(1) DEFAULT NULL,
  `precio_adquision` int(11) DEFAULT NULL,
  `el_adquirio` tinyint(1) DEFAULT NULL,
  `created_at` datetime(6) NOT NULL,
  `updated_at` datetime(6) NOT NULL,
  `otra_relacion` varchar(255) DEFAULT NULL,
  `otra_relacion_familiar` varchar(255) NOT NULL,
  `activos_bienes_id` int(11) NOT NULL,
  `cat_tipo_participacion_id` int(11) NOT NULL,
  `info_personal_var_id` int(11) NOT NULL,
  `otra_persona_id` int(11) DEFAULT NULL,
  `tipo_relacion_id` int(11) DEFAULT NULL,
  PRIMARY KEY (`id`),
  KEY `declaracion_bienespe_activos_bienes_id_50697569_fk_declaraci` (`activos_bienes_id`),
  KEY `declaracion_bienespe_cat_tipo_participaci_51722f94_fk_declaraci` (`cat_tipo_participacion_id`),
  KEY `declaracion_bienespe_info_personal_var_id_5e966265_fk_declaraci` (`info_personal_var_id`),
  KEY `declaracion_bienespe_otra_persona_id_6a48ced9_fk_declaraci` (`otra_persona_id`),
  KEY `declaracion_bienespe_tipo_relacion_id_5daea845_fk_declaraci` (`tipo_relacion_id`),
  CONSTRAINT `declaracion_bienespe_activos_bienes_id_50697569_fk_declaraci` FOREIGN KEY (`activos_bienes_id`) REFERENCES `declaracion_activosbienes` (`id`),
  CONSTRAINT `declaracion_bienespe_cat_tipo_participaci_51722f94_fk_declaraci` FOREIGN KEY (`cat_tipo_participacion_id`) REFERENCES `declaracion_cattipoparticipacion` (`id`),
  CONSTRAINT `declaracion_bienespe_info_personal_var_id_5e966265_fk_declaraci` FOREIGN KEY (`info_personal_var_id`) REFERENCES `declaracion_infopersonalvar` (`id`),
  CONSTRAINT `declaracion_bienespe_otra_persona_id_6a48ced9_fk_declaraci` FOREIGN KEY (`otra_persona_id`) REFERENCES `declaracion_infopersonalvar` (`id`),
  CONSTRAINT `declaracion_bienespe_tipo_relacion_id_5daea845_fk_declaraci` FOREIGN KEY (`tipo_relacion_id`) REFERENCES `declaracion_cattiposrelacionespersonales` (`id`)
) ENGINE=InnoDB AUTO_INCREMENT=241 DEFAULT CHARSET=latin1;
/*!40101 SET character_set_client = @saved_cs_client */;

--
-- Dumping data for table `declaracion_bienespersonas`
--

LOCK TABLES `declaracion_bienespersonas` WRITE;
/*!40000 ALTER TABLE `declaracion_bienespersonas` DISABLE KEYS */;
INSERT INTO `declaracion_bienespersonas` VALUES (1,70,NULL,NULL,NULL,'2020-05-02 18:33:47.538743','2020-05-02 18:33:47.538759',NULL,'',1,7,1,NULL,23),(2,100,NULL,NULL,NULL,'2020-05-02 18:33:47.565592','2020-05-02 18:33:47.565609',NULL,'',1,9,1,4,NULL),(3,100,NULL,NULL,NULL,'2020-05-02 18:33:47.615478','2020-05-02 18:33:47.615495',NULL,'',1,8,1,3,NULL),(4,NULL,NULL,NULL,NULL,'2020-05-02 18:35:55.733528','2020-05-02 18:35:55.733560',NULL,'',2,7,1,NULL,24),(5,NULL,NULL,NULL,NULL,'2020-05-02 18:35:55.785315','2020-05-02 18:35:55.785333',NULL,'',2,9,1,6,NULL),(6,NULL,NULL,NULL,NULL,'2020-05-02 18:35:55.835672','2020-05-02 18:35:55.835690',NULL,'',2,8,1,5,NULL),(7,NULL,NULL,NULL,NULL,'2020-05-02 18:38:03.470794','2020-05-02 18:38:03.470811',NULL,'',3,7,1,NULL,16),(8,NULL,NULL,NULL,NULL,'2020-05-02 18:38:03.505660','2020-05-02 18:38:03.505678',NULL,'',3,9,1,7,NULL),(9,NULL,NULL,NULL,NULL,'2020-05-02 18:38:03.555895','2020-05-02 18:38:03.555913',NULL,'',3,8,1,8,NULL),(10,NULL,NULL,NULL,NULL,'2020-05-02 18:51:46.096365','2020-05-02 18:51:46.096414',NULL,'',4,7,1,NULL,NULL),(11,NULL,NULL,NULL,NULL,'2020-05-02 18:51:46.121446','2020-05-02 18:51:46.121464',NULL,'',4,4,1,16,NULL),(12,NULL,NULL,NULL,NULL,'2020-05-02 18:51:46.196703','2020-05-02 18:51:46.196721',NULL,'',4,3,1,17,NULL),(13,NULL,NULL,NULL,NULL,'2020-05-02 18:51:46.246644','2020-05-02 18:51:46.246662',NULL,'',4,5,1,18,NULL),(14,100,NULL,NULL,NULL,'2020-05-02 20:43:54.555129','2020-05-02 20:43:54.555145',NULL,'',5,7,21,NULL,3),(15,100,NULL,NULL,NULL,'2020-05-02 20:43:54.581922','2020-05-02 20:43:54.581938',NULL,'',5,9,21,25,NULL),(16,100,NULL,NULL,NULL,'2020-05-02 20:43:54.656872','2020-05-02 20:43:54.656889',NULL,'',5,8,21,24,NULL),(17,NULL,NULL,NULL,NULL,'2020-05-02 20:46:22.924568','2020-05-02 20:46:22.924585',NULL,'',6,7,21,NULL,18),(18,NULL,NULL,NULL,NULL,'2020-05-02 20:46:22.951256','2020-05-02 20:46:22.951273',NULL,'',6,9,21,27,NULL),(19,NULL,NULL,NULL,NULL,'2020-05-02 20:46:23.026201','2020-05-02 20:46:23.026218',NULL,'',6,8,21,26,NULL),(20,NULL,NULL,NULL,NULL,'2020-05-02 20:48:07.077152','2020-05-02 20:48:07.077168',NULL,'',7,7,21,NULL,3),(21,NULL,NULL,NULL,NULL,'2020-05-02 20:48:07.129851','2020-05-02 20:48:07.129868',NULL,'',7,9,21,28,NULL),(22,NULL,NULL,NULL,NULL,'2020-05-02 20:48:07.178933','2020-05-02 20:48:07.178950',NULL,'',7,8,21,29,NULL),(23,NULL,NULL,NULL,NULL,'2020-05-02 21:00:09.133973','2020-05-02 21:00:09.133990',NULL,'',8,7,21,NULL,NULL),(24,NULL,NULL,NULL,NULL,'2020-05-02 21:00:09.159085','2020-05-02 21:00:09.159103',NULL,'',8,4,21,37,NULL),(25,NULL,NULL,NULL,NULL,'2020-05-02 21:00:09.184167','2020-05-02 21:00:09.184185',NULL,'',8,3,21,38,NULL),(26,NULL,NULL,NULL,NULL,'2020-05-02 21:00:09.234729','2020-05-02 21:00:09.234748',NULL,'',8,5,21,39,NULL),(27,100,NULL,NULL,NULL,'2020-05-03 03:53:38.856300','2020-05-03 03:53:38.856316',NULL,'',9,7,19,NULL,20),(28,100,NULL,NULL,NULL,'2020-05-03 03:53:38.874544','2020-05-03 03:53:38.874562',NULL,'',9,9,19,45,NULL),(29,100,NULL,NULL,NULL,'2020-05-03 03:53:38.891185','2020-05-03 03:53:38.891202',NULL,'',9,8,19,44,NULL),(30,NULL,NULL,NULL,NULL,'2020-05-03 03:55:01.634311','2020-05-03 03:55:01.634329',NULL,'',10,7,19,NULL,13),(31,NULL,NULL,NULL,NULL,'2020-05-03 03:55:01.677803','2020-05-03 03:55:01.677820',NULL,'',10,9,19,47,NULL),(32,NULL,NULL,NULL,NULL,'2020-05-03 03:55:01.740936','2020-05-03 03:55:01.740954',NULL,'',10,8,19,46,NULL),(33,NULL,NULL,NULL,NULL,'2020-05-03 03:57:04.219475','2020-05-03 04:26:53.282295',NULL,'',11,7,19,NULL,29),(34,NULL,NULL,NULL,NULL,'2020-05-03 03:57:04.246088','2020-05-03 04:26:53.308704',NULL,'',11,9,19,48,NULL),(35,NULL,NULL,NULL,NULL,'2020-05-03 03:57:04.296169','2020-05-03 04:26:53.333791',NULL,'',11,8,19,49,NULL),(36,NULL,NULL,NULL,NULL,'2020-05-03 04:38:32.364453','2020-05-03 04:38:32.364471',NULL,'',12,7,19,NULL,NULL),(37,NULL,NULL,NULL,NULL,'2020-05-03 04:38:32.415289','2020-05-03 04:38:32.415306',NULL,'',12,4,19,57,NULL),(38,NULL,NULL,NULL,NULL,'2020-05-03 04:38:32.489782','2020-05-03 04:38:32.489800',NULL,'',12,3,19,58,NULL),(39,NULL,NULL,NULL,NULL,'2020-05-03 04:38:32.514782','2020-05-03 04:38:32.514799',NULL,'',12,5,19,59,NULL),(40,100,NULL,NULL,NULL,'2020-05-03 20:33:49.137123','2020-05-03 20:33:49.137139',NULL,'',13,7,41,NULL,NULL),(41,100,NULL,NULL,NULL,'2020-05-03 20:33:49.163848','2020-05-03 20:33:49.163865',NULL,'',13,9,41,61,NULL),(42,100,NULL,NULL,NULL,'2020-05-03 20:33:49.188769','2020-05-03 20:33:49.188785',NULL,'',13,8,41,60,NULL),(43,NULL,NULL,NULL,NULL,'2020-05-03 20:35:14.306329','2020-05-03 20:35:14.306346',NULL,'',14,7,41,NULL,29),(44,NULL,NULL,NULL,NULL,'2020-05-03 20:35:14.341254','2020-05-03 20:35:14.341271',NULL,'',14,9,41,63,NULL),(45,NULL,NULL,NULL,NULL,'2020-05-03 20:35:14.374634','2020-05-03 20:35:14.374650',NULL,'',14,8,41,62,NULL),(46,NULL,NULL,NULL,NULL,'2020-05-03 20:36:09.638870','2020-05-03 20:36:09.638887',NULL,'',15,7,41,NULL,NULL),(47,NULL,NULL,NULL,NULL,'2020-05-03 20:36:09.657136','2020-05-03 20:36:09.657153',NULL,'',15,9,41,64,NULL),(48,NULL,NULL,NULL,NULL,'2020-05-03 20:36:09.682133','2020-05-03 20:36:09.682151',NULL,'',15,8,41,65,NULL),(49,NULL,NULL,NULL,NULL,'2020-05-04 01:34:41.891968','2020-05-04 01:34:41.891984',NULL,'',16,7,41,NULL,NULL),(50,NULL,NULL,NULL,NULL,'2020-05-04 01:34:41.917185','2020-05-04 01:34:41.917202',NULL,'',16,4,41,73,NULL),(51,NULL,NULL,NULL,NULL,'2020-05-04 01:34:41.942214','2020-05-04 01:34:41.942230',NULL,'',16,3,41,74,NULL),(52,NULL,NULL,NULL,NULL,'2020-05-04 01:34:41.975632','2020-05-04 01:34:41.975650',NULL,'',16,5,41,75,NULL),(53,NULL,NULL,NULL,NULL,'2020-05-05 19:18:04.393073','2020-05-07 18:09:23.466459',NULL,'',17,7,78,NULL,29),(54,NULL,NULL,NULL,NULL,'2020-05-05 19:18:04.419921','2020-05-07 18:09:23.484543',NULL,'',17,9,78,81,NULL),(55,NULL,NULL,NULL,NULL,'2020-05-05 19:18:04.444861','2020-05-07 18:09:23.501194',NULL,'',17,8,78,82,NULL),(56,100,NULL,NULL,NULL,'2020-05-05 20:15:33.465174','2020-05-05 21:18:32.981204',NULL,'',18,7,85,NULL,29),(57,100,NULL,NULL,NULL,'2020-05-05 20:15:33.491992','2020-05-05 21:18:33.007674',NULL,'',18,9,85,88,NULL),(58,100,NULL,NULL,NULL,'2020-05-05 20:15:33.508525','2020-05-05 21:18:33.032719',NULL,'',18,8,85,87,NULL),(59,NULL,NULL,NULL,NULL,'2020-05-05 20:24:03.766536','2020-05-05 21:18:48.117101',NULL,'',19,7,85,NULL,29),(60,NULL,NULL,NULL,NULL,'2020-05-05 20:24:03.793270','2020-05-05 21:18:48.143533',NULL,'',19,9,85,90,NULL),(61,NULL,NULL,NULL,NULL,'2020-05-05 20:24:03.868290','2020-05-05 21:18:48.168533',NULL,'',19,8,85,89,NULL),(62,NULL,NULL,NULL,NULL,'2020-05-05 20:27:18.254008','2020-05-05 21:19:04.011003',NULL,'',20,7,85,NULL,29),(63,NULL,NULL,NULL,NULL,'2020-05-05 20:27:18.272278','2020-05-05 21:19:04.037386',NULL,'',20,9,85,91,NULL),(64,NULL,NULL,NULL,NULL,'2020-05-05 20:27:18.314088','2020-05-05 21:19:04.054036',NULL,'',20,8,85,92,NULL),(65,100,NULL,NULL,NULL,'2020-05-05 21:56:49.280884','2020-05-05 21:56:49.280900',NULL,'',21,7,97,NULL,29),(66,100,NULL,NULL,NULL,'2020-05-05 21:56:49.299401','2020-05-05 21:56:49.299418',NULL,'',21,9,97,100,NULL),(67,100,NULL,NULL,NULL,'2020-05-05 21:56:49.349234','2020-05-05 21:56:49.349252',NULL,'',21,8,97,99,NULL),(68,NULL,NULL,NULL,NULL,'2020-05-05 22:02:50.982621','2020-05-05 22:02:50.982637',NULL,'',22,7,97,NULL,NULL),(69,NULL,NULL,NULL,NULL,'2020-05-05 22:02:51.009439','2020-05-05 22:02:51.009456',NULL,'',22,9,97,102,NULL),(70,NULL,NULL,NULL,NULL,'2020-05-05 22:02:51.059229','2020-05-05 22:02:51.059246',NULL,'',22,8,97,101,NULL),(71,NULL,NULL,NULL,NULL,'2020-05-05 22:06:14.048654','2020-05-05 22:06:14.048672',NULL,'',23,7,97,NULL,29),(72,NULL,NULL,NULL,NULL,'2020-05-05 22:06:14.075495','2020-05-05 22:06:14.075513',NULL,'',23,9,97,103,NULL),(73,NULL,NULL,NULL,NULL,'2020-05-05 22:06:14.100340','2020-05-05 22:06:14.100364',NULL,'',23,8,97,104,NULL),(74,50,NULL,NULL,NULL,'2020-05-05 23:10:58.051305','2020-05-05 23:10:58.051322',NULL,'',24,7,109,NULL,29),(75,100,NULL,NULL,NULL,'2020-05-05 23:10:58.069882','2020-05-05 23:10:58.069900',NULL,'',24,9,109,112,NULL),(76,100,NULL,NULL,NULL,'2020-05-05 23:10:58.119716','2020-05-05 23:10:58.119738',NULL,'',24,8,109,111,NULL),(77,NULL,NULL,NULL,NULL,'2020-05-05 23:13:22.638677','2020-05-05 23:13:22.638694',NULL,'',25,7,109,NULL,29),(78,NULL,NULL,NULL,NULL,'2020-05-05 23:13:22.665383','2020-05-05 23:13:22.665401',NULL,'',25,9,109,113,NULL),(79,NULL,NULL,NULL,NULL,'2020-05-05 23:13:22.690381','2020-05-05 23:13:22.690400',NULL,'',25,8,109,114,NULL),(80,NULL,NULL,NULL,NULL,'2020-05-05 23:42:01.023135','2020-05-05 23:42:01.023151',NULL,'',26,7,119,NULL,29),(81,NULL,NULL,NULL,NULL,'2020-05-05 23:42:01.049942','2020-05-05 23:42:01.049958',NULL,'',26,9,119,121,NULL),(82,NULL,NULL,NULL,NULL,'2020-05-05 23:42:01.074723','2020-05-05 23:42:01.074740',NULL,'',26,8,119,122,NULL),(83,100,NULL,0,NULL,'2020-05-07 17:24:18.533657','2020-05-07 17:24:18.533674',NULL,'',27,7,127,NULL,29),(84,100,NULL,0,NULL,'2020-05-07 17:24:18.560328','2020-05-07 17:24:18.560346',NULL,'',27,9,127,131,NULL),(85,100,NULL,0,NULL,'2020-05-07 17:24:18.585193','2020-05-07 17:24:18.585210',NULL,'',27,8,127,130,NULL),(86,0,NULL,0,NULL,'2020-05-07 17:28:17.605900','2020-05-07 17:28:28.961094',NULL,'',28,7,127,NULL,29),(87,0,NULL,0,NULL,'2020-05-07 17:28:17.632665','2020-05-07 17:28:28.987581',NULL,'',28,9,127,133,NULL),(88,0,NULL,0,NULL,'2020-05-07 17:28:17.657541','2020-05-07 17:28:29.012591',NULL,'',28,8,127,132,NULL),(89,0,NULL,0,NULL,'2020-05-07 17:30:02.544597','2020-05-07 17:30:02.544615',NULL,'',29,7,127,NULL,29),(90,0,NULL,0,NULL,'2020-05-07 17:30:02.562814','2020-05-07 17:30:02.562832',NULL,'',29,9,127,134,NULL),(91,0,NULL,0,NULL,'2020-05-07 17:30:02.629569','2020-05-07 17:30:02.629587',NULL,'',29,8,127,135,NULL),(92,0,NULL,0,NULL,'2020-05-07 17:30:02.761767','2020-05-07 17:30:02.761785',NULL,'',29,7,127,NULL,29),(93,0,NULL,0,NULL,'2020-05-07 17:30:02.796764','2020-05-07 17:30:02.796781',NULL,'',29,9,127,136,NULL),(94,0,NULL,0,NULL,'2020-05-07 17:30:02.830162','2020-05-07 17:30:02.830181',NULL,'',29,8,127,137,NULL),(95,NULL,NULL,0,NULL,'2020-05-07 17:52:16.061533','2020-05-07 17:52:16.061551',NULL,'',30,7,127,NULL,NULL),(96,0,NULL,0,NULL,'2020-05-07 17:52:16.086640','2020-05-07 17:52:16.086657',NULL,'',30,4,127,146,NULL),(97,0,NULL,0,NULL,'2020-05-07 17:52:16.111684','2020-05-07 17:52:16.111702',NULL,'',30,3,127,147,NULL),(98,0,NULL,0,NULL,'2020-05-07 17:52:16.136755','2020-05-07 17:52:16.136773',NULL,'',30,5,127,148,NULL),(99,100,NULL,0,NULL,'2020-05-07 18:03:46.975130','2020-05-07 18:03:46.975147',NULL,'',31,7,78,NULL,29),(100,100,NULL,0,NULL,'2020-05-07 18:03:47.017006','2020-05-07 18:03:47.017023',NULL,'',31,9,78,150,NULL),(101,100,NULL,0,NULL,'2020-05-07 18:03:47.043482','2020-05-07 18:03:47.043499',NULL,'',31,8,78,149,NULL),(102,0,NULL,0,NULL,'2020-05-07 18:08:36.234097','2020-05-07 18:08:36.234128',NULL,'',32,7,78,NULL,29),(103,0,NULL,0,NULL,'2020-05-07 18:08:36.277644','2020-05-07 18:08:36.277662',NULL,'',32,9,78,152,NULL),(104,0,NULL,0,NULL,'2020-05-07 18:08:36.330169','2020-05-07 18:08:36.330186',NULL,'',32,8,78,151,NULL),(105,NULL,NULL,0,NULL,'2020-05-07 18:37:00.707367','2020-05-07 18:37:00.707384',NULL,'',33,7,78,NULL,NULL),(106,0,NULL,0,NULL,'2020-05-07 18:37:00.732423','2020-05-07 18:37:00.732440',NULL,'',33,4,78,159,NULL),(107,0,NULL,0,NULL,'2020-05-07 18:37:00.757456','2020-05-07 18:37:00.757473',NULL,'',33,3,78,160,NULL),(108,0,NULL,0,NULL,'2020-05-07 18:37:00.782497','2020-05-07 18:37:00.782514',NULL,'',33,5,78,161,NULL),(109,100,NULL,0,NULL,'2020-05-07 18:37:14.166810','2020-05-07 18:37:14.166826',NULL,'',34,7,119,NULL,29),(110,100,NULL,0,NULL,'2020-05-07 18:37:14.193762','2020-05-07 18:37:14.193779',NULL,'',34,9,119,163,NULL),(111,100,NULL,0,NULL,'2020-05-07 18:37:14.218627','2020-05-07 18:37:14.218644',NULL,'',34,8,119,162,NULL),(112,0,NULL,0,NULL,'2020-05-07 18:40:24.421540','2020-05-07 18:40:24.421557',NULL,'',35,7,119,NULL,29),(113,0,NULL,0,NULL,'2020-05-07 18:40:24.448170','2020-05-07 18:40:24.448187',NULL,'',35,9,119,165,NULL),(114,0,NULL,0,NULL,'2020-05-07 18:40:24.464772','2020-05-07 18:40:24.464789',NULL,'',35,8,119,164,NULL),(115,50,NULL,0,NULL,'2020-05-07 22:40:17.501643','2020-05-07 22:40:17.501659',NULL,'',36,7,170,NULL,29),(116,100,NULL,0,NULL,'2020-05-07 22:40:17.519944','2020-05-07 22:40:17.519962',NULL,'',36,9,170,177,NULL),(117,100,NULL,0,NULL,'2020-05-07 22:40:17.544875','2020-05-07 22:40:17.544893',NULL,'',36,8,170,176,NULL),(118,0,NULL,0,NULL,'2020-05-07 22:41:57.568750','2020-05-07 22:41:57.568767',NULL,'',37,7,170,NULL,29),(119,0,NULL,0,NULL,'2020-05-07 22:41:57.603711','2020-05-07 22:41:57.603729',NULL,'',37,9,170,179,NULL),(120,0,NULL,0,NULL,'2020-05-07 22:41:57.628676','2020-05-07 22:41:57.628694',NULL,'',37,8,170,178,NULL),(121,0,NULL,0,NULL,'2020-05-07 22:43:47.114583','2020-05-07 22:44:07.358681',NULL,'',38,7,170,NULL,29),(122,0,NULL,0,NULL,'2020-05-07 22:43:47.141149','2020-05-07 22:44:07.380176',NULL,'',38,9,170,180,NULL),(123,0,NULL,0,NULL,'2020-05-07 22:43:47.157863','2020-05-07 22:44:07.410101',NULL,'',38,8,170,181,NULL),(124,NULL,NULL,0,NULL,'2020-05-07 22:59:06.922307','2020-05-07 22:59:06.922324',NULL,'',39,7,170,NULL,NULL),(125,0,NULL,0,NULL,'2020-05-07 22:59:06.955802','2020-05-07 22:59:06.955820',NULL,'',39,4,170,189,NULL),(126,0,NULL,0,NULL,'2020-05-07 22:59:06.989102','2020-05-07 22:59:06.989120',NULL,'',39,3,170,190,NULL),(127,0,NULL,0,NULL,'2020-05-07 22:59:07.005806','2020-05-07 22:59:07.005824',NULL,'',39,5,170,191,NULL),(128,100,NULL,0,NULL,'2020-05-12 02:46:49.157020','2020-05-12 03:21:07.531210',NULL,'',40,7,126,NULL,3),(129,100,NULL,0,NULL,'2020-05-12 02:46:49.175482','2020-05-12 03:21:07.557727',NULL,'',40,9,126,195,NULL),(130,100,NULL,0,NULL,'2020-05-12 02:46:49.200256','2020-05-12 03:21:07.582658',NULL,'',40,8,126,194,NULL),(131,0,NULL,0,NULL,'2020-05-12 03:22:02.421941','2020-05-12 03:22:02.421958',NULL,'',41,7,126,NULL,NULL),(132,0,NULL,0,NULL,'2020-05-12 03:22:02.448531','2020-05-12 03:22:02.448548',NULL,'',41,9,126,197,NULL),(133,0,NULL,0,NULL,'2020-05-12 03:22:02.523589','2020-05-12 03:22:02.523605',NULL,'',41,8,126,196,NULL),(134,0,NULL,0,NULL,'2020-05-12 03:22:57.922610','2020-05-12 03:22:57.922626',NULL,'',42,7,126,NULL,3),(135,0,NULL,0,NULL,'2020-05-12 03:22:57.941013','2020-05-12 03:22:57.941030',NULL,'',42,9,126,198,NULL),(136,0,NULL,0,NULL,'2020-05-12 03:22:57.965998','2020-05-12 03:22:57.966015',NULL,'',42,8,126,199,NULL),(137,NULL,NULL,0,NULL,'2020-05-12 03:27:10.732500','2020-05-12 03:27:10.732518',NULL,'',43,7,126,NULL,NULL),(138,0,NULL,0,NULL,'2020-05-12 03:27:10.757758','2020-05-12 03:27:10.757781',NULL,'',43,4,126,201,NULL),(139,0,NULL,0,NULL,'2020-05-12 03:27:10.782479','2020-05-12 03:27:10.782497',NULL,'',43,3,126,202,NULL),(140,0,NULL,0,NULL,'2020-05-12 03:27:10.807552','2020-05-12 03:27:10.807569',NULL,'',43,5,126,203,NULL),(141,100,NULL,0,NULL,'2020-05-15 18:55:24.113682','2020-05-15 18:55:24.113698',NULL,'',44,7,210,NULL,18),(142,100,NULL,0,NULL,'2020-05-15 18:55:24.140480','2020-05-15 18:55:24.140497',NULL,'',44,9,210,214,NULL),(143,100,NULL,0,NULL,'2020-05-15 18:55:24.165442','2020-05-15 18:55:24.165458',NULL,'',44,8,210,213,NULL),(144,0,NULL,0,NULL,'2020-05-15 18:57:26.472265','2020-05-15 19:14:01.215220',NULL,'',45,7,210,NULL,29),(145,0,NULL,0,NULL,'2020-05-15 18:57:26.499160','2020-05-15 19:14:01.249979',NULL,'',45,9,210,216,NULL),(146,0,NULL,0,NULL,'2020-05-15 18:57:26.515800','2020-05-15 19:14:01.299949',NULL,'',45,8,210,215,NULL),(147,0,NULL,0,NULL,'2020-05-15 18:59:20.280028','2020-05-15 19:14:50.517834',NULL,'',46,7,210,NULL,18),(148,0,NULL,0,NULL,'2020-05-15 18:59:20.306761','2020-05-15 19:14:50.564693',NULL,'',46,9,210,217,NULL),(149,0,NULL,0,NULL,'2020-05-15 18:59:20.331791','2020-05-15 19:14:50.627730',NULL,'',46,8,210,218,NULL),(150,0,NULL,0,NULL,'2020-05-15 19:03:51.624699','2020-05-15 19:03:51.624716',NULL,'',46,7,210,NULL,23),(151,0,NULL,0,NULL,'2020-05-15 19:03:51.644570','2020-05-15 19:03:51.644591',NULL,'',46,9,210,219,NULL),(152,0,NULL,0,NULL,'2020-05-15 19:03:51.667955','2020-05-15 19:03:51.667975',NULL,'',46,8,210,220,NULL),(153,0,NULL,0,NULL,'2020-05-15 19:06:07.249774','2020-05-15 19:06:07.249792',NULL,'',45,7,210,NULL,18),(154,0,NULL,0,NULL,'2020-05-15 19:06:07.276486','2020-05-15 19:06:07.276503',NULL,'',45,9,210,223,NULL),(155,0,NULL,0,NULL,'2020-05-15 19:06:07.301509','2020-05-15 19:06:07.301526',NULL,'',45,8,210,222,NULL),(156,0,NULL,0,NULL,'2020-05-15 19:06:32.991097','2020-05-15 19:06:32.991114',NULL,'',46,7,210,NULL,18),(157,0,NULL,0,NULL,'2020-05-15 19:06:33.006371','2020-05-15 19:06:33.006388',NULL,'',46,9,210,224,NULL),(158,0,NULL,0,NULL,'2020-05-15 19:06:33.022811','2020-05-15 19:06:33.022828',NULL,'',46,8,210,225,NULL),(159,NULL,NULL,0,NULL,'2020-05-15 19:36:19.984577','2020-05-15 19:36:19.984595',NULL,'',47,7,210,NULL,NULL),(160,0,NULL,0,NULL,'2020-05-15 19:36:20.034970','2020-05-15 19:36:20.034988',NULL,'',47,4,210,234,NULL),(161,0,NULL,0,NULL,'2020-05-15 19:36:20.102093','2020-05-15 19:36:20.102117',NULL,'',47,3,210,235,NULL),(162,0,NULL,0,NULL,'2020-05-15 19:36:20.126724','2020-05-15 19:36:20.126741',NULL,'',47,5,210,236,NULL),(163,40,NULL,0,NULL,'2020-05-15 19:59:35.814699','2020-05-15 19:59:35.814715',NULL,'',48,7,237,NULL,3),(164,100,NULL,0,NULL,'2020-05-15 19:59:35.833048','2020-05-15 19:59:35.833066',NULL,'',48,9,237,242,NULL),(165,100,NULL,0,NULL,'2020-05-15 19:59:35.857849','2020-05-15 19:59:35.857866',NULL,'',48,8,237,241,NULL),(166,0,NULL,0,NULL,'2020-05-15 20:01:28.496159','2020-05-15 20:01:28.496175',NULL,'',49,7,237,NULL,3),(167,0,NULL,0,NULL,'2020-05-15 20:01:28.522855','2020-05-15 20:01:28.522872',NULL,'',49,9,237,244,NULL),(168,0,NULL,0,NULL,'2020-05-15 20:01:28.547908','2020-05-15 20:01:28.547925',NULL,'',49,8,237,243,NULL),(169,0,NULL,0,NULL,'2020-05-15 20:02:37.901837','2020-05-15 20:02:37.901854',NULL,'',50,7,237,NULL,3),(170,0,NULL,0,NULL,'2020-05-15 20:02:37.928500','2020-05-15 20:02:37.928517',NULL,'',50,9,237,245,NULL),(171,0,NULL,0,NULL,'2020-05-15 20:02:37.978453','2020-05-15 20:02:37.978471',NULL,'',50,8,237,246,NULL),(172,NULL,NULL,0,NULL,'2020-05-15 20:14:03.102305','2020-05-15 20:14:03.102323',NULL,'',51,7,237,NULL,NULL),(173,0,NULL,0,NULL,'2020-05-15 20:14:03.119114','2020-05-15 20:14:03.119131',NULL,'',51,4,237,256,NULL),(174,0,NULL,0,NULL,'2020-05-15 20:14:03.135864','2020-05-15 20:14:03.135881',NULL,'',51,3,237,257,NULL),(175,0,NULL,0,NULL,'2020-05-15 20:14:03.152535','2020-05-15 20:14:03.152553',NULL,'',51,5,237,258,NULL),(176,50,NULL,0,NULL,'2020-05-15 20:37:09.902703','2020-05-15 20:37:09.902730',NULL,'',52,7,259,NULL,3),(177,100,NULL,0,NULL,'2020-05-15 20:37:09.954565','2020-05-15 20:37:09.954583',NULL,'',52,9,259,263,NULL),(178,100,NULL,0,NULL,'2020-05-15 20:37:09.979251','2020-05-15 20:37:09.979268',NULL,'',52,8,259,262,NULL),(179,0,NULL,0,NULL,'2020-05-15 20:38:42.353685','2020-05-15 20:38:42.353708',NULL,'',53,7,259,NULL,3),(180,0,NULL,0,NULL,'2020-05-15 20:38:42.371904','2020-05-15 20:38:42.371921',NULL,'',53,9,259,265,NULL),(181,0,NULL,0,NULL,'2020-05-15 20:38:42.396837','2020-05-15 20:38:42.396854',NULL,'',53,8,259,264,NULL),(182,0,NULL,0,NULL,'2020-05-15 20:39:56.678981','2020-05-15 20:39:56.678998',NULL,'',54,7,259,NULL,3),(183,0,NULL,0,NULL,'2020-05-15 20:39:56.704104','2020-05-15 20:39:56.704122',NULL,'',54,9,259,266,NULL),(184,0,NULL,0,NULL,'2020-05-15 20:39:56.729044','2020-05-15 20:39:56.729061',NULL,'',54,8,259,267,NULL),(185,100,NULL,0,NULL,'2020-05-15 20:46:00.374018','2020-05-15 20:46:00.374034',NULL,'',55,7,238,NULL,13),(186,100,NULL,0,NULL,'2020-05-15 20:46:00.408485','2020-05-15 20:46:00.408502',NULL,'',55,9,238,273,NULL),(187,100,NULL,0,NULL,'2020-05-15 20:46:00.441912','2020-05-15 20:46:00.441929',NULL,'',55,8,238,272,NULL),(188,0,NULL,0,NULL,'2020-05-15 20:47:27.660151','2020-05-15 20:47:27.660177',NULL,'',56,7,238,NULL,18),(189,0,NULL,0,NULL,'2020-05-15 20:47:27.704219','2020-05-15 20:47:27.704237',NULL,'',56,9,238,276,NULL),(190,0,NULL,0,NULL,'2020-05-15 20:47:27.728891','2020-05-15 20:47:27.728908',NULL,'',56,8,238,275,NULL),(191,NULL,NULL,0,NULL,'2020-05-15 20:49:32.698129','2020-05-15 20:49:32.698148',NULL,'',57,7,259,NULL,NULL),(192,0,NULL,0,NULL,'2020-05-15 20:49:32.723042','2020-05-15 20:49:32.723061',NULL,'',57,4,259,279,NULL),(193,0,NULL,0,NULL,'2020-05-15 20:49:32.748108','2020-05-15 20:49:32.748126',NULL,'',57,3,259,280,NULL),(194,0,NULL,0,NULL,'2020-05-15 20:49:32.773198','2020-05-15 20:49:32.773216',NULL,'',57,5,259,281,NULL),(195,0,NULL,0,NULL,'2020-05-15 20:49:42.798828','2020-05-15 20:49:42.798845',NULL,'',58,7,238,NULL,18),(196,0,NULL,0,NULL,'2020-05-15 20:49:42.825497','2020-05-15 20:49:42.825514',NULL,'',58,9,238,282,NULL),(197,0,NULL,0,NULL,'2020-05-15 20:49:42.858875','2020-05-15 20:49:42.858892',NULL,'',58,8,238,283,NULL),(198,NULL,NULL,0,NULL,'2020-05-15 21:08:19.729943','2020-05-15 21:08:19.729961',NULL,'',59,7,238,NULL,NULL),(199,0,NULL,0,NULL,'2020-05-15 21:08:19.746677','2020-05-15 21:08:19.746695',NULL,'',59,4,238,291,NULL),(200,0,NULL,0,NULL,'2020-05-15 21:08:19.780100','2020-05-15 21:08:19.780117',NULL,'',59,3,238,292,NULL),(201,0,NULL,0,NULL,'2020-05-15 21:08:19.813486','2020-05-15 21:08:19.813504',NULL,'',59,5,238,293,NULL),(202,100,NULL,0,NULL,'2020-05-16 02:38:49.609604','2020-05-16 02:38:49.609620',NULL,'',60,7,295,NULL,18),(203,100,NULL,0,NULL,'2020-05-16 02:38:49.636169','2020-05-16 02:38:49.636185',NULL,'',60,9,295,299,NULL),(204,100,NULL,0,NULL,'2020-05-16 02:38:49.661278','2020-05-16 02:38:49.661295',NULL,'',60,8,295,298,NULL),(205,0,NULL,0,NULL,'2020-05-16 02:40:46.199505','2020-05-16 02:40:46.199522',NULL,'',61,7,295,NULL,18),(206,0,NULL,0,NULL,'2020-05-16 02:40:46.226054','2020-05-16 02:40:46.226072',NULL,'',61,9,295,301,NULL),(207,0,NULL,0,NULL,'2020-05-16 02:40:46.251183','2020-05-16 02:40:46.251201',NULL,'',61,8,295,300,NULL),(208,0,NULL,0,NULL,'2020-05-16 02:42:26.875047','2020-05-16 02:42:26.875064',NULL,'',62,7,295,NULL,29),(209,0,NULL,0,NULL,'2020-05-16 02:42:26.918876','2020-05-16 02:42:26.918893',NULL,'',62,9,295,302,NULL),(210,0,NULL,0,NULL,'2020-05-16 02:42:26.965807','2020-05-16 02:42:26.965825',NULL,'',62,8,295,303,NULL),(211,NULL,NULL,0,NULL,'2020-05-16 02:55:28.238945','2020-05-16 02:55:28.238966',NULL,'',63,7,295,NULL,NULL),(212,0,NULL,0,NULL,'2020-05-16 02:55:28.283485','2020-05-16 02:55:28.283504',NULL,'',63,4,295,311,NULL),(213,0,NULL,0,NULL,'2020-05-16 02:55:28.308460','2020-05-16 02:55:28.308478',NULL,'',63,3,295,312,NULL),(214,0,NULL,0,NULL,'2020-05-16 02:55:28.333552','2020-05-16 02:55:28.333569',NULL,'',63,5,295,313,NULL),(215,80,NULL,0,NULL,'2020-05-16 03:10:00.554919','2020-05-16 03:10:00.554935',NULL,'',64,7,314,NULL,19),(216,100,NULL,0,NULL,'2020-05-16 03:10:00.581664','2020-05-16 03:10:00.581681',NULL,'',64,9,314,318,NULL),(217,100,NULL,0,NULL,'2020-05-16 03:10:00.606674','2020-05-16 03:10:00.606691',NULL,'',64,8,314,317,NULL),(218,0,NULL,0,NULL,'2020-05-16 03:12:05.924271','2020-05-16 03:12:05.924288',NULL,'',65,7,314,NULL,6),(219,0,NULL,0,NULL,'2020-05-16 03:12:05.942496','2020-05-16 03:12:05.942513',NULL,'',65,9,314,320,NULL),(220,0,NULL,0,NULL,'2020-05-16 03:12:05.967657','2020-05-16 03:12:05.967674',NULL,'',65,8,314,319,NULL),(221,0,NULL,0,NULL,'2020-05-16 03:13:27.417588','2020-05-16 03:13:27.417605',NULL,'',66,7,314,NULL,25),(222,0,NULL,0,NULL,'2020-05-16 03:13:27.435852','2020-05-16 03:13:27.435870',NULL,'',66,9,314,321,NULL),(223,0,NULL,0,NULL,'2020-05-16 03:13:27.460883','2020-05-16 03:13:27.460901',NULL,'',66,8,314,322,NULL),(224,NULL,NULL,0,NULL,'2020-05-16 03:22:43.383982','2020-05-16 03:22:43.383999',NULL,'',67,7,314,NULL,NULL),(225,0,NULL,0,NULL,'2020-05-16 03:22:43.409187','2020-05-16 03:22:43.409204',NULL,'',67,4,314,330,NULL),(226,0,NULL,0,NULL,'2020-05-16 03:22:43.459250','2020-05-16 03:22:43.459267',NULL,'',67,3,314,331,NULL),(227,0,NULL,0,NULL,'2020-05-16 03:22:43.484412','2020-05-16 03:22:43.484429',NULL,'',67,5,314,332,NULL),(228,90,NULL,0,NULL,'2020-05-16 03:33:22.771262','2020-05-16 03:33:22.771280',NULL,'',68,7,333,NULL,29),(229,100,NULL,0,NULL,'2020-05-16 03:33:22.797845','2020-05-16 03:33:22.797862',NULL,'',68,9,333,337,NULL),(230,100,NULL,0,NULL,'2020-05-16 03:33:22.822938','2020-05-16 03:33:22.822955',NULL,'',68,8,333,336,NULL),(231,0,NULL,0,NULL,'2020-05-16 03:35:04.272251','2020-05-16 03:35:04.272267',NULL,'',69,7,333,NULL,24),(232,0,NULL,0,NULL,'2020-05-16 03:35:04.290455','2020-05-16 03:35:04.290472',NULL,'',69,9,333,339,NULL),(233,0,NULL,0,NULL,'2020-05-16 03:35:04.307129','2020-05-16 03:35:04.307146',NULL,'',69,8,333,338,NULL),(234,0,NULL,0,NULL,'2020-05-16 03:35:52.927826','2020-05-16 03:35:52.927842',NULL,'',70,7,333,NULL,18),(235,0,NULL,0,NULL,'2020-05-16 03:35:52.996093','2020-05-16 03:35:52.996110',NULL,'',70,9,333,340,NULL),(236,0,NULL,0,NULL,'2020-05-16 03:35:53.021110','2020-05-16 03:35:53.021127',NULL,'',70,8,333,341,NULL),(237,NULL,NULL,0,NULL,'2020-05-16 03:43:23.209432','2020-05-16 03:43:23.209448',NULL,'',71,7,333,NULL,NULL),(238,0,NULL,0,NULL,'2020-05-16 03:43:23.234649','2020-05-16 03:43:23.234665',NULL,'',71,4,333,349,NULL),(239,0,NULL,0,NULL,'2020-05-16 03:43:23.284769','2020-05-16 03:43:23.284786',NULL,'',71,3,333,350,NULL),(240,0,NULL,0,NULL,'2020-05-16 03:43:23.326501','2020-05-16 03:43:23.326518',NULL,'',71,5,333,351,NULL);
/*!40000 ALTER TABLE `declaracion_bienespersonas` ENABLE KEYS */;
UNLOCK TABLES;

--
-- Table structure for table `declaracion_catactivobien`
--

DROP TABLE IF EXISTS `declaracion_catactivobien`;
/*!40101 SET @saved_cs_client     = @@character_set_client */;
/*!40101 SET character_set_client = utf8 */;
CREATE TABLE `declaracion_catactivobien` (
  `id` int(11) NOT NULL AUTO_INCREMENT,
  `activo_bien` varchar(45) NOT NULL,
  `created_at` datetime(6) NOT NULL,
  `updated_at` datetime(6) NOT NULL,
  `default` int(11) NOT NULL,
  `orden` int(11) NOT NULL,
  `codigo` varchar(45) NOT NULL,
  PRIMARY KEY (`id`)
) ENGINE=InnoDB AUTO_INCREMENT=7 DEFAULT CHARSET=latin1;
/*!40101 SET character_set_client = @saved_cs_client */;

--
-- Dumping data for table `declaracion_catactivobien`
--

LOCK TABLES `declaracion_catactivobien` WRITE;
/*!40000 ALTER TABLE `declaracion_catactivobien` DISABLE KEYS */;
INSERT INTO `declaracion_catactivobien` VALUES (1,'bienes_inmubles','2019-04-02 16:03:21.000000','2019-04-02 16:03:21.000000',0,1,''),(2,'bienes_intangibles','2019-04-02 16:03:21.000000','2019-04-02 16:03:21.000000',0,1,''),(3,'bienes_muebles','2019-04-02 16:03:21.000000','2019-04-02 16:03:21.000000',0,1,''),(4,'muebles_no_registrables','2019-04-02 16:03:21.000000','2019-04-02 16:03:21.000000',0,1,''),(5,'Fideicomiso','2019-04-04 04:34:58.000000','2019-04-04 04:34:58.000000',0,1,''),(6,'cuentas_por_cobrar','2019-04-02 16:03:21.000000','2019-04-02 16:03:21.000000',0,1,'');
/*!40000 ALTER TABLE `declaracion_catactivobien` ENABLE KEYS */;
UNLOCK TABLES;

--
-- Table structure for table `declaracion_catambitoslaborales`
--

DROP TABLE IF EXISTS `declaracion_catambitoslaborales`;
/*!40101 SET @saved_cs_client     = @@character_set_client */;
/*!40101 SET character_set_client = utf8 */;
CREATE TABLE `declaracion_catambitoslaborales` (
  `id` int(11) NOT NULL AUTO_INCREMENT,
  `ambito_laboral` varchar(255) NOT NULL,
  `created_at` datetime(6) NOT NULL,
  `updated_at` datetime(6) NOT NULL,
  `default` int(11) NOT NULL,
  `orden` int(11) NOT NULL,
  `codigo` varchar(45) NOT NULL,
  PRIMARY KEY (`id`)
) ENGINE=InnoDB AUTO_INCREMENT=7 DEFAULT CHARSET=latin1;
/*!40101 SET character_set_client = @saved_cs_client */;

--
-- Dumping data for table `declaracion_catambitoslaborales`
--

LOCK TABLES `declaracion_catambitoslaborales` WRITE;
/*!40000 ALTER TABLE `declaracion_catambitoslaborales` DISABLE KEYS */;
INSERT INTO `declaracion_catambitoslaborales` VALUES (1,'Público','2019-03-12 00:00:00.000000','2019-03-12 00:00:00.000000',0,1,'PUB'),(2,'Privado','2019-03-12 00:00:00.000000','2019-03-12 00:00:00.000000',0,1,'PRI'),(3,'Ninguno','2019-03-12 00:00:00.000000','2019-03-12 00:00:00.000000',0,1,'NIN'),(4,'Otro','2019-03-12 00:00:00.000000','2019-03-12 00:00:00.000000',1,1,'OTR'),(5,'Privado','2019-03-12 00:00:00.000000','2019-03-12 00:00:00.000000',0,1,'PRV'),(6,'Otro','2019-03-12 00:00:00.000000','2019-03-12 00:00:00.000000',1,1,'OTRO');
/*!40000 ALTER TABLE `declaracion_catambitoslaborales` ENABLE KEYS */;
UNLOCK TABLES;

--
-- Table structure for table `declaracion_catcamposobligatorios`
--

DROP TABLE IF EXISTS `declaracion_catcamposobligatorios`;
/*!40101 SET @saved_cs_client     = @@character_set_client */;
/*!40101 SET character_set_client = utf8 */;
CREATE TABLE `declaracion_catcamposobligatorios` (
  `id` int(11) NOT NULL AUTO_INCREMENT,
  `nombre_tabla` varchar(255) DEFAULT NULL,
  `nombre_columna` varchar(255) DEFAULT NULL,
  `es_obligatorio` int(11) DEFAULT NULL,
  `es_principal` tinyint(1) NOT NULL,
  `esta_pantalla` tinyint(1) NOT NULL,
  `tipo` int(11) NOT NULL,
  `es_privado` tinyint(1) NOT NULL,
  `seccion_id` int(11) DEFAULT NULL,
  PRIMARY KEY (`id`),
  KEY `declaracion_catcampo_seccion_id_2408ef6d_fk_declaraci` (`seccion_id`),
  CONSTRAINT `declaracion_catcampo_seccion_id_2408ef6d_fk_declaraci` FOREIGN KEY (`seccion_id`) REFERENCES `declaracion_secciones` (`id`)
) ENGINE=InnoDB AUTO_INCREMENT=896 DEFAULT CHARSET=latin1;
/*!40101 SET character_set_client = @saved_cs_client */;

--
-- Dumping data for table `declaracion_catcamposobligatorios`
--

LOCK TABLES `declaracion_catcamposobligatorios` WRITE;
/*!40000 ALTER TABLE `declaracion_catcamposobligatorios` DISABLE KEYS */;
INSERT INTO `declaracion_catcamposobligatorios` VALUES (129,'declaracion_infopersonalfija','nombres',1,1,1,0,0,2),(130,'declaracion_infopersonalfija','apellido1',1,1,1,0,0,2),(131,'declaracion_infopersonalfija','apellido2',0,1,1,0,0,2),(132,'declaracion_infopersonalfija','homoclave',1,0,1,0,1,2),(133,'declaracion_infopersonalfija','curp',0,1,1,0,1,2),(134,'declaracion_infopersonalfija','rfc',1,1,1,0,1,2),(135,'declaracion_infopersonalvar','email_personal',0,1,1,0,1,2),(136,'declaracion_infopersonalvar','tel_particular',0,1,1,0,1,2),(137,'declaracion_infopersonalvar','tel_movil',0,1,1,0,1,2),(138,'declaracion_infopersonalvar','cat_estados_civiles_id',0,1,1,0,1,2),(139,'declaracion_infopersonalvar','cat_regimenes_matrimoniales',0,1,1,0,1,2),(140,'declaracion_infopersonalvar','observaciones',0,1,1,0,1,2),(141,'declaracion_infopersonalvar','nacionalidades',0,1,1,0,1,2),(142,'declaracion_infopersonalvar','cat_pais_id',0,1,1,0,1,2),(202,'declaracion_domicilios','nombre_via',1,0,1,0,1,3),(203,'declaracion_domicilios','cat_entidades_federativas',0,1,1,0,1,3),(204,'declaracion_domicilios','num_exterior',1,0,1,0,1,3),(205,'declaracion_domicilios','num_interior',0,0,1,0,1,3),(206,'declaracion_domicilios','colonia',0,0,1,0,1,3),(207,'declaracion_domicilios','municipio',0,0,1,0,1,3),(208,'declaracion_domicilios','cp',0,0,1,0,1,3),(209,'declaracion_domicilios','observaciones',0,1,0,0,1,3),(225,'declaracion_datoscurriculares','cat_grados_academicos',1,1,1,0,0,4),(226,'declaracion_datoscurriculares','institucion_educativa',1,1,1,0,0,4),(227,'declaracion_datoscurriculares','cat_estatus_estudios_id',1,1,1,0,0,4),(228,'declaracion_datoscurriculares','observaciones',0,0,1,0,1,4),(250,'declaracion_encargos','cat_poderes',1,1,1,0,0,5),(251,'declaracion_encargos','cat_puestos',1,1,1,0,0,5),(252,'declaracion_encargos','nombre_ente_publico',1,1,1,0,0,5),(253,'declaracion_encargos','observaciones',0,1,1,0,1,5),(278,'declaracion_experiencialaboral','nombre_institucion',1,1,1,0,0,6),(279,'declaracion_experiencialaboral','unidad_area_administrativa',1,1,1,0,0,6),(280,'declaracion_experiencialaboral','rfc',1,1,1,0,0,6),(281,'declaracion_experiencialaboral','observaciones',0,1,1,0,1,6),(299,'declaracion_conyugedependientes','cat_tipos_relaciones_personales',0,1,1,0,1,7),(300,'declaracion_infopersonalvar','nombres',1,0,1,0,1,7),(301,'declaracion_infopersonalvar','apellido1',1,0,1,0,1,7),(302,'declaracion_infopersonalvar','apellido2',0,0,1,0,1,7),(303,'declaracion_infopersonalvar','fecha_nacimiento',0,0,1,0,1,7),(304,'declaracion_infopersonalvar','rfc',1,1,1,0,1,7),(305,'declaracion_infopersonalvar','curp',1,0,1,0,1,7),(306,'declaracion_conyugedependientes','habita_domicilio',0,1,1,0,1,7),(308,'declaracion_domicilios','cat_pais_id',0,0,1,0,1,7),(309,'declaracion_domicilios','nombre_via',0,0,1,0,1,7),(310,'declaracion_infopersonalvar','cat_entidades_federativas_id',0,1,1,0,1,7),(311,'declaracion_domicilios','num_exterior',0,0,1,0,1,7),(312,'declaracion_domicilios','num_interior',0,0,1,0,1,7),(313,'declaracion_domicilios','colonia',0,0,1,0,1,7),(314,'declaracion_domicilios','municipio',0,0,1,0,1,7),(315,'declaracion_domicilios','cp',0,0,1,0,1,7),(316,'declaracion_conyugedependientes','ingresos_propios',0,1,1,0,1,7),(317,'declaracion_infopersonalvar','ocupacion_girocomercial',0,0,1,0,1,7),(318,'declaracion_infopersonalvar','cat_sectores_industria_id',0,0,1,0,1,7),(319,'declaracion_encargos','actividadLaboral',0,0,1,0,1,7),(320,'declaracion_encargos','cat_ordenes_gobierno',0,0,1,0,1,7),(321,'declaracion_encargos','cat_poderes',0,0,1,0,1,7),(322,'declaracion_encargos','empleo_cargo_comision',0,0,1,0,1,7),(323,'declaracion_encargos','cat_funciones_principales',0,0,1,0,1,7),(324,'declaracion_encargos','salarioMensualNeto',0,0,1,0,1,7),(325,'declaracion_encargos','moneda',0,0,1,0,1,7),(326,'declaracion_encargos','posesion_inicio',0,0,1,0,1,7),(327,'declaracion_encargos','nombreEmpresaSociedadAsociacion',0,0,1,0,1,7),(328,'declaracion_encargos','rfc',0,0,1,0,1,7),(329,'declaracion_encargos','proveedor_contratista',0,0,1,0,1,7),(330,'declaracion_conyugedependientes','es_extranjero',0,0,1,0,1,7),(331,'declaracion_encargos','nombre_ente_publico',0,0,1,0,1,7),(332,'declaracion_encargos','area_adscripcion',0,0,1,0,1,7),(333,'declaracion_conyugedependientes','cat_tipos_relaciones_personales',0,1,1,0,1,8),(334,'declaracion_infopersonalvar','nombres',1,0,1,0,1,8),(335,'declaracion_infopersonalvar','apellido1',1,0,1,0,1,8),(336,'declaracion_infopersonalvar','apellido2',0,0,1,0,1,8),(337,'declaracion_infopersonalvar','fecha_nacimiento',0,0,1,0,1,8),(338,'declaracion_infopersonalvar','rfc',1,1,1,0,1,8),(339,'declaracion_infopersonalvar','curp',1,0,1,0,1,8),(340,'declaracion_conyugedependientes','habita_domicilio',0,1,1,0,1,8),(341,'declaracion_domicilios','cat_pais_id',0,0,1,0,1,8),(342,'declaracion_domicilios','nombre_via',0,0,1,0,1,8),(343,'declaracion_infopersonalvar','cat_entidades_federativas_id',0,1,1,0,1,8),(344,'declaracion_domicilios','num_exterior',0,0,1,0,1,8),(345,'declaracion_domicilios','num_interior',0,0,1,0,1,8),(346,'declaracion_domicilios','colonia',0,0,1,0,1,8),(347,'declaracion_domicilios','municipio',0,0,1,0,1,8),(348,'declaracion_domicilios','cp',0,0,1,0,1,8),(349,'declaracion_conyugedependientes','ingresos_propios',0,1,1,0,1,8),(350,'declaracion_infopersonalvar','ocupacion_girocomercial',0,0,1,0,1,8),(351,'declaracion_infopersonalvar','cat_sectores_industria_id',0,0,1,0,1,8),(352,'declaracion_encargos','actividadLaboral',0,0,1,0,1,8),(353,'declaracion_encargos','cat_ordenes_gobierno',0,0,1,0,1,8),(354,'declaracion_encargos','cat_poderes',0,0,1,0,1,8),(355,'declaracion_encargos','empleo_cargo_comision',0,0,1,0,1,8),(356,'declaracion_encargos','cat_funciones_principales',0,0,1,0,1,8),(357,'declaracion_encargos','salarioMensualNeto',0,0,1,0,1,8),(358,'declaracion_encargos','moneda',0,0,1,0,1,8),(359,'declaracion_encargos','posesion_inicio',0,0,1,0,1,8),(360,'declaracion_encargos','nombreEmpresaSociedadAsociacion',0,0,1,0,1,8),(361,'declaracion_encargos','rfc',0,0,1,0,1,8),(362,'declaracion_encargos','proveedor_contratista',0,0,1,0,1,8),(363,'declaracion_conyugedependientes','es_extranjero',0,0,1,0,1,8),(364,'declaracion_encargos','nombre_ente_publico',0,0,1,0,1,8),(365,'declaracion_encargos','area_adscripcion',0,0,1,0,1,8),(366,'declaracion_encargos','observaciones',0,0,1,0,1,8),(452,'declaracion_bienesinmuebles','cat_tipos_inmuebles_id',0,1,1,0,0,11),(453,'declaracion_bienespersonas','tipo_relacion',0,0,1,7,1,11),(454,'declaracion_bienesinmuebles','cat_tipos_titulares_id',0,1,1,0,0,11),(455,'declaracion_infopersonalvar','razon_social',0,0,1,12,1,11),(456,'declaracion_infopersonalvar','rfc',0,0,1,12,1,11),(457,'declaracion_domicilios','nombre_via',0,0,1,0,1,11),(458,'declaracion_domicilios','cat_entidades_federativas',0,1,1,0,1,11),(459,'declaracion_domicilios','num_exterior',0,0,1,0,1,11),(460,'declaracion_domicilios','num_interior',0,0,1,0,1,11),(461,'declaracion_domicilios','colonia',0,0,1,0,1,11),(462,'declaracion_domicilios','municipio',0,0,1,0,1,11),(463,'declaracion_domicilios','cp',0,0,1,0,1,11),(464,'declaracion_bienesinmuebles','observaciones',0,1,1,0,1,11),(465,'declaracion_bienesinmuebles','forma_pago',1,1,1,0,0,11),(467,'declaracion_bienesinmuebles','fecha_adquisicion',1,1,1,0,0,11),(468,'declaracion_bienesinmuebles','cat_tipos_titulares',0,1,1,0,1,11),(469,'declaracion_bienesinmuebles','num_registro_publico',1,1,1,0,1,11),(470,'declaracion_infopersonalvar','nombres',0,1,1,0,1,11),(471,'declaracion_infopersonalvar','apellido1',0,1,1,0,1,11),(474,'declaracion_bienesmuebles','cat_tipos_titulares_id',0,1,1,0,1,12),(475,'declaracion_infopersonalvar','nombres',0,0,1,12,1,12),(476,'declaracion_infopersonalvar','apellido1',0,0,1,12,1,12),(477,'declaracion_infopersonalvar','razon_social',0,0,1,12,1,12),(478,'declaracion_infopersonalvar','rfc',0,0,1,12,1,12),(479,'declaracion_bienespersonas','tipo_relacion_id',0,0,1,7,1,12),(480,'declaracion_bienesmuebles','marca',1,1,1,0,0,12),(481,'declaracion_bienesmuebles','modelo',1,1,1,0,0,12),(482,'declaracion_bienesmuebles','anio',1,1,1,0,0,12),(483,'declaracion_bienesmuebles','num_serie',0,1,1,0,1,12),(484,'declaracion_bienesmuebles','forma_pago',1,1,1,0,0,12),(486,'declaracion_bienesmuebles','fecha_adquisicion',1,1,1,0,0,12),(487,'declaracion_bienesmuebles','observaciones',0,1,1,0,1,12),(488,'declaracion_infopersonalvar','apellido1',0,1,1,0,1,12),(526,'declaracion_bienesmuebles','cat_tipos_titulares_id',0,1,1,0,1,13),(527,'declaracion_bienespersonas','tipo_relacion_id',0,0,1,7,1,13),(528,'declaracion_bienesmuebles','precio_adquisicion',1,1,1,0,0,13),(529,'declaracion_bienesmuebles','fecha_adquisicion',1,1,1,0,0,13),(530,'declaracion_bienesmuebles','cat_monedas_id',1,1,1,0,0,13),(531,'declaracion_bienesmuebles','observaciones',0,1,1,0,1,13),(532,'declaracion_bienesmuebles','forma_pago',1,1,1,0,0,13),(575,'declaracion_inversiones','cat_tipos_titulares',1,1,1,0,1,14),(576,'declaracion_inversiones','saldo_actual',0,1,1,0,1,14),(577,'declaracion_inversiones','cat_monedas',0,1,1,0,1,14),(578,'declaracion_infopersonalvar','razon_social',0,0,1,0,1,14),(579,'declaracion_infopersonalvar','rfc',0,0,1,0,1,14),(580,'declaracion_inversiones','num_cuenta',0,1,1,0,1,14),(581,'declaracion_inversiones','cat_monedas_id',0,1,1,0,1,14),(582,'declaracion_inversiones','observaciones',0,0,1,0,1,14),(583,'declaracion_infopersonalvar','nombres',0,0,1,0,1,14),(584,'declaracion_infopersonalvar','apellido1',0,0,1,0,1,14),(600,'declaracion_deudasotros','cat_tipos_titulares',0,1,1,0,1,15),(601,'declaracion_deudasotros','numero_cuenta',1,1,1,0,1,15),(602,'declaracion_deudasotros','monto_original',1,1,1,0,0,15),(603,'declaracion_deudasotros','cat_monedas_id',1,1,1,0,0,15),(604,'declaracion_deudasotros','saldo_pendiente',1,1,1,0,1,15),(605,'declaracion_deudasotros','observaciones',0,1,1,0,1,15),(606,'declaracion_infopersonalvar','es_fisica',0,0,1,0,1,15),(607,'declaracion_infopersonalvar','rfc',0,0,1,0,1,15),(608,'declaracion_infopersonalvar','acreedor_nombre',0,0,1,0,1,15),(609,'declaracion_infopersonalvar','acreedor_rfc',0,0,1,0,1,15),(610,'declaracion_infopersonalvar','nombres',0,0,1,0,1,15),(611,'declaracion_infopersonalvar','apellido1',0,0,1,0,1,15),(649,'declaracion_deudasotros','cat_tipos_inmueble_id',1,1,1,0,0,16),(650,'declaracion_deudasotros','observaciones',0,1,1,0,0,16),(651,'declaracion_deudasotros','mueble_num_serie',0,1,1,0,1,16),(652,'declaracion_domicilios','nombre_via',1,0,1,0,1,16),(653,'declaracion_domicilios','cat_entidades_federativas',1,1,1,0,1,16),(654,'declaracion_domicilios','num_exterior',1,0,1,0,1,16),(655,'declaracion_domicilios','num_interior',0,0,1,0,1,16),(656,'declaracion_domicilios','colonia',0,0,1,0,1,16),(657,'declaracion_domicilios','municipio',0,0,1,0,1,16),(658,'declaracion_domicilios','cp',0,0,1,0,1,16),(659,'declaracion_infopersonalvar','nombres',0,0,1,0,1,16),(660,'declaracion_infopersonalvar','apellido1',0,0,1,0,1,16),(661,'declaracion_infopersonalvar','rfc',0,0,1,0,1,16),(662,'declaracion_infopersonalvar','razon_social',0,0,1,0,1,16),(700,'declaracion_socioscomerciales','actividad_vinculante',1,1,1,0,0,18),(701,'declaracion_socioscomerciales','rfc_entidad_vinculante',1,1,1,0,0,18),(702,'declaracion_socioscomerciales','porcentaje_participacion',1,1,1,0,0,18),(703,'declaracion_socioscomerciales','observaciones',0,1,1,0,1,18),(725,'declaracion_membresias','nombre_institucion',1,1,1,0,1,19),(726,'declaracion_membresias','puesto_rol',1,1,1,0,0,19),(727,'declaracion_membresias','rfc',1,1,1,0,1,19),(728,'declaracion_membresias','observaciones',0,1,1,0,1,19),(750,'declaracion_representaciones','cat_tipos_relaciones_personales_id',0,1,1,0,1,20),(751,'declaracion_representaciones','nombre_programa',1,1,1,0,0,20),(752,'declaracion_representaciones','institucion_otorgante',1,1,1,0,0,20),(753,'declaracion_representaciones','observaciones',0,1,1,0,1,20),(760,'declaracion_apoyos','cat_tipos_relaciones_personales_id',1,1,1,0,0,21),(761,'declaracion_apoyos','cat_tipos_representaciones',1,1,1,0,1,21),(762,'declaracion_apoyos','rfc',1,1,1,0,1,21),(763,'declaracion_apoyos','nombres',0,1,1,0,1,21),(764,'declaracion_apoyos','apellido1',0,1,1,0,1,21),(765,'declaracion_apoyos','razon_social',0,1,1,0,1,21),(766,'declaracion_apoyos','observaciones',0,1,1,0,1,21),(775,'declaracion_infopersonalvar','nombre_negocio',1,0,1,0,0,22),(776,'declaracion_infopersonalvar','rfc_negocio',1,0,1,0,1,22),(778,'declaracion_infopersonalvar','nombres',0,0,1,0,1,22),(779,'declaracion_infopersonalvar','apellido1',0,0,1,0,1,22),(780,'declaracion_infopersonalvar','razon_social',0,0,1,0,1,22),(781,'declaracion_clientesprincipales','observaciones',0,1,1,0,1,22),(782,'declaracion_clientesprincipales','monto',1,1,1,0,0,22),(800,'declaracion_beneficiosgratuitos','cat_tipos_relaciones_personales',0,1,1,0,1,23),(801,'declaracion_infopersonalvar','nombres',0,1,1,0,1,23),(802,'declaracion_infopersonalvar','apellido1',0,1,1,0,1,23),(803,'declaracion_infopersonalvar','razon_social',0,1,1,0,1,23),(804,'declaracion_infopersonalvar','rfc',0,1,1,0,1,23),(805,'declaracion_beneficiosgratuitos','valor_beneficio',1,1,1,0,0,23),(806,'declaracion_beneficiosgratuitos','moneda',1,1,1,0,0,23),(807,'declaracion_beneficiosgratuitos','observaciones',0,1,1,0,1,23),(824,'declaracion_infopersonalvar','rfc_fideicomisario',0,1,1,0,1,24),(825,'declaracion_infopersonalvar','rfc_fideicomitente',1,1,1,0,1,24),(826,'declaracion_infopersonalvar','fideicomitente',1,1,1,0,1,24),(827,'declaracion_infopersonalvar','fideicomisario',0,1,1,0,1,24),(828,'declaracion_fideicomisos','observaciones',0,1,1,0,1,24),(834,'declaracion_declaracionfiscal','archivo_pdf',1,1,1,0,0,26),(871,'declaracion_ingresosdeclaracion','ingreso_mensual_cargo',1,1,1,0,0,9),(872,'declaracion_ingresosdeclaracion','ingreso_mensual_neto',1,1,1,0,0,9),(873,'declaracion_ingresosdeclaracion','ingreso_mensual_total',1,1,1,0,0,9),(874,'declaracion_ingresosdeclaracion','ingreso_mensual_pareja_dependientes',0,1,1,0,1,9),(875,'declaracion_ingresosdeclaracion','cat_moneda_cargo_id',1,1,1,0,0,9),(876,'declaracion_ingresosdeclaracion','cat_moneda_neto_id',1,1,1,0,0,9),(878,'declaracion_ingresosdeclaracion','cat_moneda_total_id',1,1,1,0,0,9),(879,'declaracion_observaciones','observaciones',0,1,1,0,1,9),(890,'declaracion_ingresosdeclaracion','ingreso_anio_anterior',1,1,1,0,1,10),(891,'declaracion_ingresosdeclaracion','ingreso_mensual_neto',1,1,1,0,1,10),(892,'declaracion_ingresosdeclaracion','ingreso_mensual_cargo',1,1,1,0,0,10),(893,'declaracion_ingresosdeclaracion','cat_moneda_neto_id',1,1,1,0,0,10),(894,'declaracion_ingresosdeclaracion','cat_moneda_cargo_id',1,1,1,0,0,10),(895,'declaracion_ingresosdeclaracion','observaciones',0,1,1,0,1,10);
/*!40000 ALTER TABLE `declaracion_catcamposobligatorios` ENABLE KEYS */;
UNLOCK TABLES;

--
-- Table structure for table `declaracion_catdocumentosobtenidos`
--

DROP TABLE IF EXISTS `declaracion_catdocumentosobtenidos`;
/*!40101 SET @saved_cs_client     = @@character_set_client */;
/*!40101 SET character_set_client = utf8 */;
CREATE TABLE `declaracion_catdocumentosobtenidos` (
  `id` int(11) NOT NULL AUTO_INCREMENT,
  `documento_obtenido` varchar(255) NOT NULL,
  `created_at` datetime(6) NOT NULL,
  `updated_at` datetime(6) NOT NULL,
  `default` int(11) NOT NULL,
  `orden` int(11) NOT NULL,
  `codigo` varchar(45) NOT NULL,
  PRIMARY KEY (`id`)
) ENGINE=InnoDB AUTO_INCREMENT=5 DEFAULT CHARSET=latin1;
/*!40101 SET character_set_client = @saved_cs_client */;

--
-- Dumping data for table `declaracion_catdocumentosobtenidos`
--

LOCK TABLES `declaracion_catdocumentosobtenidos` WRITE;
/*!40000 ALTER TABLE `declaracion_catdocumentosobtenidos` DISABLE KEYS */;
INSERT INTO `declaracion_catdocumentosobtenidos` VALUES (1,'BOLETA','2019-03-11 00:00:00.000000','2019-03-11 00:00:00.000000',0,1,'BOL'),(2,'CERTIFICADO','2019-03-11 00:00:00.000000','2019-03-11 00:00:00.000000',0,1,'CERT'),(3,'CONSTANCIA','2019-03-11 00:00:00.000000','2019-03-11 00:00:00.000000',0,1,'CONST'),(4,'TITULO','2019-03-11 00:00:00.000000','2019-03-11 00:00:00.000000',0,1,'TIT');
/*!40000 ALTER TABLE `declaracion_catdocumentosobtenidos` ENABLE KEYS */;
UNLOCK TABLES;

--
-- Table structure for table `declaracion_catentespublicos`
--

DROP TABLE IF EXISTS `declaracion_catentespublicos`;
/*!40101 SET @saved_cs_client     = @@character_set_client */;
/*!40101 SET character_set_client = utf8 */;
CREATE TABLE `declaracion_catentespublicos` (
  `id` int(11) NOT NULL AUTO_INCREMENT,
  `ente_publico` varchar(255) NOT NULL,
  `created_at` datetime(6) NOT NULL,
  `updated_at` datetime(6) NOT NULL,
  `default` int(11) NOT NULL,
  `orden` int(11) NOT NULL,
  `codigo` varchar(45) NOT NULL,
  PRIMARY KEY (`id`)
) ENGINE=InnoDB AUTO_INCREMENT=430 DEFAULT CHARSET=latin1;
/*!40101 SET character_set_client = @saved_cs_client */;

--
-- Dumping data for table `declaracion_catentespublicos`
--

LOCK TABLES `declaracion_catentespublicos` WRITE;
/*!40000 ALTER TABLE `declaracion_catentespublicos` DISABLE KEYS */;
INSERT INTO `declaracion_catentespublicos` VALUES (1,'Consejería Jurídica y de Servicios Legales','2019-03-13 00:00:00.000000','2019-03-13 00:00:00.000000',0,1,''),(2,'Contraloría General','2019-03-13 00:00:00.000000','2019-03-13 00:00:00.000000',0,1,''),(3,'Jefatura de Gobierno','2019-03-13 00:00:00.000000','2019-03-13 00:00:00.000000',0,1,''),(4,'Oficialía Mayor','2019-03-13 00:00:00.000000','2019-03-13 00:00:00.000000',0,1,''),(5,'Procuraduría General de Justicia del Distrito Federal','2019-03-13 00:00:00.000000','2019-03-13 00:00:00.000000',0,1,''),(6,'Secretaría de Cultura','2019-03-13 00:00:00.000000','2019-03-13 00:00:00.000000',0,1,''),(7,'Secretaría de Desarrollo Económico','2019-03-13 00:00:00.000000','2019-03-13 00:00:00.000000',0,1,''),(8,'Secretaría de Desarrollo Rural y Equidad para las Comunidades','2019-03-13 00:00:00.000000','2019-03-13 00:00:00.000000',0,1,''),(9,'Secretaría de Desarrollo Social','2019-03-13 00:00:00.000000','2019-03-13 00:00:00.000000',0,1,''),(10,'Secretaría de Desarrollo Urbano y Vivienda','2019-03-13 00:00:00.000000','2019-03-13 00:00:00.000000',0,1,''),(11,'Secretaría de Educación','2019-03-13 00:00:00.000000','2019-03-13 00:00:00.000000',0,1,''),(12,'Secretaría de Finanzas','2019-03-13 00:00:00.000000','2019-03-13 00:00:00.000000',0,1,''),(13,'Secretaría de Gobierno','2019-03-13 00:00:00.000000','2019-03-13 00:00:00.000000',0,1,''),(14,'Secretaría del Medio Ambiente','2019-03-13 00:00:00.000000','2019-03-13 00:00:00.000000',0,1,''),(15,'Secretaría de Obras y Servicios','2019-03-13 00:00:00.000000','2019-03-13 00:00:00.000000',0,1,''),(16,'Secretaría de Protección Civil','2019-03-13 00:00:00.000000','2019-03-13 00:00:00.000000',0,1,''),(17,'Secretaría de Salud','2019-03-13 00:00:00.000000','2019-03-13 00:00:00.000000',0,1,''),(18,'Secretaría de Seguridad Pública','2019-03-13 00:00:00.000000','2019-03-13 00:00:00.000000',0,1,''),(19,'Secretaría de Trabajo y Fomento al Empleo','2019-03-13 00:00:00.000000','2019-03-13 00:00:00.000000',0,1,''),(20,'Secretaría de Movilidad','2019-03-13 00:00:00.000000','2019-03-13 00:00:00.000000',0,1,''),(21,'Secretaría de Turismo','2019-03-13 00:00:00.000000','2019-03-13 00:00:00.000000',0,1,''),(22,'Caja de Previsión de la Policía Auxiliar del Distrito Federal','2019-03-13 00:00:00.000000','2019-03-13 00:00:00.000000',0,1,''),(23,'Caja de Previsión de la Policía Preventiva del Distrito Federal','2019-03-13 00:00:00.000000','2019-03-13 00:00:00.000000',0,1,''),(24,'Caja de Previsión para Trabajadores a Lista de Raya del Gobierno del Distrito Federal','2019-03-13 00:00:00.000000','2019-03-13 00:00:00.000000',0,1,''),(25,'Consejo de Evaluación del Desarrollo Social del Distrito Federal','2019-03-13 00:00:00.000000','2019-03-13 00:00:00.000000',0,1,''),(26,'Corporación Mexicana de Impresión S.A. de C.V.','2019-03-13 00:00:00.000000','2019-03-13 00:00:00.000000',0,1,''),(27,'Fideicomiso Centro Histórico de la Ciudad de México','2019-03-13 00:00:00.000000','2019-03-13 00:00:00.000000',0,1,''),(28,'Fideicomiso de Recuperación Crediticia del Distrito Federal (FIDERE III)','2019-03-13 00:00:00.000000','2019-03-13 00:00:00.000000',0,1,''),(29,'Fideicomiso Educación Garantizada Del Distrito Federal','2019-03-13 00:00:00.000000','2019-03-13 00:00:00.000000',0,1,''),(30,'Fideicomiso Museo de Arte Popular Mexicano','2019-03-13 00:00:00.000000','2019-03-13 00:00:00.000000',0,1,''),(31,'Fideicomiso Museo del Estanquillo','2019-03-13 00:00:00.000000','2019-03-13 00:00:00.000000',0,1,''),(33,'Fideicomiso Público Complejo Ambiental Xochimilco','2019-03-13 00:00:00.000000','2019-03-13 00:00:00.000000',0,1,''),(34,'Fondo de Desarrollo Económico del Distrito Federal (FONDECO-DF)','2019-03-13 00:00:00.000000','2019-03-13 00:00:00.000000',0,1,''),(35,'Fondo Mixto de Promoción Turística','2019-03-13 00:00:00.000000','2019-03-13 00:00:00.000000',0,1,''),(36,'Fondo para el Desarrollo Social de la Ciudad de México (FONDESO)','2019-03-13 00:00:00.000000','2019-03-13 00:00:00.000000',0,1,''),(37,'Heroico Cuerpo de Bomberos del Distrito Federal','2019-03-13 00:00:00.000000','2019-03-13 00:00:00.000000',0,1,''),(38,'Secretaría de Ciencia y Tecnología e Inovación','2019-03-13 00:00:00.000000','2019-03-13 00:00:00.000000',0,1,''),(39,'Instituto de Educación Media Superior del Distrito Federal','2019-03-13 00:00:00.000000','2019-03-13 00:00:00.000000',0,1,''),(40,'Instituto de la Juventud del Distrito Federal','2019-03-13 00:00:00.000000','2019-03-13 00:00:00.000000',0,1,''),(41,'Instituto de las Mujeres del Distrito Federal','2019-03-13 00:00:00.000000','2019-03-13 00:00:00.000000',0,1,''),(42,'Instituto de Vivienda del Distrito Federal','2019-03-13 00:00:00.000000','2019-03-13 00:00:00.000000',0,1,''),(43,'Metrobús','2019-03-13 00:00:00.000000','2019-03-13 00:00:00.000000',0,1,''),(44,'Procuraduría Ambiental y del Ordenamiento Territorial del Distrito Federal','2019-03-13 00:00:00.000000','2019-03-13 00:00:00.000000',0,1,''),(45,'Procuraduría Social del Distrito Federal','2019-03-13 00:00:00.000000','2019-03-13 00:00:00.000000',0,1,''),(46,'Red de Transporte de Pasajeros del Distrito Federal','2019-03-13 00:00:00.000000','2019-03-13 00:00:00.000000',0,1,''),(47,'Servicio de Transportes Eléctricos del Distrito Federal','2019-03-13 00:00:00.000000','2019-03-13 00:00:00.000000',0,1,''),(48,'Servicios de Salud Pública del Distrito Federal','2019-03-13 00:00:00.000000','2019-03-13 00:00:00.000000',0,1,''),(49,'Servicios Metropolitanos S.A. de C.V.','2019-03-13 00:00:00.000000','2019-03-13 00:00:00.000000',0,1,''),(50,'Sistema de Transporte Colectivo','2019-03-13 00:00:00.000000','2019-03-13 00:00:00.000000',0,1,''),(51,'Sistema para el Desarrollo Integral de la Familia del Distrito Federal','2019-03-13 00:00:00.000000','2019-03-13 00:00:00.000000',0,1,''),(52,'Delegación Álvaro Obregón','2019-03-13 00:00:00.000000','2019-03-13 00:00:00.000000',0,1,''),(53,'Delegación Azcapotzalco','2019-03-13 00:00:00.000000','2019-03-13 00:00:00.000000',0,1,''),(54,'Delegación Benito Juárez','2019-03-13 00:00:00.000000','2019-03-13 00:00:00.000000',0,1,''),(55,'Delegación Coyoacán','2019-03-13 00:00:00.000000','2019-03-13 00:00:00.000000',0,1,''),(56,'Delegación Cuajimalpa de Morelos','2019-03-13 00:00:00.000000','2019-03-13 00:00:00.000000',0,1,''),(57,'Delegación Cuauhtémoc','2019-03-13 00:00:00.000000','2019-03-13 00:00:00.000000',0,1,''),(58,'Delegación Gustavo A. Madero','2019-03-13 00:00:00.000000','2019-03-13 00:00:00.000000',0,1,''),(59,'Delegación Iztacalco','2019-03-13 00:00:00.000000','2019-03-13 00:00:00.000000',0,1,''),(60,'Delegación Iztapalapa','2019-03-13 00:00:00.000000','2019-03-13 00:00:00.000000',0,1,''),(61,'Delegación La Magdalena Contreras','2019-03-13 00:00:00.000000','2019-03-13 00:00:00.000000',0,1,''),(62,'Delegación Miguel Hidalgo','2019-03-13 00:00:00.000000','2019-03-13 00:00:00.000000',0,1,''),(63,'Delegación Milpa Alta','2019-03-13 00:00:00.000000','2019-03-13 00:00:00.000000',0,1,''),(64,'Delegación Tláhuac','2019-03-13 00:00:00.000000','2019-03-13 00:00:00.000000',0,1,''),(65,'Delegación Tlalpan','2019-03-13 00:00:00.000000','2019-03-13 00:00:00.000000',0,1,''),(66,'Delegación Venustiano Carranza','2019-03-13 00:00:00.000000','2019-03-13 00:00:00.000000',0,1,''),(67,'Delegación Xochimilco','2019-03-13 00:00:00.000000','2019-03-13 00:00:00.000000',0,1,''),(69,'Comisión de Filmaciones de la Ciudad de México','2019-03-13 00:00:00.000000','2019-03-13 00:00:00.000000',0,1,''),(70,'Sistema de Radio y Televisión Digital','2019-03-13 00:00:00.000000','2019-03-13 00:00:00.000000',0,1,''),(71,'Planta de Asfalto','2019-03-13 00:00:00.000000','2019-03-13 00:00:00.000000',0,1,''),(73,'Instituto Tecnico de Formacion policial','2019-03-13 00:00:00.000000','2019-03-13 00:00:00.000000',0,1,''),(74,'Centro de Atención a Emergencias','2019-03-13 00:00:00.000000','2019-03-13 00:00:00.000000',0,1,''),(75,'Escuela de Administración Pública del Distrito Federal','2019-03-13 00:00:00.000000','2019-03-13 00:00:00.000000',0,1,''),(76,'Instituto del Deporte del Distrito Federal','2019-03-13 00:00:00.000000','2019-03-13 00:00:00.000000',0,1,''),(77,'Instituto de Asistencia e Integración Social','2019-03-13 00:00:00.000000','2019-03-13 00:00:00.000000',0,1,''),(78,'Proyecto Metro','2019-03-13 00:00:00.000000','2019-03-13 00:00:00.000000',0,1,''),(79,'Instituto para la Atención de los Adultos Mayores','2019-03-13 00:00:00.000000','2019-03-13 00:00:00.000000',0,1,''),(80,'Sistema de Aguas de la Ciudad de México','2019-03-13 00:00:00.000000','2019-03-13 00:00:00.000000',0,1,''),(81,'Junta de Asistencia Privada','2019-03-13 00:00:00.000000','2019-03-13 00:00:00.000000',0,1,''),(83,'Instituto para la Atención y Prevención de las Adicciones de la Ciudad de México','2019-03-13 00:00:00.000000','2019-03-13 00:00:00.000000',0,1,''),(84,'Instituto Local de la Infraestructura Física y Educativa','2019-03-13 00:00:00.000000','2019-03-13 00:00:00.000000',0,1,''),(85,'Instituto de Verificación Administrativa del Distrito Federal','2019-03-13 00:00:00.000000','2019-03-13 00:00:00.000000',0,1,''),(86,'Autoridad del Centro Histórico','2019-03-13 00:00:00.000000','2019-03-13 00:00:00.000000',0,1,''),(87,'Policía Bancaria Industrial','2019-03-13 00:00:00.000000','2019-03-13 00:00:00.000000',0,1,''),(88,'Mecanismo de Seguimiento y Evaluación del Programa de Derechos Humanos del D.F.','2019-03-13 00:00:00.000000','2019-03-13 00:00:00.000000',0,1,''),(89,'Autoridad de Espacios Públicos','2019-03-13 00:00:00.000000','2019-03-13 00:00:00.000000',0,1,''),(90,'Fondo Ambiental Público del Distrito Federal','2019-03-13 00:00:00.000000','2019-03-13 00:00:00.000000',0,1,''),(91,'Instituto para la Seguridad de las Construcciones en el Distrito Federal','2019-03-13 00:00:00.000000','2019-03-13 00:00:00.000000',0,1,''),(92,'Consejo para Prevenir y Eliminar la Discriminación de la Ciudad de México','2019-03-13 00:00:00.000000','2019-03-13 00:00:00.000000',0,1,''),(93,'Instituto para la Integracion al Desarrollo de las Personas con Discapacidad','2019-03-13 00:00:00.000000','2019-03-13 00:00:00.000000',0,1,''),(94,'Fideicomiso del Fondo para el Desarrollo Económico y Social','2019-03-13 00:00:00.000000','2019-03-13 00:00:00.000000',0,1,''),(95,'Policia Auxiliar','2019-03-13 00:00:00.000000','2019-03-13 00:00:00.000000',0,1,''),(96,'Coordinación de los Centros de Transferencia Modal del Distrito Federal','2019-03-13 00:00:00.000000','2019-03-13 00:00:00.000000',0,1,''),(97,'Instituto de Formación Profesional','2019-03-13 00:00:00.000000','2019-03-13 00:00:00.000000',0,1,''),(98,'Fondo para la Ateción y apoyo a las Víctimas del Delito','2019-03-13 00:00:00.000000','2019-03-13 00:00:00.000000',0,1,''),(99,'Fideicomiso Público del Fondo de Apoyo a la Procuracón de Justicia del Distrito Federal','2019-03-13 00:00:00.000000','2019-03-13 00:00:00.000000',0,1,''),(100,'Asamblea Legislativa del Distrito Federal','2019-03-13 00:00:00.000000','2019-03-13 00:00:00.000000',0,1,''),(101,'Contaduría Mayor de Hacieda de la Asamblea Legislativa del Distrito Federal','2019-03-13 00:00:00.000000','2019-03-13 00:00:00.000000',0,1,''),(102,'Tribunal Superior de Justicia del Distrito Federal','2019-03-13 00:00:00.000000','2019-03-13 00:00:00.000000',0,1,''),(103,'Consejo De La Judicatura Del Distrito Federal','2019-03-13 00:00:00.000000','2019-03-13 00:00:00.000000',0,1,''),(104,'Tribunal de lo Contencioso Administrativo del Distrito Federal','2019-03-13 00:00:00.000000','2019-03-13 00:00:00.000000',0,1,''),(105,'Junta Local de Conciliación y Arbitraje del Distrito Federal','2019-03-13 00:00:00.000000','2019-03-13 00:00:00.000000',0,1,''),(106,'Comisión De Derechos Humanos Del Distrito Federal','2019-03-13 00:00:00.000000','2019-03-13 00:00:00.000000',0,1,''),(107,'Instituto Electoral del Distrito Federal','2019-03-13 00:00:00.000000','2019-03-13 00:00:00.000000',0,1,''),(108,'Agencia de Protección Sanitaria del Gobierno del Distrito Federal','2019-03-13 00:00:00.000000','2019-03-13 00:00:00.000000',0,1,''),(109,'Tribunal Electoral del Distrito Federal','2019-03-13 00:00:00.000000','2019-03-13 00:00:00.000000',0,1,''),(110,'Universidad Autónoma de la Ciudad de México','2019-03-13 00:00:00.000000','2019-03-13 00:00:00.000000',0,1,''),(111,'Fideicomiso Para la Promoción y Desarrollo del Cine Mexicano del Distrito Federal','2019-03-13 00:00:00.000000','2019-03-13 00:00:00.000000',0,1,''),(112,'Instituto de Acceso a la Información Pública y Protección de Datos Personales del Distrito Federal','2019-03-13 00:00:00.000000','2019-03-13 00:00:00.000000',0,1,''),(113,'Autoridad del Espacio Público del Distrito Federal','2019-03-13 00:00:00.000000','2019-03-13 00:00:00.000000',0,1,''),(141,'Autoridad de la Zona Patrimonio Mundial, Natural y Cultural de la Humanidad de Xochimilco, Tlahuac y Milpa Alta en la Ciudad de México','2019-03-13 00:00:00.000000','2019-03-13 00:00:00.000000',0,1,''),(143,'Fideicomiso para el Fondo de Promoción para el Financiamiento del Transporte Público','2019-03-13 00:00:00.000000','2019-03-13 00:00:00.000000',0,1,''),(145,'Fideicomiso Central de Abasto','2019-03-13 00:00:00.000000','2019-03-13 00:00:00.000000',0,1,''),(147,'Dirección General de Asuntos Agrarios','2019-03-13 00:00:00.000000','2019-03-13 00:00:00.000000',0,1,''),(148,'Instituto de Promoción Turistica','2019-03-13 00:00:00.000000','2019-03-13 00:00:00.000000',0,1,''),(150,'Procuraduría de la Defensa del Trabajo','2019-03-13 00:00:00.000000','2019-03-13 00:00:00.000000',0,1,''),(151,'Servicio Público de Localización Teléfonica \'LOCATEL\'','2019-03-13 00:00:00.000000','2019-03-13 00:00:00.000000',0,1,''),(153,'FIDEICOMISO PÚBLICO INOVA','2019-03-13 00:00:00.000000','2019-03-13 00:00:00.000000',0,1,''),(154,'Agencia de Gestión Urbana de la Ciudad de México','2019-03-13 00:00:00.000000','2019-03-13 00:00:00.000000',0,1,''),(155,'Consejo Económico de la Ciudad de México','2019-03-13 00:00:00.000000','2019-03-13 00:00:00.000000',0,1,''),(156,'Instituto de Capacitación Para el Trabajo del D.F.','2019-03-13 00:00:00.000000','2019-03-13 00:00:00.000000',0,1,''),(157,'PROCDMX, S.A de C.V.','2019-03-13 00:00:00.000000','2019-03-13 00:00:00.000000',0,1,''),(158,'Instituto Técnico de Formación Policial de la Secretaria de Seguridad Pública.','2019-03-13 00:00:00.000000','2019-03-13 00:00:00.000000',0,1,''),(160,'Auditoria Superior de la Ciudad de México','2019-03-13 00:00:00.000000','2019-03-13 00:00:00.000000',0,1,''),(169,'Agencia de Promoción Inversión y Desarrollo Para la Ciudad de México','2019-03-13 00:00:00.000000','2019-03-13 00:00:00.000000',0,1,''),(170,'NULL','2019-03-13 00:00:00.000000','2019-03-13 00:00:00.000000',0,1,''),(171,'DESCONOCIDA','2019-03-13 00:00:00.000000','2019-03-13 00:00:00.000000',0,1,''),(172,'DIRECCION GENERAL SECTORIAL PROG-PRESUP. DE DESARROLLO SUSTENTABLE Y DELEGACIONES','2019-03-13 00:00:00.000000','2019-03-13 00:00:00.000000',0,1,''),(173,'DIRECCION GENERAL SECTORIAL PROG-PRESUP. DE PROGRESO CON JUST., GOB., SEG. PUB., ADMON. Y FINANZAS','2019-03-13 00:00:00.000000','2019-03-13 00:00:00.000000',0,1,''),(174,'SUBSECRETARIA DE ATENCION CIUDADANA Y DESARROLLO POLICIAL','2019-03-13 00:00:00.000000','2019-03-13 00:00:00.000000',0,1,''),(175,'DIRECCION GENERAL DE TRANSPORTE','2019-03-13 00:00:00.000000','2019-03-13 00:00:00.000000',0,1,''),(176,'DIRECCION GENERAL DE MEDICAMENTOS E INSUMOS','2019-03-13 00:00:00.000000','2019-03-13 00:00:00.000000',0,1,''),(177,'DIRECCION GENERAL DE LA POLICIA METROPOLITANA','2019-03-13 00:00:00.000000','2019-03-13 00:00:00.000000',0,1,''),(178,'DIRECCION GENERAL DE LA POLICIA SECTORIAL','2019-03-13 00:00:00.000000','2019-03-13 00:00:00.000000',0,1,''),(179,'DIRECCION GENERAL DE ZOOLOGICOS DE LA CIUDAD DE MEXICO','2019-03-13 00:00:00.000000','2019-03-13 00:00:00.000000',0,1,''),(180,'JEFATURA GOBIERNO DEL DISTRITO FEDERAL','2019-03-13 00:00:00.000000','2019-03-13 00:00:00.000000',0,1,''),(181,'DIRECCION EJECUTIVA DE PLANEACION Y DESARROLLO TURISTICO','2019-03-13 00:00:00.000000','2019-03-13 00:00:00.000000',0,1,''),(182,'DIRECCION GENERAL DE PLANEACION Y VIALIDAD','2019-03-13 00:00:00.000000','2019-03-13 00:00:00.000000',0,1,''),(183,'DIRECCION GENERAL DE POLITICA LABORAL Y SERVICIO PUBLICO DE CARRERA','2019-03-13 00:00:00.000000','2019-03-13 00:00:00.000000',0,1,''),(184,'DIRECCION GENERAL DE POLITICA PRESUPUESTAL','2019-03-13 00:00:00.000000','2019-03-13 00:00:00.000000',0,1,''),(185,'DIRECCION GENERAL DE GESTION AMBIENTAL DEL AIRE','2019-03-13 00:00:00.000000','2019-03-13 00:00:00.000000',0,1,''),(186,'DIRECCION GENERAL DEL REGISTRO CIVIL','2019-03-13 00:00:00.000000','2019-03-13 00:00:00.000000',0,1,''),(187,'DIRECCION GENERAL DE REGULACION Y FOMENTO ECONOMICO','2019-03-13 00:00:00.000000','2019-03-13 00:00:00.000000',0,1,''),(188,'DIRECCION GENERAL DE REGULACION Y GESTION AMBIENTAL DE AGUA, SUELO Y RESIDUOS','2019-03-13 00:00:00.000000','2019-03-13 00:00:00.000000',0,1,''),(189,'DIRECCION GENERAL DE REGULACION AL TRANSPORTE','2019-03-13 00:00:00.000000','2019-03-13 00:00:00.000000',0,1,''),(190,'DIRECCION GENERAL DE PROGRAMAS DELEGACIONALES Y REORDENAMIENTO DE LA VIA PUBLICA','2019-03-13 00:00:00.000000','2019-03-13 00:00:00.000000',0,1,''),(191,'DIRECCION GENERAL DE SERVICIOS MEDICOS Y URGENCIAS','2019-03-13 00:00:00.000000','2019-03-13 00:00:00.000000',0,1,''),(192,'DIRECCION EJECUTIVA DE COORDINACION DE CONTRALORIAS INTERNAS','2019-03-13 00:00:00.000000','2019-03-13 00:00:00.000000',0,1,''),(193,'DIRECCION GENERAL DE COMUNICACION  SOCIAL','2019-03-13 00:00:00.000000','2019-03-13 00:00:00.000000',0,1,''),(194,'SUBSECRETARIA DE GOBIERNO','2019-03-13 00:00:00.000000','2019-03-13 00:00:00.000000',0,1,''),(195,'DIRECCION GENERAL DE GOBIERNO','2019-03-13 00:00:00.000000','2019-03-13 00:00:00.000000',0,1,''),(196,'DIRECCION GENERAL DE REGULARIZACION TERRITORIAL','2019-03-13 00:00:00.000000','2019-03-13 00:00:00.000000',0,1,''),(197,'DIRECCION GENERAL DE PROTECCION CIVIL','2019-03-13 00:00:00.000000','2019-03-13 00:00:00.000000',0,1,''),(198,'SUBSECRETARIA DE TRABAJO Y PREVISION SOCIAL','2019-03-13 00:00:00.000000','2019-03-13 00:00:00.000000',0,1,''),(199,'DIRECCION GENERAL DE TRABAJO Y PREVISION SOCIAL','2019-03-13 00:00:00.000000','2019-03-13 00:00:00.000000',0,1,''),(200,'DIRECCION GENERAL DE EMPLEO Y CAPACITACION','2019-03-13 00:00:00.000000','2019-03-13 00:00:00.000000',0,1,''),(201,'DIRECCION GENERAL DE DESARROLLO URBANO','2019-03-13 00:00:00.000000','2019-03-13 00:00:00.000000',0,1,''),(202,'DIRECCION GENERAL DE ADMINISTRACION URBANA','2019-03-13 00:00:00.000000','2019-03-13 00:00:00.000000',0,1,''),(203,'DIRECCION GENERAL DE ABASTO, COMERCIO Y DISTRIBUCION','2019-03-13 00:00:00.000000','2019-03-13 00:00:00.000000',0,1,''),(204,'DIRECCION GENERAL DE PROGRAMAS ESTRATEGICOS','2019-03-13 00:00:00.000000','2019-03-13 00:00:00.000000',0,1,''),(205,'DIRECCION GENERAL DE OBRAS PUBLICAS','2019-03-13 00:00:00.000000','2019-03-13 00:00:00.000000',0,1,''),(206,'DIRECCION GENERAL DE SERVICIOS URBANOS','2019-03-13 00:00:00.000000','2019-03-13 00:00:00.000000',0,1,''),(207,'OFICINA DEL C. SECRETARIO DE CULTURA','2019-03-13 00:00:00.000000','2019-03-13 00:00:00.000000',0,1,''),(208,'DIRECCION GENERAL DE EQUIDAD Y DESARROLLO SOCIAL','2019-03-13 00:00:00.000000','2019-03-13 00:00:00.000000',0,1,''),(209,'OFICINA DE LA C. SECRETARIA DE SALUD PUBLICA DEL D. F.','2019-03-13 00:00:00.000000','2019-03-13 00:00:00.000000',0,1,''),(210,'TESORERIA DEL DISTRITO FEDERAL','2019-03-13 00:00:00.000000','2019-03-13 00:00:00.000000',0,1,''),(211,'SUBTESORERIA DE POLITICA FISCAL','2019-03-13 00:00:00.000000','2019-03-13 00:00:00.000000',0,1,''),(212,'SUBTESORERIA DE ADMINISTRACION  TRIBUTARIA','2019-03-13 00:00:00.000000','2019-03-13 00:00:00.000000',0,1,''),(213,'SUBTESORERIA DE FISCALIZACION','2019-03-13 00:00:00.000000','2019-03-13 00:00:00.000000',0,1,''),(214,'SUBTESORERIA DE CATASTRO Y PADRON TERRITORIAL','2019-03-13 00:00:00.000000','2019-03-13 00:00:00.000000',0,1,''),(215,'DIRECCION GENERAL DE ADMINISTRACION FINANCIERA','2019-03-13 00:00:00.000000','2019-03-13 00:00:00.000000',0,1,''),(216,'PROCURADURIA FISCAL DEL  DISTRITO  FEDERAL','2019-03-13 00:00:00.000000','2019-03-13 00:00:00.000000',0,1,''),(217,'SUBPROCURADURIA DE LEGISLACION Y CONSULTA','2019-03-13 00:00:00.000000','2019-03-13 00:00:00.000000',0,1,''),(218,'SUBPROCURADURIA DE LO CONTENCIOSO','2019-03-13 00:00:00.000000','2019-03-13 00:00:00.000000',0,1,''),(219,'SUBPROCURADURIA DE RECURSOS ADMINISTRATIVOS Y AUTORIZACIONES','2019-03-13 00:00:00.000000','2019-03-13 00:00:00.000000',0,1,''),(220,'SUBPROCURADURIA DE ASUNTOS PENALES Y JUICIOS SOBRE INGRESOS COORDINADOS','2019-03-13 00:00:00.000000','2019-03-13 00:00:00.000000',0,1,''),(221,'SUBSECRETARIA DE EGRESOS','2019-03-13 00:00:00.000000','2019-03-13 00:00:00.000000',0,1,''),(222,'DIRECCION GENERAL DE CONTROL Y EVALUACION','2019-03-13 00:00:00.000000','2019-03-13 00:00:00.000000',0,1,''),(223,'OFICINA DEL C. SECRETARIO DE TRANSPORTES Y VIALIDAD','2019-03-13 00:00:00.000000','2019-03-13 00:00:00.000000',0,1,''),(224,'OFICINA DEL C. OFICIAL MAYOR','2019-03-13 00:00:00.000000','2019-03-13 00:00:00.000000',0,1,''),(225,'DIRECCION GENERAL DE CONTRALORIAS INTERNAS','2019-03-13 00:00:00.000000','2019-03-13 00:00:00.000000',0,1,''),(226,'OFICINA DE LA C. CONSEJERA JURIDICA Y DE SERVICIOS LEGALES','2019-03-13 00:00:00.000000','2019-03-13 00:00:00.000000',0,1,''),(227,'DIRECCION GENERAL DE COMUNICACIONES','2019-03-13 00:00:00.000000','2019-03-13 00:00:00.000000',0,1,''),(228,'DIRECCION GENERAL DE POLICIA SECTORIAL','2019-03-13 00:00:00.000000','2019-03-13 00:00:00.000000',0,1,''),(229,'DIRECCION GENERAL DE LAS FUERZAS ESPECIALES','2019-03-13 00:00:00.000000','2019-03-13 00:00:00.000000',0,1,''),(230,'DIRECCION GENERAL DE AGRUPAMIENTOS','2019-03-13 00:00:00.000000','2019-03-13 00:00:00.000000',0,1,''),(231,'DIRECCION GENERAL DE ASUNTOS INTERNOS','2019-03-13 00:00:00.000000','2019-03-13 00:00:00.000000',0,1,''),(232,'DIRECCION GENERAL DE SEGURIDAD VIAL','2019-03-13 00:00:00.000000','2019-03-13 00:00:00.000000',0,1,''),(233,'SUBSECRETARIA DE APOYO INSTITUCIONAL Y POLICIAS COMPLEMENTARIAS','2019-03-13 00:00:00.000000','2019-03-13 00:00:00.000000',0,1,''),(234,'DIRECCION EJECUTIVA DEL REGISTRO Y CONTROL DE EMPRESAS DE SEGURIDAD PRIVADA','2019-03-13 00:00:00.000000','2019-03-13 00:00:00.000000',0,1,''),(235,'DIRECCION GENERAL DE APOYO INSTITUCIONAL','2019-03-13 00:00:00.000000','2019-03-13 00:00:00.000000',0,1,''),(236,'DIRECCION GENERAL DE POLICIAS COMPLEMENTARIAS','2019-03-13 00:00:00.000000','2019-03-13 00:00:00.000000',0,1,''),(237,'SUBSECRETARIA DE PARTICIPACION CIUDADANA Y PREVENCION DEL DELITO','2019-03-13 00:00:00.000000','2019-03-13 00:00:00.000000',0,1,''),(238,'DIRECCION GENERAL DE PREVENCION DEL DELITO','2019-03-13 00:00:00.000000','2019-03-13 00:00:00.000000',0,1,''),(239,'COORDINACION GENERAL DE ADMINISTRACION Y APOYO','2019-03-13 00:00:00.000000','2019-03-13 00:00:00.000000',0,1,''),(240,'COORDINACION GENERAL DE PROGRAMAS METROPOLITANOS','2019-03-13 00:00:00.000000','2019-03-13 00:00:00.000000',0,1,''),(241,'DIRECCION GENERAL DE PARTICIPACION CIUDADANA','2019-03-13 00:00:00.000000','2019-03-13 00:00:00.000000',0,1,''),(242,'DIRECCION GENERAL DE ADMINISTRACION DE PERSONAL','2019-03-13 00:00:00.000000','2019-03-13 00:00:00.000000',0,1,''),(243,'DIRECCION GENERAL DE ASUNTOS EDUCATIVOS','2019-03-13 00:00:00.000000','2019-03-13 00:00:00.000000',0,1,''),(244,'SECRETARIA DE EDUCACION, SALUD Y DESARROLLO SOCIAL','2019-03-13 00:00:00.000000','2019-03-13 00:00:00.000000',0,1,''),(245,'OFICINA DE LA C. SECRETARIA DE DESARROLO SOCIAL','2019-03-13 00:00:00.000000','2019-03-13 00:00:00.000000',0,1,''),(246,'DIRECCION GENERAL DE PLANEACION Y COORDINACION SECTORIAL','2019-03-13 00:00:00.000000','2019-03-13 00:00:00.000000',0,1,''),(247,'DIRECCION EJECUTIVA DE MICROCREDITOS DEL D.F.','2019-03-13 00:00:00.000000','2019-03-13 00:00:00.000000',0,1,''),(248,'DIRECCION EJECUTIVA DE COORDINACION INSTITUCIONAL E INTEGRACION DE POLITICA','2019-03-13 00:00:00.000000','2019-03-13 00:00:00.000000',0,1,''),(249,'UNIDAD DE BOSQUES URBANOS Y EDUCACION AMBIENTAL','2019-03-13 00:00:00.000000','2019-03-13 00:00:00.000000',0,1,''),(250,'OFICINA DEL C. SECRETARIO DE FINANZAS','2019-03-13 00:00:00.000000','2019-03-13 00:00:00.000000',0,1,''),(251,'DIRECCION GENERAL DE INFORMATICA','2019-03-13 00:00:00.000000','2019-03-13 00:00:00.000000',0,1,''),(252,'DIRECCION GENERAL DE CONCERTACION POLITICA Y ATENCION CIUDADANA Y CIUDADANA','2019-03-13 00:00:00.000000','2019-03-13 00:00:00.000000',0,1,''),(253,'DIRECCION GENERAL DEL FIDEICOMISO PARA EL MEJORAMIENTO DE LAS VIAS DE COMUNICACIÓN DEL D. F.','2019-03-13 00:00:00.000000','2019-03-13 00:00:00.000000',0,1,''),(254,'OFICINA DE LA C. CONTRALORA GENERAL','2019-03-13 00:00:00.000000','2019-03-13 00:00:00.000000',0,1,''),(255,'DIRECCION GENERAL DE RECLUSORIOS Y CENTROS DE READAPTACION SOCIAL','2019-03-13 00:00:00.000000','2019-03-13 00:00:00.000000',0,1,''),(256,'SUBSECRETARIA DE ASUNTOS JURIDICOS','2019-03-13 00:00:00.000000','2019-03-13 00:00:00.000000',0,1,''),(257,'DIRECCION GENERAL DE SERVICIOS LEGALES','2019-03-13 00:00:00.000000','2019-03-13 00:00:00.000000',0,1,''),(258,'DIRECCION GENERAL DEL REGISTRO PUBLICO DE LA PROPIEDAD Y DE COMERCIO','2019-03-13 00:00:00.000000','2019-03-13 00:00:00.000000',0,1,''),(259,'DIRECCION GENERAL JURIDICA Y DE ESTUDIOS LEGISLATIVOS','2019-03-13 00:00:00.000000','2019-03-13 00:00:00.000000',0,1,''),(260,'DIRECCION GENERAL DE TRABAJO NO ASALARIADO','2019-03-13 00:00:00.000000','2019-03-13 00:00:00.000000',0,1,''),(261,'SUBSECRETARIA DE COORDINACION DELEGACIONAL Y METROPOLITANA','2019-03-13 00:00:00.000000','2019-03-13 00:00:00.000000',0,1,''),(262,'DIRECCION GENERAL DE COORDINACION  METROPOLITANA','2019-03-13 00:00:00.000000','2019-03-13 00:00:00.000000',0,1,''),(263,'COORDINACION DE PARTICIPACION CIUDADANA PARA LA PREVENCION DEL DELITO','2019-03-13 00:00:00.000000','2019-03-13 00:00:00.000000',0,1,''),(264,'DIRECCION GENERAL DE POLITICA, SUPERVISION Y EVALUACION','2019-03-13 00:00:00.000000','2019-03-13 00:00:00.000000',0,1,''),(265,'DIRECCION GENERAL DE PREVENCION DEL DELITO Y CAPACITACION','2019-03-13 00:00:00.000000','2019-03-13 00:00:00.000000',0,1,''),(266,'DIRECCION GENERAL DE POLITICA Y NORMATIVIDAD ECONOMICA','2019-03-13 00:00:00.000000','2019-03-13 00:00:00.000000',0,1,''),(267,'DIRECCION GENERAL DE PROMOCION E INVERSIONES','2019-03-13 00:00:00.000000','2019-03-13 00:00:00.000000',0,1,''),(268,'DIRECCION GENERAL DE DESARROLLO RURAL','2019-03-13 00:00:00.000000','2019-03-13 00:00:00.000000',0,1,''),(269,'DIRECCION GENERAL DE IMAGEN Y COMERCIALIZACION TURISTICA','2019-03-13 00:00:00.000000','2019-03-13 00:00:00.000000',0,1,''),(270,'DIRECCION GENERAL DE SERVICIOS TURISTICOS Y FOMENTO EMPRESARIAL','2019-03-13 00:00:00.000000','2019-03-13 00:00:00.000000',0,1,''),(271,'DIRECCION GENERAL DE INVESTIGACION Y REG. DE  SERVICIOS TURISTICOS','2019-03-13 00:00:00.000000','2019-03-13 00:00:00.000000',0,1,''),(272,'DIRECCION GENERAL DE SERVICIOS TURISTICOS','2019-03-13 00:00:00.000000','2019-03-13 00:00:00.000000',0,1,''),(273,'DIRECCION GENERAL DE PREVENCION Y CONTROL DE LA CONTAMINACION','2019-03-13 00:00:00.000000','2019-03-13 00:00:00.000000',0,1,''),(274,'DIRECCION GENERAL DE PROYECTOS AMBIENTALES','2019-03-13 00:00:00.000000','2019-03-13 00:00:00.000000',0,1,''),(275,'DIRECCION GENERAL DE CONSTRUCCION Y OPERACION HIDRAULICA','2019-03-13 00:00:00.000000','2019-03-13 00:00:00.000000',0,1,''),(276,'DIRECCION GENERAL DE CONSTRUCCION DE OBRAS DEL S.T.C.','2019-03-13 00:00:00.000000','2019-03-13 00:00:00.000000',0,1,''),(277,'COMISION DE AGUAS  DEL DISTRITO FEDERAL','2019-03-13 00:00:00.000000','2019-03-13 00:00:00.000000',0,1,''),(278,'DIRECCION GENERAL DE PROMOCION DEPORTIVA','2019-03-13 00:00:00.000000','2019-03-13 00:00:00.000000',0,1,''),(279,'DIRECCION GENERAL DE POLITICA SOCIAL','2019-03-13 00:00:00.000000','2019-03-13 00:00:00.000000',0,1,''),(280,'INSTITUTO DE SERVICIOS DE SALUD DEL D.F.','2019-03-13 00:00:00.000000','2019-03-13 00:00:00.000000',0,1,''),(281,'INSTITUTO DE CULTURA DE LA CIUDAD DE MEXICO','2019-03-13 00:00:00.000000','2019-03-13 00:00:00.000000',0,1,''),(282,'DIRECCION GENERAL DE PROGRAMACION','2019-03-13 00:00:00.000000','2019-03-13 00:00:00.000000',0,1,''),(283,'DIRECCION GENERAL DE PRESUPUESTO Y CUENTA PUBLICA','2019-03-13 00:00:00.000000','2019-03-13 00:00:00.000000',0,1,''),(284,'DIRECCION GENERAL DE PLANEACION Y PROY. DE TRANSPORTE Y VIALIDAD','2019-03-13 00:00:00.000000','2019-03-13 00:00:00.000000',0,1,''),(285,'DIRECCION GENERAL DE NORMATIVIDAD Y EVALUACION DEL TRANSPORTE Y VIALIDAD','2019-03-13 00:00:00.000000','2019-03-13 00:00:00.000000',0,1,''),(286,'DIRECCION GENERAL DE SERVICIOS AL TRANSPORTE','2019-03-13 00:00:00.000000','2019-03-13 00:00:00.000000',0,1,''),(287,'AUTOTRANSPORTES  URBANOS  DE PASAJEROS R-100','2019-03-13 00:00:00.000000','2019-03-13 00:00:00.000000',0,1,''),(288,'DIRECCION GENERAL DE CONTROL METROPOLITANO','2019-03-13 00:00:00.000000','2019-03-13 00:00:00.000000',0,1,''),(289,'DIRECCION GENERAL DE CONTROL REGIONAL','2019-03-13 00:00:00.000000','2019-03-13 00:00:00.000000',0,1,''),(290,'DIRECCION GENERAL DE SERVICIOS DE  APOYO','2019-03-13 00:00:00.000000','2019-03-13 00:00:00.000000',0,1,''),(291,'POLICIA AUXILIAR DEL DISTRITO FEDERAL','2019-03-13 00:00:00.000000','2019-03-13 00:00:00.000000',0,1,''),(292,'OFICINA DEL C. SECRETARIO DE SEGURIDAD PUBLICA','2019-03-13 00:00:00.000000','2019-03-13 00:00:00.000000',0,1,''),(293,'DIRECCION GENERAL DE ADMINISTRACION Y DESARROLLO DE PERSONAL','2019-03-13 00:00:00.000000','2019-03-13 00:00:00.000000',0,1,''),(294,'DIRECCION GENERAL DE RECURSOS MATERIALES Y SERVICIOS GENERALES','2019-03-13 00:00:00.000000','2019-03-13 00:00:00.000000',0,1,''),(295,'DIRECCION GENERAL DE MODERNIZACION ADMINISTRATIVA','2019-03-13 00:00:00.000000','2019-03-13 00:00:00.000000',0,1,''),(296,'DIRECCION GENERAL DEL PATRIMONIO INMOBILIARIO','2019-03-13 00:00:00.000000','2019-03-13 00:00:00.000000',0,1,''),(297,'COMISION DE AVALUOS DE BIENES DEL D.F.','2019-03-13 00:00:00.000000','2019-03-13 00:00:00.000000',0,1,''),(298,'DIRECCION GENERAL DE AUDITORIA','2019-03-13 00:00:00.000000','2019-03-13 00:00:00.000000',0,1,''),(299,'DIRECCION GENERAL DE LEGALIDAD Y RESPONSABILIDADES','2019-03-13 00:00:00.000000','2019-03-13 00:00:00.000000',0,1,''),(300,'DIRECCION GENERAL DE EVALUACION Y DIAGNOSTICO','2019-03-13 00:00:00.000000','2019-03-13 00:00:00.000000',0,1,''),(301,'DIRECCION GENERAL DE COMISARIOS','2019-03-13 00:00:00.000000','2019-03-13 00:00:00.000000',0,1,''),(302,'SUBPROCURADURIA DE AVERIGUACIONES PREVIAS CENTRALES (PGJDF)','2019-03-13 00:00:00.000000','2019-03-13 00:00:00.000000',0,1,''),(303,'SUBPROCURADURIA DE AVERIGUACIONES PREVIAS DESCONCENTRADAS (PGJDF)','2019-03-13 00:00:00.000000','2019-03-13 00:00:00.000000',0,1,''),(304,'SUBPROCURADURIA DE PROCESOS (PGJDF)','2019-03-13 00:00:00.000000','2019-03-13 00:00:00.000000',0,1,''),(305,'SUBPROCURADURIA JURIDICA Y DE DERECHOS HUMANOS (PGJDF)','2019-03-13 00:00:00.000000','2019-03-13 00:00:00.000000',0,1,''),(306,'PREVISIONES SALARIALES Y ECONOMICAS','2019-03-13 00:00:00.000000','2019-03-13 00:00:00.000000',0,1,''),(307,'COOPERACIONES Y SEGURIDAD SOCIAL','2019-03-13 00:00:00.000000','2019-03-13 00:00:00.000000',0,1,''),(308,'DEUDA PUBLICA','2019-03-13 00:00:00.000000','2019-03-13 00:00:00.000000',0,1,''),(309,'SUBSECRETARIA DE SEGURIDAD PUBLICA','2019-03-13 00:00:00.000000','2019-03-13 00:00:00.000000',0,1,''),(310,'DIRECCION GENERAL DE COORDINACION DELEGACIONAL','2019-03-13 00:00:00.000000','2019-03-13 00:00:00.000000',0,1,''),(311,'CONTRALORIAS INTERNAS','2019-03-13 00:00:00.000000','2019-03-13 00:00:00.000000',0,1,''),(312,'DELEGACIONES DEL DISTRITO FEDERAL','2019-03-13 00:00:00.000000','2019-03-13 00:00:00.000000',0,1,''),(313,'DIRECCION GENERAL DE OPERACION Y CONTROL DE PROYECTOS','2019-03-13 00:00:00.000000','2019-03-13 00:00:00.000000',0,1,''),(314,'DIRECCION EJECUTIVA DE DESARROLLO INFORMATICO','2019-03-13 00:00:00.000000','2019-03-13 00:00:00.000000',0,1,''),(315,'DIRECCION EJECUTIVA DE JUSTICIA CIVICA','2019-03-13 00:00:00.000000','2019-03-13 00:00:00.000000',0,1,''),(316,'REGISTRO CIVIL DEL D.F.','2019-03-13 00:00:00.000000','2019-03-13 00:00:00.000000',0,1,''),(317,'DIRECCION GENERAL DE EQUIPAMIENTO URBANO Y PROYECTOS','2019-03-13 00:00:00.000000','2019-03-13 00:00:00.000000',0,1,''),(318,'FIDEICOMISO DE ESTUDIOS ESTRATEGICOS DE LA CIUDAD DE MEXICO','2019-03-13 00:00:00.000000','2019-03-13 00:00:00.000000',0,1,''),(319,'FIDEICOMISO DE LAS INSTITUCIONES DE LOS NIÑOS CALLE','2019-03-13 00:00:00.000000','2019-03-13 00:00:00.000000',0,1,''),(320,'DIRECCION GENERAL DE SERVICIOS COMUNITARIOS INTEGRADOS','2019-03-13 00:00:00.000000','2019-03-13 00:00:00.000000',0,1,''),(321,'DIRECCION GENERAL DE EDUCACION AMBIENTAL','2019-03-13 00:00:00.000000','2019-03-13 00:00:00.000000',0,1,''),(322,'DIRECCION GENERAL DE BOSQUES URBANOS Y EDUCACION AMBIENTAL','2019-03-13 00:00:00.000000','2019-03-13 00:00:00.000000',0,1,''),(323,'DIRECCION GENERAL DE ACCION SOCIAL, CIVICA Y CULTURAL','2019-03-13 00:00:00.000000','2019-03-13 00:00:00.000000',0,1,''),(324,'INSTITUTO DEL TAXI DEL D.F.','2019-03-13 00:00:00.000000','2019-03-13 00:00:00.000000',0,1,''),(325,'COMISION PARA LA PROTECCION DE INSUMOS PARA SALUD','2019-03-13 00:00:00.000000','2019-03-13 00:00:00.000000',0,1,''),(326,'DIRECCION GENERAL DE REGULACION SANITARIA','2019-03-13 00:00:00.000000','2019-03-13 00:00:00.000000',0,1,''),(327,'DIRECCION GENERAL DE PROGRAMACION Y PRESUPUESTO','2019-03-13 00:00:00.000000','2019-03-13 00:00:00.000000',0,1,''),(328,'DIRECCION GENERAL DE CONTROL OPERATIVO','2019-03-13 00:00:00.000000','2019-03-13 00:00:00.000000',0,1,''),(329,'DIRECCION GENERAL DE CONTROL DE TRANSITO','2019-03-13 00:00:00.000000','2019-03-13 00:00:00.000000',0,1,''),(330,'COORDINACION EJECUTIVA DE DESARROLLO INFORMATICO','2019-03-13 00:00:00.000000','2019-03-13 00:00:00.000000',0,1,''),(331,'PROCURADURIA AMBIENTAL Y DEL ORDENAMIENTO TERRITORIAL','2019-03-13 00:00:00.000000','2019-03-13 00:00:00.000000',0,1,''),(332,'DIRECCION DE LA OFICINA CENTRAL DEL REGISTRO CIVIL','2019-03-13 00:00:00.000000','2019-03-13 00:00:00.000000',0,1,''),(333,'SECRETARIA DE DESARROLLO URBANO Y VIVIENDA','2019-03-13 00:00:00.000000','2019-03-13 00:00:00.000000',0,1,''),(334,'COMISIÓN DE RECURSOS NATURALES Y DESARROLLO RURAL','2019-03-13 00:00:00.000000','2019-03-13 00:00:00.000000',0,1,''),(335,'SECRETARIA DEL MEDIO AMBIENTE','2019-03-13 00:00:00.000000','2019-03-13 00:00:00.000000',0,1,''),(336,'COMISIÓN DE RECURSOS NATURALES','2019-03-13 00:00:00.000000','2019-03-13 00:00:00.000000',0,1,''),(337,'SECRETARIA DE OBRAS Y SERVICIOS','2019-03-13 00:00:00.000000','2019-03-13 00:00:00.000000',0,1,''),(338,'SECRETARIA DE SALUD DEL DISTRITO FEDERAL','2019-03-13 00:00:00.000000','2019-03-13 00:00:00.000000',0,1,''),(339,'SECRETARÍA DE CULTURA','2019-03-13 00:00:00.000000','2019-03-13 00:00:00.000000',0,1,''),(340,'COMISIÓN DE ASUNTOS AGRARIOS DEL DISTRITO FEDERAL','2019-03-13 00:00:00.000000','2019-03-13 00:00:00.000000',0,1,''),(341,'CONSEJERÍA JURÍDICA Y DE SERVICIOS LEGALES','2019-03-13 00:00:00.000000','2019-03-13 00:00:00.000000',0,1,''),(342,'SECRETARIA DE GOBIERNO','2019-03-13 00:00:00.000000','2019-03-13 00:00:00.000000',0,1,''),(343,'SECRETARIA DE DESARROLLO ECONOMICO','2019-03-13 00:00:00.000000','2019-03-13 00:00:00.000000',0,1,''),(344,'SECRETARIA DE DESARROLLO SOCIAL','2019-03-13 00:00:00.000000','2019-03-13 00:00:00.000000',0,1,''),(345,'JUNTA DE ASISTENCIA PRIVADA','2019-03-13 00:00:00.000000','2019-03-13 00:00:00.000000',0,1,''),(346,'INSTITUTO DE LA MUJER DEL D.F.','2019-03-13 00:00:00.000000','2019-03-13 00:00:00.000000',0,1,''),(347,'INSTITUTO DE LAS MUJERES DEL D. F.','2019-03-13 00:00:00.000000','2019-03-13 00:00:00.000000',0,1,''),(348,'DIRECCION GENERAL DE SERVICIOS DE TRANSPORTE PUBLICO INDIVIDUAL DE PASAJEROS DEL D. F.','2019-03-13 00:00:00.000000','2019-03-13 00:00:00.000000',0,1,''),(349,'INSTITUTO DE PROMOCION TURISTICA DEL D. F.','2019-03-13 00:00:00.000000','2019-03-13 00:00:00.000000',0,1,''),(350,'SECRETARÍA DE TURISMO','2019-03-13 00:00:00.000000','2019-03-13 00:00:00.000000',0,1,''),(351,'DIRECCION GENERAL DE PREVENCION Y READAPTACION SOCIAL','2019-03-13 00:00:00.000000','2019-03-13 00:00:00.000000',0,1,''),(352,'INSTITUTO DEL DEPORTE DEL DISTRITO FEDERAL','2019-03-13 00:00:00.000000','2019-03-13 00:00:00.000000',0,1,''),(353,'FIDEICOMISO DE RECUPERACION CREDITICIA DE LA VIVIENDA POPULAR (FIDERE)','2019-03-13 00:00:00.000000','2019-03-13 00:00:00.000000',0,1,''),(354,'FONDO DE DESARROLLO ECONOMICO DEL D.F. (FONDECO)','2019-03-13 00:00:00.000000','2019-03-13 00:00:00.000000',0,1,''),(355,'FONDO PARA EL DESARROLLO SOCIAL DE LA CIUDAD DE MEXICO','2019-03-13 00:00:00.000000','2019-03-13 00:00:00.000000',0,1,''),(356,'SERVICIO PUBLICO DE LOCALIZACION TELEFONICA (LOCATEL)','2019-03-13 00:00:00.000000','2019-03-13 00:00:00.000000',0,1,''),(357,'CORPORACIÓN MEXICANA DE IMPRESIÓN, S.A. DE C.V. (COMISA)','2019-03-13 00:00:00.000000','2019-03-13 00:00:00.000000',0,1,''),(358,'SERVICIOS METROPOLITANOS, S.A. DE C.V.','2019-03-13 00:00:00.000000','2019-03-13 00:00:00.000000',0,1,''),(359,'CAJA DE PREVISION DE LA POLICIA AUXILIAR DEL D. F.','2019-03-13 00:00:00.000000','2019-03-13 00:00:00.000000',0,1,''),(360,'FIDEICOMISO CENTRAL DE ABASTO DE CIUDAD DE MEXICO','2019-03-13 00:00:00.000000','2019-03-13 00:00:00.000000',0,1,''),(361,'PROCURADURIA SOCIAL DEL DISTRITO FEDERAL','2019-03-13 00:00:00.000000','2019-03-13 00:00:00.000000',0,1,''),(362,'FIDEICOMISO DE VIVIENDA, DESARROLLO SOCIAL Y URBANO (FIVIDESU)','2019-03-13 00:00:00.000000','2019-03-13 00:00:00.000000',0,1,''),(363,'FIDEICOMISO PROGRAMA CASA PROPIA (FICAPRO)','2019-03-13 00:00:00.000000','2019-03-13 00:00:00.000000',0,1,''),(364,'PROCURADURIA DE LA DEFENSA DEL TRABAJO','2019-03-13 00:00:00.000000','2019-03-13 00:00:00.000000',0,1,''),(365,'DIRECCION GENERAL DEL HEROICO CUERPO DE BOMBEROS DEL D.F.','2019-03-13 00:00:00.000000','2019-03-13 00:00:00.000000',0,1,''),(366,'INSTITUTO DE LA JUVENTUD DEL DISTRITO FEDERAL','2019-03-13 00:00:00.000000','2019-03-13 00:00:00.000000',0,1,''),(367,'INSTITUTO DE ASISTENCIA E INTEGRACION SOCIAL DEL DISTRITO FEDERAL','2019-03-13 00:00:00.000000','2019-03-13 00:00:00.000000',0,1,''),(368,'SISTEMA PARA EL DESARROLLO INTEGRAL DE LA FAMILIA DEL D. F.','2019-03-13 00:00:00.000000','2019-03-13 00:00:00.000000',0,1,''),(369,'SERVICIOS DE SALUD PUBLICA DEL DISTRITO FEDERAL','2019-03-13 00:00:00.000000','2019-03-13 00:00:00.000000',0,1,''),(370,'RED DE TRANSPORTE DE PASAJEROS DEL D.F. ','2019-03-13 00:00:00.000000','2019-03-13 00:00:00.000000',0,1,''),(371,'FIDEICOMISO DE EMERGENCIA 080 DE LA CIUDAD DE MEXICO','2019-03-13 00:00:00.000000','2019-03-13 00:00:00.000000',0,1,''),(372,'FIDEICOMISO CENTRO HISTÓRICO DE LA CIUDAD DE MÉXICO','2019-03-13 00:00:00.000000','2019-03-13 00:00:00.000000',0,1,''),(373,'FIDEICOMISO PARA EL MEJORAMIENTO DE LAS VIAS DE COMUNICACION DEL D.F.','2019-03-13 00:00:00.000000','2019-03-13 00:00:00.000000',0,1,''),(374,'FONDO MIXTO DE PROMOCION TURISTICA','2019-03-13 00:00:00.000000','2019-03-13 00:00:00.000000',0,1,''),(375,'INSTITUTO DE EDUCACION MEDIA SUPERIOR DEL DISTRITO FEDERAL','2019-03-13 00:00:00.000000','2019-03-13 00:00:00.000000',0,1,''),(376,'PROCURADURIA AMBIENTAL Y DEL ORDENAMIENTO TERRITORIAL DEL D. F.','2019-03-13 00:00:00.000000','2019-03-13 00:00:00.000000',0,1,''),(377,'METROBUS','2019-03-13 00:00:00.000000','2019-03-13 00:00:00.000000',0,1,''),(378,'FIDEICOMISO MUSEO DE ARTE POPULAR MEXICANO','2019-03-13 00:00:00.000000','2019-03-13 00:00:00.000000',0,1,''),(379,'FIDEICOMISO MUSEO DEL ESTANQUILLO','2019-03-13 00:00:00.000000','2019-03-13 00:00:00.000000',0,1,''),(380,'INSTITUTO DE CIENCIA Y TECNOLOGÍA','2019-03-13 00:00:00.000000','2019-03-13 00:00:00.000000',0,1,''),(381,'SECRETARÍA DE PROTECCIÓN CIVIL','2019-03-13 00:00:00.000000','2019-03-13 00:00:00.000000',0,1,''),(382,'SECRETARÍA DE EDUCACIÓN PÚBLICA','2019-03-13 00:00:00.000000','2019-03-13 00:00:00.000000',0,1,''),(383,'SECRETARÍA DE EQUIDAD PARA LA COMUNIDAD ETNICA','2019-03-13 00:00:00.000000','2019-03-13 00:00:00.000000',0,1,''),(384,'SECRETARÍA DE PROTECCIÓN Y FOMENTO AL EMPLEO','2019-03-13 00:00:00.000000','2019-03-13 00:00:00.000000',0,1,''),(385,'SECRETARIA DEL TRABAJO Y FOMENTO AL EMPLEO','2019-03-13 00:00:00.000000','2019-03-13 00:00:00.000000',0,1,''),(386,'SECRETARIA DE EDUCACIÓN','2019-03-13 00:00:00.000000','2019-03-13 00:00:00.000000',0,1,''),(387,'SECRETARIA DE DESARROLLO RURAL Y EQUIDAD PARA LAS COMUNIDADES','2019-03-13 00:00:00.000000','2019-03-13 00:00:00.000000',0,1,''),(388,'FIDEICOMISO EDUCACIÓN GARANTIZADA','2019-03-13 00:00:00.000000','2019-03-13 00:00:00.000000',0,1,''),(389,'SISTEMA DE RADIO Y TELEVISION DIGITAL DEL G.D.F.','2019-03-13 00:00:00.000000','2019-03-13 00:00:00.000000',0,1,''),(390,'FIDEICOMISO PUBLICO COMPLEJO AMBIENTAL XOCHIMILCO','2019-03-13 00:00:00.000000','2019-03-13 00:00:00.000000',0,1,''),(391,'FIDEICOMISO PUBLICO CIUDAD DIGITAL','2019-03-13 00:00:00.000000','2019-03-13 00:00:00.000000',0,1,''),(392,'ESCUELA DE ADMINISTRACION PUBLICA DEL DISTRITO FEDERAL','2019-03-13 00:00:00.000000','2019-03-13 00:00:00.000000',0,1,''),(393,'CONSEJO DE EVALUACION DEL DESARROLLO SOCIAL','2019-03-13 00:00:00.000000','2019-03-13 00:00:00.000000',0,1,''),(394,'CENTRO DE ATENCION A EMERGENCIAS Y PROTECCION CIUDADANA DE LA CIUDAD DE MEXICO','2019-03-13 00:00:00.000000','2019-03-13 00:00:00.000000',0,1,''),(395,'INSTITUTO DE VERIFICACION ADMINISTRATIVA DEL DISTRITO FEDERAL','2019-03-13 00:00:00.000000','2019-03-13 00:00:00.000000',0,1,''),(396,'INSTITUTO LOCAL DE LA INFRAESTRUCTURA FISICA EDUCATIVA DEL DISTRITO FEDERAL','2019-03-13 00:00:00.000000','2019-03-13 00:00:00.000000',0,1,''),(397,'INSTITUTO PARA LA ATENCION Y PREVENCION DE LAS ADICCIONES DE LA CIUDAD DE MEXICO','2019-03-13 00:00:00.000000','2019-03-13 00:00:00.000000',0,1,''),(398,'INSTITUTO PARA LA ATENCION DE LOS ADULTOS MAYORES','2019-03-13 00:00:00.000000','2019-03-13 00:00:00.000000',0,1,''),(399,'INSTITUTO PARA LA INTEGRACION AL DESARROLLO DE LAS PERSONAS CON DISCAPACIDAD DEL D.F.','2019-03-13 00:00:00.000000','2019-03-13 00:00:00.000000',0,1,''),(400,'CONSEJO PARA PREVENIR Y ELIMINAR LA DESCRIMINACION DE LA CIUDAD DE MEXICO','2019-03-13 00:00:00.000000','2019-03-13 00:00:00.000000',0,1,''),(401,'CALIDAD DE VIDA, PROGRESO Y DESARROLLO PARA LA CIUDAD DE MEXICO,S.A. DE C.V.','2019-03-13 00:00:00.000000','2019-03-13 00:00:00.000000',0,1,''),(402,'FONDO AMBIENTAL PUBLICO DEL DISTRITO FEDERAL','2019-03-13 00:00:00.000000','2019-03-13 00:00:00.000000',0,1,''),(403,'FONDO DE APOYO A LA PROCURACION DE JUSTICIA EN EL D.F.','2019-03-13 00:00:00.000000','2019-03-13 00:00:00.000000',0,1,''),(404,'FIDEICOMISO PARA LA CONSTRUCCION Y OPERACION DE LA CIUDAD DE MEXICO','2019-03-13 00:00:00.000000','2019-03-13 00:00:00.000000',0,1,''),(405,'FONDO DE DESARROLLO ECONOMICO Y SOCIAL DE LA CIUDAD DE MEXICO','2019-03-13 00:00:00.000000','2019-03-13 00:00:00.000000',0,1,''),(406,'FONDO DE DESASTRES NATURALES DEL DISTRITO FEDERAL','2019-03-13 00:00:00.000000','2019-03-13 00:00:00.000000',0,1,''),(407,'FIDEICOMISO PARA LA PROMOCION Y DESARROLLO DEL CINE MEXICANO EN EL DISTRITO FEDERAL','2019-03-13 00:00:00.000000','2019-03-13 00:00:00.000000',0,1,''),(408,'FIDEICOMISO PARA EL FONDO DE PROMOCION PARA EL FINANCIAMIENTO DEL TRANSPORTE PUBLICO','2019-03-13 00:00:00.000000','2019-03-13 00:00:00.000000',0,1,''),(409,'FONDO DE SEGURIDAD PUBLICADEL DISTRITO FEDERAL','2019-03-13 00:00:00.000000','2019-03-13 00:00:00.000000',0,1,''),(410,'INSTITUTO PARA LA SEGURIDAD DE LAS CONSTRUCCIONES EN EL DISTRITO FEDERAL','2019-03-13 00:00:00.000000','2019-03-13 00:00:00.000000',0,1,''),(411,'AGENCIA DE GESTION URBANA DE LA CIUDAD DE MEXICO','2019-03-13 00:00:00.000000','2019-03-13 00:00:00.000000',0,1,''),(412,'SECRETARIA DE CIENCIA, TECNOLOGIA E INNOVACION','2019-03-13 00:00:00.000000','2019-03-13 00:00:00.000000',0,1,''),(413,'AUTORIDAD DE LA ZONA PATRIMONIO MUNDIAL NATURAL Y CULTURAL DE LA HUMANIDAD EN XOCHIMILCO, TLAHUAC Y','2019-03-13 00:00:00.000000','2019-03-13 00:00:00.000000',0,1,''),(414,'AUTORIDAD DEL CENTRO HISTORICO DE LA CIUDAD DE MEXICO','2019-03-13 00:00:00.000000','2019-03-13 00:00:00.000000',0,1,''),(415,'SECRETARIA DE MOVILIDAD','2019-03-13 00:00:00.000000','2019-03-13 00:00:00.000000',0,1,''),(416,'INSTITUTO DE CAPACITACION PARA EL TRABAJO DE LA CIUDAD DE MEXICO','2019-03-13 00:00:00.000000','2019-03-13 00:00:00.000000',0,1,''),(417,'AUTORIDAD DEL ESPACIO PUBLICO DEL DISTRITO FEDERAL','2019-03-13 00:00:00.000000','2019-03-13 00:00:00.000000',0,1,''),(418,'FIDEICOMISO PÚBLICO INOVA','2019-03-13 00:00:00.000000','2019-03-13 00:00:00.000000',0,1,''),(422,'Secretaría de Administración y Finanzas','2019-03-13 00:00:00.000000','2019-03-13 00:00:00.000000',0,1,''),(423,'Secretaría de la Contraloría General de la Ciudad de México ','2019-03-13 00:00:00.000000','2019-03-13 00:00:00.000000',0,1,''),(424,'Secretaría de educación, Ciencia, Tecnología e Innovación ','2019-03-13 00:00:00.000000','2019-03-13 00:00:00.000000',0,1,''),(425,'Secretaría de Gestión Integral de Riesgos y Protección Civil ','2019-03-13 00:00:00.000000','2019-03-13 00:00:00.000000',0,1,''),(426,'Secretaría de Inclusión y Bienestar Social','2019-03-13 00:00:00.000000','2019-03-13 00:00:00.000000',0,1,''),(427,'Secretaría de las Mujeres','2019-03-13 00:00:00.000000','2019-03-13 00:00:00.000000',0,1,''),(428,'Secretaría de Pueblos y Barrios Originarios y Comunidades Indígenas Residentes','2019-03-13 00:00:00.000000','2019-03-13 00:00:00.000000',0,1,''),(429,'Secretaría de Seguridad Ciudadana','2019-03-13 00:00:00.000000','2019-03-13 00:00:00.000000',0,1,'');
/*!40000 ALTER TABLE `declaracion_catentespublicos` ENABLE KEYS */;
UNLOCK TABLES;

--
-- Table structure for table `declaracion_catentidadesfederativas`
--

DROP TABLE IF EXISTS `declaracion_catentidadesfederativas`;
/*!40101 SET @saved_cs_client     = @@character_set_client */;
/*!40101 SET character_set_client = utf8 */;
CREATE TABLE `declaracion_catentidadesfederativas` (
  `id` int(11) NOT NULL AUTO_INCREMENT,
  `entidad_federativa` varchar(255) NOT NULL,
  `created_at` datetime(6) NOT NULL,
  `updated_at` datetime(6) NOT NULL,
  `default` int(11) NOT NULL,
  `orden` int(11) NOT NULL,
  `codigo` varchar(45) NOT NULL,
  PRIMARY KEY (`id`)
) ENGINE=InnoDB AUTO_INCREMENT=33 DEFAULT CHARSET=latin1;
/*!40101 SET character_set_client = @saved_cs_client */;

--
-- Dumping data for table `declaracion_catentidadesfederativas`
--

LOCK TABLES `declaracion_catentidadesfederativas` WRITE;
/*!40000 ALTER TABLE `declaracion_catentidadesfederativas` DISABLE KEYS */;
INSERT INTO `declaracion_catentidadesfederativas` VALUES (1,'Aguascalientes','2019-03-11 00:00:00.000000','2019-03-12 00:00:00.000000',0,1,'01'),(2,'Baja California','2019-03-11 00:00:00.000000','2019-03-12 00:00:00.000000',0,1,'02'),(3,'Baja California Sur','2019-03-11 00:00:00.000000','2019-03-12 00:00:00.000000',0,1,'03'),(4,'Campeche','2019-03-11 00:00:00.000000','2019-03-12 00:00:00.000000',0,1,'04'),(5,'Coahuila de Zaragoza','2019-03-11 00:00:00.000000','2019-03-12 00:00:00.000000',0,1,'05'),(6,'Colima','2019-03-11 00:00:00.000000','2019-03-12 00:00:00.000000',0,1,'06'),(7,'Chiapas','2019-03-11 00:00:00.000000','2019-03-12 00:00:00.000000',0,1,'07'),(8,'Chihuahua','2019-03-11 00:00:00.000000','2019-03-12 00:00:00.000000',0,1,'08'),(9,'Ciudad de México','2019-03-11 00:00:00.000000','2019-03-12 00:00:00.000000',0,1,'09'),(10,'Durango','2019-03-11 00:00:00.000000','2019-03-12 00:00:00.000000',0,1,'10'),(11,'Guanajuato','2019-03-11 00:00:00.000000','2019-03-12 00:00:00.000000',0,1,'11'),(12,'Guerrero','2019-03-11 00:00:00.000000','2019-03-12 00:00:00.000000',0,1,'12'),(13,'Hidalgo','2019-03-11 00:00:00.000000','2019-03-12 00:00:00.000000',0,1,'13'),(14,'Jalisco','2019-03-11 00:00:00.000000','2019-03-12 00:00:00.000000',0,1,'14'),(15,'México','2019-03-11 00:00:00.000000','2019-03-12 00:00:00.000000',0,1,'15'),(16,'Michoacán de Ocampo','2019-03-11 00:00:00.000000','2019-03-12 00:00:00.000000',0,1,'16'),(17,'Morelos','2019-03-11 00:00:00.000000','2019-03-12 00:00:00.000000',0,1,'17'),(18,'Nayarit','2019-03-11 00:00:00.000000','2019-03-12 00:00:00.000000',0,1,'18'),(19,'Nuevo León','2019-03-11 00:00:00.000000','2019-03-12 00:00:00.000000',0,1,'19'),(20,'Oaxaca','2019-03-11 00:00:00.000000','2019-03-12 00:00:00.000000',0,1,'20'),(21,'Puebla','2019-03-11 00:00:00.000000','2019-03-12 00:00:00.000000',0,1,'21'),(22,'Querétaro','2019-03-11 00:00:00.000000','2019-03-12 00:00:00.000000',0,1,'22'),(23,'Quintana Roo','2019-03-11 00:00:00.000000','2019-03-12 00:00:00.000000',0,1,'23'),(24,'San Luis Potosí','2019-03-11 00:00:00.000000','2019-03-12 00:00:00.000000',0,1,'24'),(25,'Sinaloa','2019-03-11 00:00:00.000000','2019-03-12 00:00:00.000000',0,1,'25'),(26,'Sonora','2019-03-11 00:00:00.000000','2019-03-12 00:00:00.000000',0,1,'26'),(27,'Tabasco','2019-03-11 00:00:00.000000','2019-03-12 00:00:00.000000',0,1,'27'),(28,'Tamaulipas','2019-03-11 00:00:00.000000','2019-03-12 00:00:00.000000',0,1,'28'),(29,'Tlaxcala','2019-03-11 00:00:00.000000','2019-03-12 00:00:00.000000',0,1,'29'),(30,'Veracruz de Ignacio de la Llave','2019-03-11 00:00:00.000000','2019-03-12 00:00:00.000000',0,1,'30'),(31,'Yucatán','2019-03-11 00:00:00.000000','2019-03-12 00:00:00.000000',0,1,'31'),(32,'Zacatecas','2019-03-11 00:00:00.000000','2019-03-12 00:00:00.000000',0,1,'32');
/*!40000 ALTER TABLE `declaracion_catentidadesfederativas` ENABLE KEYS */;
UNLOCK TABLES;

--
-- Table structure for table `declaracion_catestadosciviles`
--

DROP TABLE IF EXISTS `declaracion_catestadosciviles`;
/*!40101 SET @saved_cs_client     = @@character_set_client */;
/*!40101 SET character_set_client = utf8 */;
CREATE TABLE `declaracion_catestadosciviles` (
  `id` int(11) NOT NULL AUTO_INCREMENT,
  `estado_civil` varchar(255) NOT NULL,
  `created_at` datetime(6) NOT NULL,
  `updated_at` datetime(6) NOT NULL,
  `default` int(11) NOT NULL,
  `orden` int(11) NOT NULL,
  `codigo` varchar(45) NOT NULL,
  PRIMARY KEY (`id`)
) ENGINE=InnoDB AUTO_INCREMENT=7 DEFAULT CHARSET=latin1;
/*!40101 SET character_set_client = @saved_cs_client */;

--
-- Dumping data for table `declaracion_catestadosciviles`
--

LOCK TABLES `declaracion_catestadosciviles` WRITE;
/*!40000 ALTER TABLE `declaracion_catestadosciviles` DISABLE KEYS */;
INSERT INTO `declaracion_catestadosciviles` VALUES (1,'CASADO (A)','2019-03-12 00:00:00.000000','2019-03-12 00:00:00.000000',0,1,'CAS'),(2,'SOLTERO (A)','2019-03-12 00:00:00.000000','2019-03-12 00:00:00.000000',0,1,'SOL'),(3,'VIUDO (A)','2019-03-12 00:00:00.000000','2019-03-12 00:00:00.000000',0,1,'VIU'),(4,'DIVORCIADO (A)','2019-03-12 00:00:00.000000','2019-03-12 00:00:00.000000',0,1,'DIV'),(5,'SOCIEDAD DE CONVIVENCIA','2019-03-12 00:00:00.000000','2019-03-12 00:00:00.000000',0,1,'SCO'),(6,'CONCUBINA/CONCUBINARIO/UNIÓN LIBRE','2019-03-12 00:00:00.000000','2019-03-12 00:00:00.000000',0,1,'CON');
/*!40000 ALTER TABLE `declaracion_catestadosciviles` ENABLE KEYS */;
UNLOCK TABLES;

--
-- Table structure for table `declaracion_catestatusdeclaracion`
--

DROP TABLE IF EXISTS `declaracion_catestatusdeclaracion`;
/*!40101 SET @saved_cs_client     = @@character_set_client */;
/*!40101 SET character_set_client = utf8 */;
CREATE TABLE `declaracion_catestatusdeclaracion` (
  `id` int(11) NOT NULL AUTO_INCREMENT,
  `estatus_declaracion` varchar(255) NOT NULL,
  `created_at` datetime(6) NOT NULL,
  `updated_at` datetime(6) NOT NULL,
  `default` int(11) NOT NULL,
  `orden` int(11) NOT NULL,
  `codigo` varchar(45) NOT NULL,
  PRIMARY KEY (`id`)
) ENGINE=InnoDB AUTO_INCREMENT=5 DEFAULT CHARSET=latin1;
/*!40101 SET character_set_client = @saved_cs_client */;

--
-- Dumping data for table `declaracion_catestatusdeclaracion`
--

LOCK TABLES `declaracion_catestatusdeclaracion` WRITE;
/*!40000 ALTER TABLE `declaracion_catestatusdeclaracion` DISABLE KEYS */;
INSERT INTO `declaracion_catestatusdeclaracion` VALUES (1,'Iniciada','2019-03-13 00:00:00.000000','2019-03-13 00:00:00.000000',0,1,''),(2,'Pendiente','2019-03-13 00:00:00.000000','2019-03-13 00:00:00.000000',0,1,''),(3,'Completa  ','2019-03-13 00:00:00.000000','2019-03-13 00:00:00.000000',0,1,''),(4,'Transmitida','2019-03-13 00:00:00.000000','2019-03-13 00:00:00.000000',0,1,'');
/*!40000 ALTER TABLE `declaracion_catestatusdeclaracion` ENABLE KEYS */;
UNLOCK TABLES;

--
-- Table structure for table `declaracion_catestatusestudios`
--

DROP TABLE IF EXISTS `declaracion_catestatusestudios`;
/*!40101 SET @saved_cs_client     = @@character_set_client */;
/*!40101 SET character_set_client = utf8 */;
CREATE TABLE `declaracion_catestatusestudios` (
  `id` int(11) NOT NULL AUTO_INCREMENT,
  `estatus_estudios` varchar(255) NOT NULL,
  `created_at` datetime(6) NOT NULL,
  `updated_at` datetime(6) NOT NULL,
  `default` int(11) NOT NULL,
  `orden` int(11) NOT NULL,
  `codigo` varchar(45) NOT NULL,
  PRIMARY KEY (`id`)
) ENGINE=InnoDB AUTO_INCREMENT=4 DEFAULT CHARSET=latin1;
/*!40101 SET character_set_client = @saved_cs_client */;

--
-- Dumping data for table `declaracion_catestatusestudios`
--

LOCK TABLES `declaracion_catestatusestudios` WRITE;
/*!40000 ALTER TABLE `declaracion_catestatusestudios` DISABLE KEYS */;
INSERT INTO `declaracion_catestatusestudios` VALUES (1,'CURSANDO','2019-03-12 00:00:00.000000','2019-03-12 00:00:00.000000',0,1,'CURS'),(2,'FINALIZADO','2019-03-12 00:00:00.000000','2019-03-12 00:00:00.000000',0,1,'FIN'),(3,'TRUNCO','2019-03-12 00:00:00.000000','2019-03-12 00:00:00.000000',0,1,'TRUN');
/*!40000 ALTER TABLE `declaracion_catestatusestudios` ENABLE KEYS */;
UNLOCK TABLES;

--
-- Table structure for table `declaracion_catformasadquisiciones`
--

DROP TABLE IF EXISTS `declaracion_catformasadquisiciones`;
/*!40101 SET @saved_cs_client     = @@character_set_client */;
/*!40101 SET character_set_client = utf8 */;
CREATE TABLE `declaracion_catformasadquisiciones` (
  `id` int(11) NOT NULL AUTO_INCREMENT,
  `forma_adquisicion` varchar(255) NOT NULL,
  `created_at` datetime(6) NOT NULL,
  `updated_at` datetime(6) NOT NULL,
  `default` int(11) NOT NULL,
  `orden` int(11) NOT NULL,
  `codigo` varchar(45) NOT NULL,
  PRIMARY KEY (`id`)
) ENGINE=InnoDB AUTO_INCREMENT=8 DEFAULT CHARSET=latin1;
/*!40101 SET character_set_client = @saved_cs_client */;

--
-- Dumping data for table `declaracion_catformasadquisiciones`
--

LOCK TABLES `declaracion_catformasadquisiciones` WRITE;
/*!40000 ALTER TABLE `declaracion_catformasadquisiciones` DISABLE KEYS */;
INSERT INTO `declaracion_catformasadquisiciones` VALUES (1,'Compraventa','2019-03-13 00:00:00.000000','2019-03-13 00:00:00.000000',0,1,'CPV'),(2,'Cesión','2019-03-13 00:00:00.000000','2019-03-13 00:00:00.000000',0,1,'CSN'),(3,'Donación','2019-03-13 00:00:00.000000','2019-03-13 00:00:00.000000',0,1,'DNC'),(4,'Herencia','2019-03-13 00:00:00.000000','2019-03-13 00:00:00.000000',0,1,'HRN'),(5,'Permuta','2019-03-13 00:00:00.000000','2019-03-13 00:00:00.000000',0,1,'PRM'),(6,'Rifa o sorteo','2019-03-13 00:00:00.000000','2019-03-13 00:00:00.000000',0,1,'RST'),(7,'Sentencia','2019-03-13 00:00:00.000000','2019-03-13 00:00:00.000000',0,1,'STC');
/*!40000 ALTER TABLE `declaracion_catformasadquisiciones` ENABLE KEYS */;
UNLOCK TABLES;

--
-- Table structure for table `declaracion_catfuncionesprincipales`
--

DROP TABLE IF EXISTS `declaracion_catfuncionesprincipales`;
/*!40101 SET @saved_cs_client     = @@character_set_client */;
/*!40101 SET character_set_client = utf8 */;
CREATE TABLE `declaracion_catfuncionesprincipales` (
  `id` int(11) NOT NULL AUTO_INCREMENT,
  `funcion` varchar(255) NOT NULL,
  `created_at` datetime(6) NOT NULL,
  `updated_at` datetime(6) NOT NULL,
  `default` int(11) NOT NULL,
  `orden` int(11) NOT NULL,
  `codigo` varchar(45) NOT NULL,
  PRIMARY KEY (`id`)
) ENGINE=InnoDB AUTO_INCREMENT=14 DEFAULT CHARSET=latin1;
/*!40101 SET character_set_client = @saved_cs_client */;

--
-- Dumping data for table `declaracion_catfuncionesprincipales`
--

LOCK TABLES `declaracion_catfuncionesprincipales` WRITE;
/*!40000 ALTER TABLE `declaracion_catfuncionesprincipales` DISABLE KEYS */;
INSERT INTO `declaracion_catfuncionesprincipales` VALUES (1,'Administración de bienes','2019-03-13 00:00:00.000000','2019-03-13 00:00:00.000000',0,1,'ABI'),(2,'Administración de recursos humanos','2019-03-13 00:00:00.000000','2019-03-13 00:00:00.000000',0,1,'ARH'),(3,'Áreas técnicas','2019-03-13 00:00:00.000000','2019-03-13 00:00:00.000000',0,1,'ATEC'),(4,'Atención directa al público','2019-03-13 00:00:00.000000','2019-03-13 00:00:00.000000',0,1,'ADP'),(5,'Fuerza de seguridad e inteligencia','2019-03-13 00:00:00.000000','2019-03-13 00:00:00.000000',0,1,'FSI'),(6,'Regulación y políticas públicas','2019-03-13 00:00:00.000000','2019-03-13 00:00:00.000000',0,1,'RPP'),(7,'Administración Financiera (Recaudación de Ingresos, Desembolso de Fondos, Presupuesto, Contabilidad)','2019-03-13 00:00:00.000000','2019-03-13 00:00:00.000000',0,1,'AFIN'),(8,'Auditoria, control interno, fiscalización, vigilancia, interventorias, inspección','2019-03-13 00:00:00.000000','2019-03-13 00:00:00.000000',0,1,'AUDI'),(9,'Contratos, adquisiciones, servicios y obra pública','2019-03-13 00:00:00.000000','2019-03-13 00:00:00.000000',0,1,'CASOP'),(10,'Legislar a nivel federal, estatal y cabildo municipal','2019-03-13 00:00:00.000000','2019-03-13 00:00:00.000000',0,1,'LEG'),(11,'Otorgamiento de permisos, beneficios, subsidios, concesiones, licencias, derechos de uso inmobiliario, recursos naturales o propiedad ','2019-03-13 00:00:00.000000','2019-03-13 00:00:00.000000',0,1,'OTORG'),(12,'Procuración de justicia (sentencias, ministerios públicos, fiscales, policías de investigación, auxiliares ministeriales, etc.)','2019-03-13 00:00:00.000000','2019-03-13 00:00:00.000000',0,1,'PJUS'),(13,'Otro (Especifique)','2019-03-13 00:00:00.000000','2019-03-13 00:00:00.000000',1,1,'OTRO');
/*!40000 ALTER TABLE `declaracion_catfuncionesprincipales` ENABLE KEYS */;
UNLOCK TABLES;

--
-- Table structure for table `declaracion_catgradosacademicos`
--

DROP TABLE IF EXISTS `declaracion_catgradosacademicos`;
/*!40101 SET @saved_cs_client     = @@character_set_client */;
/*!40101 SET character_set_client = utf8 */;
CREATE TABLE `declaracion_catgradosacademicos` (
  `id` int(11) NOT NULL AUTO_INCREMENT,
  `grado_academico` varchar(255) NOT NULL,
  `created_at` datetime(6) NOT NULL,
  `updated_at` datetime(6) NOT NULL,
  `default` int(11) NOT NULL,
  `orden` int(11) NOT NULL,
  `codigo` varchar(45) NOT NULL,
  PRIMARY KEY (`id`)
) ENGINE=InnoDB AUTO_INCREMENT=9 DEFAULT CHARSET=latin1;
/*!40101 SET character_set_client = @saved_cs_client */;

--
-- Dumping data for table `declaracion_catgradosacademicos`
--

LOCK TABLES `declaracion_catgradosacademicos` WRITE;
/*!40000 ALTER TABLE `declaracion_catgradosacademicos` DISABLE KEYS */;
INSERT INTO `declaracion_catgradosacademicos` VALUES (1,'PRIMARIA','2019-03-13 00:00:00.000000','2019-03-13 00:00:00.000000',0,1,'PRI'),(2,'SECUNDARIA','2019-03-13 00:00:00.000000','2019-03-13 00:00:00.000000',0,2,'SEC'),(3,'BACHILLERATO','2019-03-13 00:00:00.000000','2019-03-13 00:00:00.000000',0,3,'BCH'),(4,'CARRERA TÉCNICA O COMERCIAL','2019-03-13 00:00:00.000000','2019-03-13 00:00:00.000000',0,4,'CTC'),(5,'LICENCIATURA','2019-03-13 00:00:00.000000','2019-03-13 00:00:00.000000',0,5,'LIC'),(6,'ESPECIALIDAD','2019-03-13 00:00:00.000000','2019-03-13 00:00:00.000000',0,6,'ESP'),(7,'MAESTRÍA','2019-03-13 00:00:00.000000','2019-03-13 00:00:00.000000',0,7,'MAE'),(8,'DOCTORADO','2019-03-13 00:00:00.000000','2019-03-13 00:00:00.000000',0,8,'DOC');
/*!40000 ALTER TABLE `declaracion_catgradosacademicos` ENABLE KEYS */;
UNLOCK TABLES;

--
-- Table structure for table `declaracion_catmonedas`
--

DROP TABLE IF EXISTS `declaracion_catmonedas`;
/*!40101 SET @saved_cs_client     = @@character_set_client */;
/*!40101 SET character_set_client = utf8 */;
CREATE TABLE `declaracion_catmonedas` (
  `id` int(11) NOT NULL AUTO_INCREMENT,
  `moneda` varchar(255) NOT NULL,
  `moneda_abrev` varchar(255) NOT NULL,
  `created_at` datetime(6) NOT NULL,
  `updated_at` datetime(6) NOT NULL,
  `default` int(11) NOT NULL,
  `orden` int(11) NOT NULL,
  `codigo` varchar(45) NOT NULL,
  PRIMARY KEY (`id`)
) ENGINE=InnoDB AUTO_INCREMENT=168 DEFAULT CHARSET=latin1;
/*!40101 SET character_set_client = @saved_cs_client */;

--
-- Dumping data for table `declaracion_catmonedas`
--

LOCK TABLES `declaracion_catmonedas` WRITE;
/*!40000 ALTER TABLE `declaracion_catmonedas` DISABLE KEYS */;
INSERT INTO `declaracion_catmonedas` VALUES (1,'Dirham de los Emiratos Árabes Unidos','AED','2019-03-11 00:00:00.000000','2019-03-11 00:00:00.000000',0,0,'AED'),(2,'Afgani afgano','AFN','2019-03-11 00:00:00.000000','2019-03-11 00:00:00.000000',0,0,'AFN'),(3,'Lek albanés','ALL','2019-03-11 00:00:00.000000','2019-03-11 00:00:00.000000',0,0,'ALL'),(4,'Dram armenio','AMD','2019-03-11 00:00:00.000000','2019-03-11 00:00:00.000000',0,0,'AMD'),(5,'Florín antillano neerlandés','ANG','2019-03-11 00:00:00.000000','2019-03-11 00:00:00.000000',0,0,'ANG'),(6,'Kwanza angoleño','AOA','2019-03-11 00:00:00.000000','2019-03-11 00:00:00.000000',0,0,'AOA'),(7,'Peso argentino','ARS','2019-03-11 00:00:00.000000','2019-03-11 00:00:00.000000',0,0,'ARS'),(8,'Dólar australiano','AUD','2019-03-11 00:00:00.000000','2019-03-11 00:00:00.000000',0,4,'AUD'),(9,'Florín arubeño','AWG','2019-03-11 00:00:00.000000','2019-03-11 00:00:00.000000',0,0,'AWG'),(10,'Manat azerbaiyano','AZM','2019-03-11 00:00:00.000000','2019-03-11 00:00:00.000000',0,0,'AZM'),(11,'Marco convertible de Bosnia-Herzegovina','BAM','2019-03-11 00:00:00.000000','2019-03-11 00:00:00.000000',0,0,'BAM'),(12,'Dólar de Barbados','BBD','2019-03-11 00:00:00.000000','2019-03-11 00:00:00.000000',0,0,'BBD'),(13,'Taka de Bangladesh','BDT','2019-03-11 00:00:00.000000','2019-03-11 00:00:00.000000',0,0,'BDT'),(14,'Lev búlgaro','BGN','2019-03-11 00:00:00.000000','2019-03-11 00:00:00.000000',0,0,'BGN'),(15,'Dinar bahreiní','BHD','2019-03-11 00:00:00.000000','2019-03-11 00:00:00.000000',0,0,'BHD'),(16,'Franco burundés','BIF','2019-03-11 00:00:00.000000','2019-03-11 00:00:00.000000',0,0,'BIF'),(17,'Dólar de Bermuda','BMD','2019-03-11 00:00:00.000000','2019-03-11 00:00:00.000000',0,0,'BMD'),(18,'Dólar de Brunéi','BND','2019-03-11 00:00:00.000000','2019-03-11 00:00:00.000000',0,0,'BND'),(19,'Boliviano de Bolivia','BOB','2019-03-11 00:00:00.000000','2019-03-11 00:00:00.000000',0,0,'BOB'),(20,'Real brasileño','BRL','2019-03-11 00:00:00.000000','2019-03-11 00:00:00.000000',0,0,'BRL'),(21,'Dólar bahameño','BSD','2019-03-11 00:00:00.000000','2019-03-11 00:00:00.000000',0,5,'BSD'),(22,'Ngultrum de Bután','BTN','2019-03-11 00:00:00.000000','2019-03-11 00:00:00.000000',0,0,'BTN'),(23,'Pula de Botsuana','BWP','2019-03-11 00:00:00.000000','2019-03-11 00:00:00.000000',0,0,'BWP'),(24,'Rublo bielorruso','BYR','2019-03-11 00:00:00.000000','2019-03-11 00:00:00.000000',0,0,'BYR'),(25,'Dólar de Belice','BZD','2019-03-11 00:00:00.000000','2019-03-11 00:00:00.000000',0,0,'BZD'),(26,'Dólar canadiense','CAD','2019-03-11 00:00:00.000000','2019-03-11 00:00:00.000000',0,3,'CAD'),(27,'Franco congoleño','CDF','2019-03-11 00:00:00.000000','2019-03-11 00:00:00.000000',0,0,'CDF'),(28,'Franco suizo','CHF','2019-03-11 00:00:00.000000','2019-03-11 00:00:00.000000',0,0,'CHF'),(29,'Peso chileno','CLP','2019-03-11 00:00:00.000000','2019-03-11 00:00:00.000000',0,0,'CLP'),(30,'Yuan Renminbi de China','CNY','2019-03-11 00:00:00.000000','2019-03-11 00:00:00.000000',0,0,'CNY'),(31,'Peso colombiano','COP','2019-03-11 00:00:00.000000','2019-03-11 00:00:00.000000',0,0,'COP'),(32,'Colón costarricense','CRC','2019-03-11 00:00:00.000000','2019-03-11 00:00:00.000000',0,0,'CRC'),(33,'Dinar serbio ','RSD','2019-03-11 00:00:00.000000','2019-03-11 00:00:00.000000',0,0,'RSD'),(34,'Peso cubano','CUP','2019-03-11 00:00:00.000000','2019-03-11 00:00:00.000000',0,0,'CUP'),(35,'Peso cubano convertible','CUC','2019-03-11 00:00:00.000000','2019-03-11 00:00:00.000000',0,0,'CUC'),(36,'Escudo caboverdiano','CVE','2019-03-11 00:00:00.000000','2019-03-11 00:00:00.000000',0,0,'CVE'),(37,'Libra chipriota','CYP','2019-03-11 00:00:00.000000','2019-03-11 00:00:00.000000',0,0,'CYP'),(38,'Koruna checa','CZK','2019-03-11 00:00:00.000000','2019-03-11 00:00:00.000000',0,0,'CZK'),(39,'Franco yibutiano','DJF','2019-03-11 00:00:00.000000','2019-03-11 00:00:00.000000',0,0,'DJF'),(40,'Corona danesa','DKK','2019-03-11 00:00:00.000000','2019-03-11 00:00:00.000000',0,0,'DKK'),(41,'Peso dominicano','DOP','2019-03-11 00:00:00.000000','2019-03-11 00:00:00.000000',0,0,'DOP'),(42,'Dinar algerino','DZD','2019-03-11 00:00:00.000000','2019-03-11 00:00:00.000000',0,0,'DZD'),(43,'Corona estonia','EEK','2019-03-11 00:00:00.000000','2019-03-11 00:00:00.000000',0,0,'EEK'),(44,'Libra egipcia','EGP','2019-03-11 00:00:00.000000','2019-03-11 00:00:00.000000',0,0,'EGP'),(45,'Nakfa eritreo','ERN','2019-03-11 00:00:00.000000','2019-03-11 00:00:00.000000',0,0,'ERN'),(46,'Birr etíope','ETB','2019-03-11 00:00:00.000000','2019-03-11 00:00:00.000000',0,0,'ETB'),(47,'Euro','EUR','2019-03-11 00:00:00.000000','2019-03-11 00:00:00.000000',0,0,'EUR'),(48,'Dólar fijiano','FJD','2019-03-11 00:00:00.000000','2019-03-11 00:00:00.000000',0,0,'FJD'),(49,'Libra malvinense','FKP','2019-03-11 00:00:00.000000','2019-03-11 00:00:00.000000',0,0,'FKP'),(50,'Libra esterlina (libra de Gran Bretaña)','GBP','2019-03-11 00:00:00.000000','2019-03-11 00:00:00.000000',0,6,'GBP'),(51,'Lari georgiano','GEL','2019-03-11 00:00:00.000000','2019-03-11 00:00:00.000000',0,0,'GEL'),(52,'Cedi ghanés','GHS','2019-03-11 00:00:00.000000','2019-03-11 00:00:00.000000',0,0,'GHS'),(53,'Libra de Gibraltar','GIP','2019-03-11 00:00:00.000000','2019-03-11 00:00:00.000000',0,0,'GIP'),(54,'Dalasi gambiano','GMD','2019-03-11 00:00:00.000000','2019-03-11 00:00:00.000000',0,0,'GMD'),(55,'Franco guineano','GNF','2019-03-11 00:00:00.000000','2019-03-11 00:00:00.000000',0,0,'GNF'),(56,'Quetzal guatemalteco','GTQ','2019-03-11 00:00:00.000000','2019-03-11 00:00:00.000000',0,0,'GTQ'),(57,'Dólar guyanés','GYD','2019-03-11 00:00:00.000000','2019-03-11 00:00:00.000000',0,0,'GYD'),(58,'Dólar de Hong Kong','HKD','2019-03-11 00:00:00.000000','2019-03-11 00:00:00.000000',0,0,'HKD'),(59,'Lempira hondureño','HNL','2019-03-11 00:00:00.000000','2019-03-11 00:00:00.000000',0,0,'HNL'),(60,'Kuna croata','HRK','2019-03-11 00:00:00.000000','2019-03-11 00:00:00.000000',0,0,'HRK'),(61,'Gourde haitiano','HTG','2019-03-11 00:00:00.000000','2019-03-11 00:00:00.000000',0,0,'HTG'),(62,'Forint húngaro','HUF','2019-03-11 00:00:00.000000','2019-03-11 00:00:00.000000',0,0,'HUF'),(63,'Rupiah indonesia','IDR','2019-03-11 00:00:00.000000','2019-03-11 00:00:00.000000',0,0,'IDR'),(64,'Nuevo shéquel israelí','ILS','2019-03-11 00:00:00.000000','2019-03-11 00:00:00.000000',0,0,'ILS'),(65,'Rupia india','INR','2019-03-11 00:00:00.000000','2019-03-11 00:00:00.000000',0,0,'INR'),(66,'Dinar iraquí','IQD','2019-03-11 00:00:00.000000','2019-03-11 00:00:00.000000',0,0,'IQD'),(67,'Rial iraní','IRR','2019-03-11 00:00:00.000000','2019-03-11 00:00:00.000000',0,0,'IRR'),(68,'Króna islandesa','ISK','2019-03-11 00:00:00.000000','2019-03-11 00:00:00.000000',0,0,'ISK'),(69,'Dólar jamaicano','JMD','2019-03-11 00:00:00.000000','2019-03-11 00:00:00.000000',0,0,'JMD'),(70,'Dinar jordano','JOD','2019-03-11 00:00:00.000000','2019-03-11 00:00:00.000000',0,0,'JOD'),(71,'Yen japonés','JPY','2019-03-11 00:00:00.000000','2019-03-11 00:00:00.000000',0,0,'JPY'),(72,'Chelín keniata','KES','2019-03-11 00:00:00.000000','2019-03-11 00:00:00.000000',0,0,'KES'),(73,'Som kirguís (de Kirguistán)','KGS','2019-03-11 00:00:00.000000','2019-03-11 00:00:00.000000',0,0,'KGS'),(74,'Riel camboyano','KHR','2019-03-11 00:00:00.000000','2019-03-11 00:00:00.000000',0,0,'KHR'),(75,'Franco comoriano (de Comoras)','KMF','2019-03-11 00:00:00.000000','2019-03-11 00:00:00.000000',0,0,'KMF'),(76,'Won norcoreano','KPW','2019-03-11 00:00:00.000000','2019-03-11 00:00:00.000000',0,0,'KPW'),(77,'Won surcoreano','KRW','2019-03-11 00:00:00.000000','2019-03-11 00:00:00.000000',0,0,'KRW'),(78,'Dinar kuwaití','KWD','2019-03-11 00:00:00.000000','2019-03-11 00:00:00.000000',0,0,'KWD'),(79,'Dólar caimano (de Islas Caimán)','KYD','2019-03-11 00:00:00.000000','2019-03-11 00:00:00.000000',0,0,'KYD'),(80,'Tenge kazajo','KZT','2019-03-11 00:00:00.000000','2019-03-11 00:00:00.000000',0,0,'KZT'),(81,'Kip lao','LAK','2019-03-11 00:00:00.000000','2019-03-11 00:00:00.000000',0,0,'LAK'),(82,'Libra libanesa','LBP','2019-03-11 00:00:00.000000','2019-03-11 00:00:00.000000',0,0,'LBP'),(83,'Rupia de Sri Lanka','LKR','2019-03-11 00:00:00.000000','2019-03-11 00:00:00.000000',0,0,'LKR'),(84,'Dólar liberiano','LRD','2019-03-11 00:00:00.000000','2019-03-11 00:00:00.000000',0,0,'LRD'),(85,'Loti lesotense','LSL','2019-03-11 00:00:00.000000','2019-03-11 00:00:00.000000',0,0,'LSL'),(86,'Litas lituano','LTL','2019-03-11 00:00:00.000000','2019-03-11 00:00:00.000000',0,0,'LTL'),(87,'Lat letón','LVL','2019-03-11 00:00:00.000000','2019-03-11 00:00:00.000000',0,0,'LVL'),(88,'Dinar libio','LYD','2019-03-11 00:00:00.000000','2019-03-11 00:00:00.000000',0,0,'LYD'),(89,'Dirham marroquí','MAD','2019-03-11 00:00:00.000000','2019-03-11 00:00:00.000000',0,0,'MAD'),(90,'Leu moldavo','MDL','2019-03-11 00:00:00.000000','2019-03-11 00:00:00.000000',0,0,'MDL'),(91,'Ariary malgache','MGA','2019-03-11 00:00:00.000000','2019-03-11 00:00:00.000000',0,0,'MGA'),(92,'Denar macedonio','MKD','2019-03-11 00:00:00.000000','2019-03-11 00:00:00.000000',0,0,'MKD'),(93,'Kyat birmano','MMK','2019-03-11 00:00:00.000000','2019-03-11 00:00:00.000000',0,0,'MMK'),(94,'Tughrik mongol','MNT','2019-03-11 00:00:00.000000','2019-03-11 00:00:00.000000',0,0,'MNT'),(95,'Pataca de Macao','MOP','2019-03-11 00:00:00.000000','2019-03-11 00:00:00.000000',0,0,'MOP'),(96,'Ouguiya mauritana','MRO','2019-03-11 00:00:00.000000','2019-03-11 00:00:00.000000',0,0,'MRO'),(97,'Lira maltesa','MTL','2019-03-11 00:00:00.000000','2019-03-11 00:00:00.000000',0,0,'MTL'),(98,'Rupia mauricia','MUR','2019-03-11 00:00:00.000000','2019-03-11 00:00:00.000000',0,0,'MUR'),(99,'Rufiyaa maldiva','MVR','2019-03-11 00:00:00.000000','2019-03-11 00:00:00.000000',0,0,'MVR'),(100,'Kwacha malauiano','MWK','2019-03-11 00:00:00.000000','2019-03-11 00:00:00.000000',0,0,'MWK'),(101,'Peso mexicano','MXN','2019-03-11 00:00:00.000000','2019-03-11 00:00:00.000000',0,1,'MXN'),(102,'Ringgit malayo','MYR','2019-03-11 00:00:00.000000','2019-03-11 00:00:00.000000',0,0,'MYR'),(103,'Metical mozambiqueño','MZN','2019-03-11 00:00:00.000000','2019-03-11 00:00:00.000000',0,0,'MZN'),(104,'Dólar namibio','NAD','2019-03-11 00:00:00.000000','2019-03-11 00:00:00.000000',0,0,'NAD'),(105,'Naira nigeriana','NGN','2019-03-11 00:00:00.000000','2019-03-11 00:00:00.000000',0,0,'NGN'),(106,'Córdoba nicaragüense','NIO','2019-03-11 00:00:00.000000','2019-03-11 00:00:00.000000',0,0,'NIO'),(107,'Corona noruega','NOK','2019-03-11 00:00:00.000000','2019-03-11 00:00:00.000000',0,0,'NOK'),(108,'Rupia nepalesa','NPR','2019-03-11 00:00:00.000000','2019-03-11 00:00:00.000000',0,0,'NPR'),(109,'Dólar neozelandés','NZD','2019-03-11 00:00:00.000000','2019-03-11 00:00:00.000000',0,0,'NZD'),(110,'Rial omaní','OMR','2019-03-11 00:00:00.000000','2019-03-11 00:00:00.000000',0,0,'OMR'),(111,'Balboa panameña','PAB','2019-03-11 00:00:00.000000','2019-03-11 00:00:00.000000',0,0,'PAB'),(112,'Nuevo sol peruano','PEN','2019-03-11 00:00:00.000000','2019-03-11 00:00:00.000000',0,0,'PEN'),(113,'Kina de Papúa Nueva Guinea','PGK','2019-03-11 00:00:00.000000','2019-03-11 00:00:00.000000',0,0,'PGK'),(114,'Peso filipino','PHP','2019-03-11 00:00:00.000000','2019-03-11 00:00:00.000000',0,0,'PHP'),(115,'Rupia pakistaní','PKR','2019-03-11 00:00:00.000000','2019-03-11 00:00:00.000000',0,0,'PKR'),(116,'zloty polaco','PLN','2019-03-11 00:00:00.000000','2019-03-11 00:00:00.000000',0,0,'PLN'),(117,'Guaraní paraguayo','PYG','2019-03-11 00:00:00.000000','2019-03-11 00:00:00.000000',0,0,'PYG'),(118,'Rial qatarí','QAR','2019-03-11 00:00:00.000000','2019-03-11 00:00:00.000000',0,0,'QAR'),(119,'Leu rumano','RON','2019-03-11 00:00:00.000000','2019-03-11 00:00:00.000000',0,0,'RON'),(120,'Rublo ruso','RUB','2019-03-11 00:00:00.000000','2019-03-11 00:00:00.000000',0,0,'RUB'),(121,'Franco ruandés','RWF','2019-03-11 00:00:00.000000','2019-03-11 00:00:00.000000',0,0,'RWF'),(122,'Riyal saudí','SAR','2019-03-11 00:00:00.000000','2019-03-11 00:00:00.000000',0,0,'SAR'),(123,'Dólar de las Islas Salomón','SBD','2019-03-11 00:00:00.000000','2019-03-11 00:00:00.000000',0,0,'SBD'),(124,'Rupia de Seychelles','SCR','2019-03-11 00:00:00.000000','2019-03-11 00:00:00.000000',0,0,'SCR'),(125,'Dinar sudanés','SDG','2019-03-11 00:00:00.000000','2019-03-11 00:00:00.000000',0,0,'SDG'),(126,'Corona sueca','SEK','2019-03-11 00:00:00.000000','2019-03-11 00:00:00.000000',0,0,'SEK'),(127,'Dólar de Singapur','SGD','2019-03-11 00:00:00.000000','2019-03-11 00:00:00.000000',0,0,'SGD'),(128,'Libra de Santa Helena','SHP','2019-03-11 00:00:00.000000','2019-03-11 00:00:00.000000',0,0,'SHP'),(129,'Corona eslovaca','SKK','2019-03-11 00:00:00.000000','2019-03-11 00:00:00.000000',0,0,'SKK'),(130,'Leone de Sierra Leona','SLL','2019-03-11 00:00:00.000000','2019-03-11 00:00:00.000000',0,0,'SLL'),(131,'Chelín somalí','SOS','2019-03-11 00:00:00.000000','2019-03-11 00:00:00.000000',0,0,'SOS'),(132,'Dólar surinamés','SRD','2019-03-11 00:00:00.000000','2019-03-11 00:00:00.000000',0,0,'SRD'),(133,'Dobra de Santo Tomé y Príncipe','STD','2019-03-11 00:00:00.000000','2019-03-11 00:00:00.000000',0,0,'STD'),(134,'Libra siria','SYP','2019-03-11 00:00:00.000000','2019-03-11 00:00:00.000000',0,0,'SYP'),(135,'Lilangeni suazi','SZL','2019-03-11 00:00:00.000000','2019-03-11 00:00:00.000000',0,0,'SZL'),(136,'Baht tailandés','THB','2019-03-11 00:00:00.000000','2019-03-11 00:00:00.000000',0,0,'THB'),(137,'Somoni tayik (de Tayikistán)','TJS','2019-03-11 00:00:00.000000','2019-03-11 00:00:00.000000',0,0,'TJS'),(138,'Manat turcomano turcomano','TMT','2019-03-11 00:00:00.000000','2019-03-11 00:00:00.000000',0,0,'TMT'),(139,'Dinar tunecino','TND','2019-03-11 00:00:00.000000','2019-03-11 00:00:00.000000',0,0,'TND'),(140,'Pa\'anga tongano','TOP','2019-03-11 00:00:00.000000','2019-03-11 00:00:00.000000',0,0,'TOP'),(141,'Lira turca','TRY','2019-03-11 00:00:00.000000','2019-03-11 00:00:00.000000',0,0,'TRY'),(142,'Dólar de Trinidad y Tobago','TTD','2019-03-11 00:00:00.000000','2019-03-11 00:00:00.000000',0,0,'TTD'),(143,'Dólar taiwanés','TWD','2019-03-11 00:00:00.000000','2019-03-11 00:00:00.000000',0,0,'TWD'),(144,'Chelín tanzano','TZS','2019-03-11 00:00:00.000000','2019-03-11 00:00:00.000000',0,0,'TZS'),(145,'Grivna ucraniana','UAH','2019-03-11 00:00:00.000000','2019-03-11 00:00:00.000000',0,0,'UAH'),(146,'Chelín ugandés','UGX','2019-03-11 00:00:00.000000','2019-03-11 00:00:00.000000',0,0,'UGX'),(147,'Dólar estadounidense','USD','2019-03-11 00:00:00.000000','2019-03-11 00:00:00.000000',0,2,'USD'),(148,'Peso uruguayo','UYU','2019-03-11 00:00:00.000000','2019-03-11 00:00:00.000000',0,0,'UYU'),(149,'Som uzbeko','UZS','2019-03-11 00:00:00.000000','2019-03-11 00:00:00.000000',0,0,'UZS'),(150,'Bolívar fuerte venezolano','VEF','2019-03-11 00:00:00.000000','2019-03-11 00:00:00.000000',0,0,'VEF'),(151,'Dong vietnamita','VND','2019-03-11 00:00:00.000000','2019-03-11 00:00:00.000000',0,0,'VND'),(152,'Vatu vanuatense','VUV','2019-03-11 00:00:00.000000','2019-03-11 00:00:00.000000',0,0,'VUV'),(153,'Tala samoana','WST','2019-03-11 00:00:00.000000','2019-03-11 00:00:00.000000',0,0,'WST'),(154,'Franco CFA de África Central','XAF','2019-03-11 00:00:00.000000','2019-03-11 00:00:00.000000',0,0,'XAF'),(155,'European Composite Unit (EURCO) (unidad del mercado de bonos)','XBA','2019-03-11 00:00:00.000000','2019-03-11 00:00:00.000000',0,0,'XBA'),(156,'European Monetary Unit (E.M.U.-6) (unidad del mercado de bonos)','XBB','2019-03-11 00:00:00.000000','2019-03-11 00:00:00.000000',0,0,'XBB'),(157,'European Unit of Account 9 (E.U.A.-9) (unidad del mercado de bonos)','XBC','2019-03-11 00:00:00.000000','2019-03-11 00:00:00.000000',0,0,'XBC'),(158,'European Unit of Account 17 (E.U.A.-17) (unidad del mercado de bonos)','XBD','2019-03-11 00:00:00.000000','2019-03-11 00:00:00.000000',0,0,'XBD'),(159,'Dólar del Caribe Oriental','XCD','2019-03-11 00:00:00.000000','2019-03-11 00:00:00.000000',0,0,'XCD'),(160,'Derecho Especial de Giro (DEG  -  FMI)','XDR','2019-03-11 00:00:00.000000','2019-03-11 00:00:00.000000',0,0,'XDR'),(161,'Franco de oro (Special settlement currency)','XFO','2019-03-11 00:00:00.000000','2019-03-11 00:00:00.000000',0,0,'XFO'),(162,'Franco UIC (Special settlement currency)','XFU','2019-03-11 00:00:00.000000','2019-03-11 00:00:00.000000',0,0,'XFU'),(163,'Franco CFA de África Occidental','XOF','2019-03-11 00:00:00.000000','2019-03-11 00:00:00.000000',0,0,'XOF'),(164,'Rial yemení (de Yemen)','YER','2019-03-11 00:00:00.000000','2019-03-11 00:00:00.000000',0,0,'YER'),(165,'Rand sudafricano','ZAR','2019-03-11 00:00:00.000000','2019-03-11 00:00:00.000000',0,0,'ZAR'),(166,'Kwacha zambiano','ZMK','2019-03-11 00:00:00.000000','2019-03-11 00:00:00.000000',0,0,'ZMK'),(167,'Dólar zimbabuense','ZWL','2019-03-11 00:00:00.000000','2019-03-11 00:00:00.000000',0,0,'ZWL');
/*!40000 ALTER TABLE `declaracion_catmonedas` ENABLE KEYS */;
UNLOCK TABLES;

--
-- Table structure for table `declaracion_catmotivobaja`
--

DROP TABLE IF EXISTS `declaracion_catmotivobaja`;
/*!40101 SET @saved_cs_client     = @@character_set_client */;
/*!40101 SET character_set_client = utf8 */;
CREATE TABLE `declaracion_catmotivobaja` (
  `id` int(11) NOT NULL AUTO_INCREMENT,
  `forma_baja` varchar(45) DEFAULT NULL,
  `created_at` datetime(6) NOT NULL,
  `updated_at` datetime(6) NOT NULL,
  `default` int(11) NOT NULL,
  `orden` int(11) NOT NULL,
  `codigo` varchar(45) NOT NULL,
  PRIMARY KEY (`id`)
) ENGINE=InnoDB AUTO_INCREMENT=5 DEFAULT CHARSET=latin1;
/*!40101 SET character_set_client = @saved_cs_client */;

--
-- Dumping data for table `declaracion_catmotivobaja`
--

LOCK TABLES `declaracion_catmotivobaja` WRITE;
/*!40000 ALTER TABLE `declaracion_catmotivobaja` DISABLE KEYS */;
INSERT INTO `declaracion_catmotivobaja` VALUES (1,'VENTA','2019-04-02 16:03:21.000000','2019-04-02 16:03:21.000000',0,1,'VNT'),(2,'DONACION','2019-04-02 16:03:21.000000','2019-04-02 16:03:21.000000',0,1,'DNC'),(3,'SINIESTRO','2019-04-02 16:03:21.000000','2019-04-02 16:03:21.000000',0,1,'SNT'),(4,'OTRO','2019-04-02 16:03:21.000000','2019-04-02 16:03:21.000000',1,1,'OTRO');
/*!40000 ALTER TABLE `declaracion_catmotivobaja` ENABLE KEYS */;
UNLOCK TABLES;

--
-- Table structure for table `declaracion_catmunicipios`
--

DROP TABLE IF EXISTS `declaracion_catmunicipios`;
/*!40101 SET @saved_cs_client     = @@character_set_client */;
/*!40101 SET character_set_client = utf8 */;
CREATE TABLE `declaracion_catmunicipios` (
  `id` int(11) NOT NULL AUTO_INCREMENT,
  `created_at` datetime(6) NOT NULL,
  `updated_at` datetime(6) NOT NULL,
  `valor` varchar(255) NOT NULL,
  `clave` varchar(3) NOT NULL,
  `cat_entidades_federativas_id` int(11) DEFAULT NULL,
  PRIMARY KEY (`id`),
  KEY `declaracion_catmunic_cat_entidades_federa_15697655_fk_declaraci` (`cat_entidades_federativas_id`),
  CONSTRAINT `declaracion_catmunic_cat_entidades_federa_15697655_fk_declaraci` FOREIGN KEY (`cat_entidades_federativas_id`) REFERENCES `declaracion_catentidadesfederativas` (`id`)
) ENGINE=InnoDB AUTO_INCREMENT=2467 DEFAULT CHARSET=latin1;
/*!40101 SET character_set_client = @saved_cs_client */;

--
-- Dumping data for table `declaracion_catmunicipios`
--

LOCK TABLES `declaracion_catmunicipios` WRITE;
/*!40000 ALTER TABLE `declaracion_catmunicipios` DISABLE KEYS */;
INSERT INTO `declaracion_catmunicipios` VALUES (2,'2019-03-11 00:00:00.000000','2019-03-12 00:00:00.000000','Aguascalientes','001',1),(3,'2019-03-11 00:00:00.000000','2019-03-12 00:00:00.000000','Asientos','002',1),(4,'2019-03-11 00:00:00.000000','2019-03-12 00:00:00.000000','Calvillo','003',1),(5,'2019-03-11 00:00:00.000000','2019-03-12 00:00:00.000000','Cosío','004',1),(6,'2019-03-11 00:00:00.000000','2019-03-12 00:00:00.000000','Jesús María','005',1),(7,'2019-03-11 00:00:00.000000','2019-03-12 00:00:00.000000','Pabellón de Arteaga','006',1),(8,'2019-03-11 00:00:00.000000','2019-03-12 00:00:00.000000','Rincón de Romos','007',1),(9,'2019-03-11 00:00:00.000000','2019-03-12 00:00:00.000000','San José de Gracia','008',1),(10,'2019-03-11 00:00:00.000000','2019-03-12 00:00:00.000000','Tepezalá','009',1),(11,'2019-03-11 00:00:00.000000','2019-03-12 00:00:00.000000','El Llano','010',1),(12,'2019-03-11 00:00:00.000000','2019-03-12 00:00:00.000000','San Francisco de los Romo','011',1),(13,'2019-03-11 00:00:00.000000','2019-03-12 00:00:00.000000','Ensenada','001',2),(14,'2019-03-11 00:00:00.000000','2019-03-12 00:00:00.000000','Mexicali','002',2),(15,'2019-03-11 00:00:00.000000','2019-03-12 00:00:00.000000','Tecate','003',2),(16,'2019-03-11 00:00:00.000000','2019-03-12 00:00:00.000000','Tijuana','004',2),(17,'2019-03-11 00:00:00.000000','2019-03-12 00:00:00.000000','Playas de Rosarito','005',2),(18,'2019-03-11 00:00:00.000000','2019-03-12 00:00:00.000000','Comondú','001',3),(19,'2019-03-11 00:00:00.000000','2019-03-12 00:00:00.000000','Mulegé','002',3),(20,'2019-03-11 00:00:00.000000','2019-03-12 00:00:00.000000','La Paz','003',3),(21,'2019-03-11 00:00:00.000000','2019-03-12 00:00:00.000000','Los Cabos','008',3),(22,'2019-03-11 00:00:00.000000','2019-03-12 00:00:00.000000','Loreto','009',3),(23,'2019-03-11 00:00:00.000000','2019-03-12 00:00:00.000000','Calkiní','001',4),(24,'2019-03-11 00:00:00.000000','2019-03-12 00:00:00.000000','Campeche','002',4),(25,'2019-03-11 00:00:00.000000','2019-03-12 00:00:00.000000','Carmen','003',4),(26,'2019-03-11 00:00:00.000000','2019-03-12 00:00:00.000000','Champotón','004',4),(27,'2019-03-11 00:00:00.000000','2019-03-12 00:00:00.000000','Hecelchakán','005',4),(28,'2019-03-11 00:00:00.000000','2019-03-12 00:00:00.000000','Hopelchén','006',4),(29,'2019-03-11 00:00:00.000000','2019-03-12 00:00:00.000000','Palizada','007',4),(30,'2019-03-11 00:00:00.000000','2019-03-12 00:00:00.000000','Tenabo','008',4),(31,'2019-03-11 00:00:00.000000','2019-03-12 00:00:00.000000','Escárcega','009',4),(32,'2019-03-11 00:00:00.000000','2019-03-12 00:00:00.000000','Calakmul','010',4),(33,'2019-03-11 00:00:00.000000','2019-03-12 00:00:00.000000','Candelaria','011',4),(34,'2019-03-11 00:00:00.000000','2019-03-12 00:00:00.000000','Abasolo','001',5),(35,'2019-03-11 00:00:00.000000','2019-03-12 00:00:00.000000','Acuña','002',5),(36,'2019-03-11 00:00:00.000000','2019-03-12 00:00:00.000000','Allende','003',5),(37,'2019-03-11 00:00:00.000000','2019-03-12 00:00:00.000000','Arteaga','004',5),(38,'2019-03-11 00:00:00.000000','2019-03-12 00:00:00.000000','Candela','005',5),(39,'2019-03-11 00:00:00.000000','2019-03-12 00:00:00.000000','Castaños','006',5),(40,'2019-03-11 00:00:00.000000','2019-03-12 00:00:00.000000','Cuatro Ciénegas','007',5),(41,'2019-03-11 00:00:00.000000','2019-03-12 00:00:00.000000','Escobedo','008',5),(42,'2019-03-11 00:00:00.000000','2019-03-12 00:00:00.000000','Francisco I. Madero','009',5),(43,'2019-03-11 00:00:00.000000','2019-03-12 00:00:00.000000','Frontera','010',5),(44,'2019-03-11 00:00:00.000000','2019-03-12 00:00:00.000000','General Cepeda','011',5),(45,'2019-03-11 00:00:00.000000','2019-03-12 00:00:00.000000','Guerrero','012',5),(46,'2019-03-11 00:00:00.000000','2019-03-12 00:00:00.000000','Hidalgo','013',5),(47,'2019-03-11 00:00:00.000000','2019-03-12 00:00:00.000000','Jiménez','014',5),(48,'2019-03-11 00:00:00.000000','2019-03-12 00:00:00.000000','Juárez','015',5),(49,'2019-03-11 00:00:00.000000','2019-03-12 00:00:00.000000','Lamadrid','016',5),(50,'2019-03-11 00:00:00.000000','2019-03-12 00:00:00.000000','Matamoros','017',5),(51,'2019-03-11 00:00:00.000000','2019-03-12 00:00:00.000000','Monclova','018',5),(52,'2019-03-11 00:00:00.000000','2019-03-12 00:00:00.000000','Morelos','019',5),(53,'2019-03-11 00:00:00.000000','2019-03-12 00:00:00.000000','Múzquiz','020',5),(54,'2019-03-11 00:00:00.000000','2019-03-12 00:00:00.000000','Nadadores','021',5),(55,'2019-03-11 00:00:00.000000','2019-03-12 00:00:00.000000','Nava','022',5),(56,'2019-03-11 00:00:00.000000','2019-03-12 00:00:00.000000','Ocampo','023',5),(57,'2019-03-11 00:00:00.000000','2019-03-12 00:00:00.000000','Parras','024',5),(58,'2019-03-11 00:00:00.000000','2019-03-12 00:00:00.000000','Piedras Negras','025',5),(59,'2019-03-11 00:00:00.000000','2019-03-12 00:00:00.000000','Progreso','026',5),(60,'2019-03-11 00:00:00.000000','2019-03-12 00:00:00.000000','Ramos Arizpe','027',5),(61,'2019-03-11 00:00:00.000000','2019-03-12 00:00:00.000000','Sabinas','028',5),(62,'2019-03-11 00:00:00.000000','2019-03-12 00:00:00.000000','Sacramento','029',5),(63,'2019-03-11 00:00:00.000000','2019-03-12 00:00:00.000000','Saltillo','030',5),(64,'2019-03-11 00:00:00.000000','2019-03-12 00:00:00.000000','San Buenaventura','031',5),(65,'2019-03-11 00:00:00.000000','2019-03-12 00:00:00.000000','San Juan de Sabinas','032',5),(66,'2019-03-11 00:00:00.000000','2019-03-12 00:00:00.000000','San Pedro','033',5),(67,'2019-03-11 00:00:00.000000','2019-03-12 00:00:00.000000','Sierra Mojada','034',5),(68,'2019-03-11 00:00:00.000000','2019-03-12 00:00:00.000000','Torreón','035',5),(69,'2019-03-11 00:00:00.000000','2019-03-12 00:00:00.000000','Viesca','036',5),(70,'2019-03-11 00:00:00.000000','2019-03-12 00:00:00.000000','Villa Unión','037',5),(71,'2019-03-11 00:00:00.000000','2019-03-12 00:00:00.000000','Zaragoza','038',5),(72,'2019-03-11 00:00:00.000000','2019-03-12 00:00:00.000000','Armería','001',6),(73,'2019-03-11 00:00:00.000000','2019-03-12 00:00:00.000000','Colima','002',6),(74,'2019-03-11 00:00:00.000000','2019-03-12 00:00:00.000000','Comala','003',6),(75,'2019-03-11 00:00:00.000000','2019-03-12 00:00:00.000000','Coquimatlán','004',6),(76,'2019-03-11 00:00:00.000000','2019-03-12 00:00:00.000000','Cuauhtémoc','005',6),(77,'2019-03-11 00:00:00.000000','2019-03-12 00:00:00.000000','Ixtlahuacán','006',6),(78,'2019-03-11 00:00:00.000000','2019-03-12 00:00:00.000000','Manzanillo','007',6),(79,'2019-03-11 00:00:00.000000','2019-03-12 00:00:00.000000','Minatitlán','008',6),(80,'2019-03-11 00:00:00.000000','2019-03-12 00:00:00.000000','Tecomán','009',6),(81,'2019-03-11 00:00:00.000000','2019-03-12 00:00:00.000000','Villa de Álvarez','010',6),(82,'2019-03-11 00:00:00.000000','2019-03-12 00:00:00.000000','Acacoyagua','001',7),(83,'2019-03-11 00:00:00.000000','2019-03-12 00:00:00.000000','Acala','002',7),(84,'2019-03-11 00:00:00.000000','2019-03-12 00:00:00.000000','Acapetahua','003',7),(85,'2019-03-11 00:00:00.000000','2019-03-12 00:00:00.000000','Altamirano','004',7),(86,'2019-03-11 00:00:00.000000','2019-03-12 00:00:00.000000','Amatán','005',7),(87,'2019-03-11 00:00:00.000000','2019-03-12 00:00:00.000000','Amatenango de la Frontera','006',7),(88,'2019-03-11 00:00:00.000000','2019-03-12 00:00:00.000000','Amatenango del Valle','007',7),(89,'2019-03-11 00:00:00.000000','2019-03-12 00:00:00.000000','Angel Albino Corzo','008',7),(90,'2019-03-11 00:00:00.000000','2019-03-12 00:00:00.000000','Arriaga','009',7),(91,'2019-03-11 00:00:00.000000','2019-03-12 00:00:00.000000','Bejucal de Ocampo','010',7),(92,'2019-03-11 00:00:00.000000','2019-03-12 00:00:00.000000','Bella Vista','011',7),(93,'2019-03-11 00:00:00.000000','2019-03-12 00:00:00.000000','Berriozábal','012',7),(94,'2019-03-11 00:00:00.000000','2019-03-12 00:00:00.000000','Bochil','013',7),(95,'2019-03-11 00:00:00.000000','2019-03-12 00:00:00.000000','El Bosque','014',7),(96,'2019-03-11 00:00:00.000000','2019-03-12 00:00:00.000000','Cacahoatán','015',7),(97,'2019-03-11 00:00:00.000000','2019-03-12 00:00:00.000000','Catazajá','016',7),(98,'2019-03-11 00:00:00.000000','2019-03-12 00:00:00.000000','Cintalapa','017',7),(99,'2019-03-11 00:00:00.000000','2019-03-12 00:00:00.000000','Coapilla','018',7),(100,'2019-03-11 00:00:00.000000','2019-03-12 00:00:00.000000','Comitán de Domínguez','019',7),(101,'2019-03-11 00:00:00.000000','2019-03-12 00:00:00.000000','La Concordia','020',7),(102,'2019-03-11 00:00:00.000000','2019-03-12 00:00:00.000000','Copainalá','021',7),(103,'2019-03-11 00:00:00.000000','2019-03-12 00:00:00.000000','Chalchihuitán','022',7),(104,'2019-03-11 00:00:00.000000','2019-03-12 00:00:00.000000','Chamula','023',7),(105,'2019-03-11 00:00:00.000000','2019-03-12 00:00:00.000000','Chanal','024',7),(106,'2019-03-11 00:00:00.000000','2019-03-12 00:00:00.000000','Chapultenango','025',7),(107,'2019-03-11 00:00:00.000000','2019-03-12 00:00:00.000000','Chenalhó','026',7),(108,'2019-03-11 00:00:00.000000','2019-03-12 00:00:00.000000','Chiapa de Corzo','027',7),(109,'2019-03-11 00:00:00.000000','2019-03-12 00:00:00.000000','Chiapilla','028',7),(110,'2019-03-11 00:00:00.000000','2019-03-12 00:00:00.000000','Chicoasén','029',7),(111,'2019-03-11 00:00:00.000000','2019-03-12 00:00:00.000000','Chicomuselo','030',7),(112,'2019-03-11 00:00:00.000000','2019-03-12 00:00:00.000000','Chilón','031',7),(113,'2019-03-11 00:00:00.000000','2019-03-12 00:00:00.000000','Escuintla','032',7),(114,'2019-03-11 00:00:00.000000','2019-03-12 00:00:00.000000','Francisco León','033',7),(115,'2019-03-11 00:00:00.000000','2019-03-12 00:00:00.000000','Frontera Comalapa','034',7),(116,'2019-03-11 00:00:00.000000','2019-03-12 00:00:00.000000','Frontera Hidalgo','035',7),(117,'2019-03-11 00:00:00.000000','2019-03-12 00:00:00.000000','La Grandeza','036',7),(118,'2019-03-11 00:00:00.000000','2019-03-12 00:00:00.000000','Huehuetán','037',7),(119,'2019-03-11 00:00:00.000000','2019-03-12 00:00:00.000000','Huixtán','038',7),(120,'2019-03-11 00:00:00.000000','2019-03-12 00:00:00.000000','Huitiupán','039',7),(121,'2019-03-11 00:00:00.000000','2019-03-12 00:00:00.000000','Huixtla','040',7),(122,'2019-03-11 00:00:00.000000','2019-03-12 00:00:00.000000','La Independencia','041',7),(123,'2019-03-11 00:00:00.000000','2019-03-12 00:00:00.000000','Ixhuatán','042',7),(124,'2019-03-11 00:00:00.000000','2019-03-12 00:00:00.000000','Ixtacomitán','043',7),(125,'2019-03-11 00:00:00.000000','2019-03-12 00:00:00.000000','Ixtapa','044',7),(126,'2019-03-11 00:00:00.000000','2019-03-12 00:00:00.000000','Ixtapangajoya','045',7),(127,'2019-03-11 00:00:00.000000','2019-03-12 00:00:00.000000','Jiquipilas','046',7),(128,'2019-03-11 00:00:00.000000','2019-03-12 00:00:00.000000','Jitotol','047',7),(129,'2019-03-11 00:00:00.000000','2019-03-12 00:00:00.000000','Juárez','048',7),(130,'2019-03-11 00:00:00.000000','2019-03-12 00:00:00.000000','Larráinzar','049',7),(131,'2019-03-11 00:00:00.000000','2019-03-12 00:00:00.000000','La Libertad','050',7),(132,'2019-03-11 00:00:00.000000','2019-03-12 00:00:00.000000','Mapastepec','051',7),(133,'2019-03-11 00:00:00.000000','2019-03-12 00:00:00.000000','Las Margaritas','052',7),(134,'2019-03-11 00:00:00.000000','2019-03-12 00:00:00.000000','Mazapa de Madero','053',7),(135,'2019-03-11 00:00:00.000000','2019-03-12 00:00:00.000000','Mazatán','054',7),(136,'2019-03-11 00:00:00.000000','2019-03-12 00:00:00.000000','Metapa','055',7),(137,'2019-03-11 00:00:00.000000','2019-03-12 00:00:00.000000','Mitontic','056',7),(138,'2019-03-11 00:00:00.000000','2019-03-12 00:00:00.000000','Motozintla','057',7),(139,'2019-03-11 00:00:00.000000','2019-03-12 00:00:00.000000','Nicolás Ruíz','058',7),(140,'2019-03-11 00:00:00.000000','2019-03-12 00:00:00.000000','Ocosingo','059',7),(141,'2019-03-11 00:00:00.000000','2019-03-12 00:00:00.000000','Ocotepec','060',7),(142,'2019-03-11 00:00:00.000000','2019-03-12 00:00:00.000000','Ocozocoautla de Espinosa','061',7),(143,'2019-03-11 00:00:00.000000','2019-03-12 00:00:00.000000','Ostuacán','062',7),(144,'2019-03-11 00:00:00.000000','2019-03-12 00:00:00.000000','Osumacinta','063',7),(145,'2019-03-11 00:00:00.000000','2019-03-12 00:00:00.000000','Oxchuc','064',7),(146,'2019-03-11 00:00:00.000000','2019-03-12 00:00:00.000000','Palenque','065',7),(147,'2019-03-11 00:00:00.000000','2019-03-12 00:00:00.000000','Pantelhó','066',7),(148,'2019-03-11 00:00:00.000000','2019-03-12 00:00:00.000000','Pantepec','067',7),(149,'2019-03-11 00:00:00.000000','2019-03-12 00:00:00.000000','Pichucalco','068',7),(150,'2019-03-11 00:00:00.000000','2019-03-12 00:00:00.000000','Pijijiapan','069',7),(151,'2019-03-11 00:00:00.000000','2019-03-12 00:00:00.000000','El Porvenir','070',7),(152,'2019-03-11 00:00:00.000000','2019-03-12 00:00:00.000000','Villa Comaltitlán','071',7),(153,'2019-03-11 00:00:00.000000','2019-03-12 00:00:00.000000','Pueblo Nuevo Solistahuacán','072',7),(154,'2019-03-11 00:00:00.000000','2019-03-12 00:00:00.000000','Rayón','073',7),(155,'2019-03-11 00:00:00.000000','2019-03-12 00:00:00.000000','Reforma','074',7),(156,'2019-03-11 00:00:00.000000','2019-03-12 00:00:00.000000','Las Rosas','075',7),(157,'2019-03-11 00:00:00.000000','2019-03-12 00:00:00.000000','Sabanilla','076',7),(158,'2019-03-11 00:00:00.000000','2019-03-12 00:00:00.000000','Salto de Agua','077',7),(159,'2019-03-11 00:00:00.000000','2019-03-12 00:00:00.000000','San Cristóbal de las Casas','078',7),(160,'2019-03-11 00:00:00.000000','2019-03-12 00:00:00.000000','San Fernando','079',7),(161,'2019-03-11 00:00:00.000000','2019-03-12 00:00:00.000000','Siltepec','080',7),(162,'2019-03-11 00:00:00.000000','2019-03-12 00:00:00.000000','Simojovel','081',7),(163,'2019-03-11 00:00:00.000000','2019-03-12 00:00:00.000000','Sitalá','082',7),(164,'2019-03-11 00:00:00.000000','2019-03-12 00:00:00.000000','Socoltenango','083',7),(165,'2019-03-11 00:00:00.000000','2019-03-12 00:00:00.000000','Solosuchiapa','084',7),(166,'2019-03-11 00:00:00.000000','2019-03-12 00:00:00.000000','Soyaló','085',7),(167,'2019-03-11 00:00:00.000000','2019-03-12 00:00:00.000000','Suchiapa','086',7),(168,'2019-03-11 00:00:00.000000','2019-03-12 00:00:00.000000','Suchiate','087',7),(169,'2019-03-11 00:00:00.000000','2019-03-12 00:00:00.000000','Sunuapa','088',7),(170,'2019-03-11 00:00:00.000000','2019-03-12 00:00:00.000000','Tapachula','089',7),(171,'2019-03-11 00:00:00.000000','2019-03-12 00:00:00.000000','Tapalapa','090',7),(172,'2019-03-11 00:00:00.000000','2019-03-12 00:00:00.000000','Tapilula','091',7),(173,'2019-03-11 00:00:00.000000','2019-03-12 00:00:00.000000','Tecpatán','092',7),(174,'2019-03-11 00:00:00.000000','2019-03-12 00:00:00.000000','Tenejapa','093',7),(175,'2019-03-11 00:00:00.000000','2019-03-12 00:00:00.000000','Teopisca','094',7),(176,'2019-03-11 00:00:00.000000','2019-03-12 00:00:00.000000','Tila','096',7),(177,'2019-03-11 00:00:00.000000','2019-03-12 00:00:00.000000','Tonalá','097',7),(178,'2019-03-11 00:00:00.000000','2019-03-12 00:00:00.000000','Totolapa','098',7),(179,'2019-03-11 00:00:00.000000','2019-03-12 00:00:00.000000','La Trinitaria','099',7),(180,'2019-03-11 00:00:00.000000','2019-03-12 00:00:00.000000','Tumbalá','100',7),(181,'2019-03-11 00:00:00.000000','2019-03-12 00:00:00.000000','Tuxtla Gutiérrez','101',7),(182,'2019-03-11 00:00:00.000000','2019-03-12 00:00:00.000000','Tuxtla Chico','102',7),(183,'2019-03-11 00:00:00.000000','2019-03-12 00:00:00.000000','Tuzantán','103',7),(184,'2019-03-11 00:00:00.000000','2019-03-12 00:00:00.000000','Tzimol','104',7),(185,'2019-03-11 00:00:00.000000','2019-03-12 00:00:00.000000','Unión Juárez','105',7),(186,'2019-03-11 00:00:00.000000','2019-03-12 00:00:00.000000','Venustiano Carranza','106',7),(187,'2019-03-11 00:00:00.000000','2019-03-12 00:00:00.000000','Villa Corzo','107',7),(188,'2019-03-11 00:00:00.000000','2019-03-12 00:00:00.000000','Villaflores','108',7),(189,'2019-03-11 00:00:00.000000','2019-03-12 00:00:00.000000','Yajalón','109',7),(190,'2019-03-11 00:00:00.000000','2019-03-12 00:00:00.000000','San Lucas','110',7),(191,'2019-03-11 00:00:00.000000','2019-03-12 00:00:00.000000','Zinacantán','111',7),(192,'2019-03-11 00:00:00.000000','2019-03-12 00:00:00.000000','San Juan Cancuc','112',7),(193,'2019-03-11 00:00:00.000000','2019-03-12 00:00:00.000000','Aldama','113',7),(194,'2019-03-11 00:00:00.000000','2019-03-12 00:00:00.000000','Benemérito de las Américas','114',7),(195,'2019-03-11 00:00:00.000000','2019-03-12 00:00:00.000000','Maravilla Tenejapa','115',7),(196,'2019-03-11 00:00:00.000000','2019-03-12 00:00:00.000000','Marqués de Comillas','116',7),(197,'2019-03-11 00:00:00.000000','2019-03-12 00:00:00.000000','Montecristo de Guerrero','117',7),(198,'2019-03-11 00:00:00.000000','2019-03-12 00:00:00.000000','San Andrés Duraznal','118',7),(199,'2019-03-11 00:00:00.000000','2019-03-12 00:00:00.000000','Santiago el Pinar','119',7),(200,'2019-03-11 00:00:00.000000','2019-03-12 00:00:00.000000','Capitán Luis Ángel Vidal','120',7),(201,'2019-03-11 00:00:00.000000','2019-03-12 00:00:00.000000','Rincón Chamula San Pedro','121',7),(202,'2019-03-11 00:00:00.000000','2019-03-12 00:00:00.000000','El Parral','122',7),(203,'2019-03-11 00:00:00.000000','2019-03-12 00:00:00.000000','Emiliano Zapata','123',7),(204,'2019-03-11 00:00:00.000000','2019-03-12 00:00:00.000000','Mezcalapa','124',7),(205,'2019-03-11 00:00:00.000000','2019-03-12 00:00:00.000000','Ahumada','001',8),(206,'2019-03-11 00:00:00.000000','2019-03-12 00:00:00.000000','Aldama','002',8),(207,'2019-03-11 00:00:00.000000','2019-03-12 00:00:00.000000','Allende','003',8),(208,'2019-03-11 00:00:00.000000','2019-03-12 00:00:00.000000','Aquiles Serdán','004',8),(209,'2019-03-11 00:00:00.000000','2019-03-12 00:00:00.000000','Ascensión','005',8),(210,'2019-03-11 00:00:00.000000','2019-03-12 00:00:00.000000','Bachíniva','006',8),(211,'2019-03-11 00:00:00.000000','2019-03-12 00:00:00.000000','Balleza','007',8),(212,'2019-03-11 00:00:00.000000','2019-03-12 00:00:00.000000','Batopilas de Manuel Gómez Morín','008',8),(213,'2019-03-11 00:00:00.000000','2019-03-12 00:00:00.000000','Bocoyna','009',8),(214,'2019-03-11 00:00:00.000000','2019-03-12 00:00:00.000000','Buenaventura','010',8),(215,'2019-03-11 00:00:00.000000','2019-03-12 00:00:00.000000','Camargo','011',8),(216,'2019-03-11 00:00:00.000000','2019-03-12 00:00:00.000000','Carichí','012',8),(217,'2019-03-11 00:00:00.000000','2019-03-12 00:00:00.000000','Casas Grandes','013',8),(218,'2019-03-11 00:00:00.000000','2019-03-12 00:00:00.000000','Coronado','014',8),(219,'2019-03-11 00:00:00.000000','2019-03-12 00:00:00.000000','Coyame del Sotol','015',8),(220,'2019-03-11 00:00:00.000000','2019-03-12 00:00:00.000000','La Cruz','016',8),(221,'2019-03-11 00:00:00.000000','2019-03-12 00:00:00.000000','Cuauhtémoc','017',8),(222,'2019-03-11 00:00:00.000000','2019-03-12 00:00:00.000000','Cusihuiriachi','018',8),(223,'2019-03-11 00:00:00.000000','2019-03-12 00:00:00.000000','Chihuahua','019',8),(224,'2019-03-11 00:00:00.000000','2019-03-12 00:00:00.000000','Chínipas','020',8),(225,'2019-03-11 00:00:00.000000','2019-03-12 00:00:00.000000','Delicias','021',8),(226,'2019-03-11 00:00:00.000000','2019-03-12 00:00:00.000000','Dr. Belisario Domínguez','022',8),(227,'2019-03-11 00:00:00.000000','2019-03-12 00:00:00.000000','Galeana','023',8),(228,'2019-03-11 00:00:00.000000','2019-03-12 00:00:00.000000','Santa Isabel','024',8),(229,'2019-03-11 00:00:00.000000','2019-03-12 00:00:00.000000','Gómez Farías','025',8),(230,'2019-03-11 00:00:00.000000','2019-03-12 00:00:00.000000','Gran Morelos','026',8),(231,'2019-03-11 00:00:00.000000','2019-03-12 00:00:00.000000','Guachochi','027',8),(232,'2019-03-11 00:00:00.000000','2019-03-12 00:00:00.000000','Guadalupe','028',8),(233,'2019-03-11 00:00:00.000000','2019-03-12 00:00:00.000000','Guadalupe y Calvo','029',8),(234,'2019-03-11 00:00:00.000000','2019-03-12 00:00:00.000000','Guazapares','030',8),(235,'2019-03-11 00:00:00.000000','2019-03-12 00:00:00.000000','Guerrero','031',8),(236,'2019-03-11 00:00:00.000000','2019-03-12 00:00:00.000000','Hidalgo del Parral','032',8),(237,'2019-03-11 00:00:00.000000','2019-03-12 00:00:00.000000','Huejotitán','033',8),(238,'2019-03-11 00:00:00.000000','2019-03-12 00:00:00.000000','Ignacio Zaragoza','034',8),(239,'2019-03-11 00:00:00.000000','2019-03-12 00:00:00.000000','Janos','035',8),(240,'2019-03-11 00:00:00.000000','2019-03-12 00:00:00.000000','Jiménez','036',8),(241,'2019-03-11 00:00:00.000000','2019-03-12 00:00:00.000000','Juárez','037',8),(242,'2019-03-11 00:00:00.000000','2019-03-12 00:00:00.000000','Julimes','038',8),(243,'2019-03-11 00:00:00.000000','2019-03-12 00:00:00.000000','López','039',8),(244,'2019-03-11 00:00:00.000000','2019-03-12 00:00:00.000000','Madera','040',8),(245,'2019-03-11 00:00:00.000000','2019-03-12 00:00:00.000000','Maguarichi','041',8),(246,'2019-03-11 00:00:00.000000','2019-03-12 00:00:00.000000','Manuel Benavides','042',8),(247,'2019-03-11 00:00:00.000000','2019-03-12 00:00:00.000000','Matachí','043',8),(248,'2019-03-11 00:00:00.000000','2019-03-12 00:00:00.000000','Matamoros','044',8),(249,'2019-03-11 00:00:00.000000','2019-03-12 00:00:00.000000','Meoqui','045',8),(250,'2019-03-11 00:00:00.000000','2019-03-12 00:00:00.000000','Morelos','046',8),(251,'2019-03-11 00:00:00.000000','2019-03-12 00:00:00.000000','Moris','047',8),(252,'2019-03-11 00:00:00.000000','2019-03-12 00:00:00.000000','Namiquipa','048',8),(253,'2019-03-11 00:00:00.000000','2019-03-12 00:00:00.000000','Nonoava','049',8),(254,'2019-03-11 00:00:00.000000','2019-03-12 00:00:00.000000','Nuevo Casas Grandes','050',8),(255,'2019-03-11 00:00:00.000000','2019-03-12 00:00:00.000000','Ocampo','051',8),(256,'2019-03-11 00:00:00.000000','2019-03-12 00:00:00.000000','Ojinaga','052',8),(257,'2019-03-11 00:00:00.000000','2019-03-12 00:00:00.000000','Praxedis G. Guerrero','053',8),(258,'2019-03-11 00:00:00.000000','2019-03-12 00:00:00.000000','Riva Palacio','054',8),(259,'2019-03-11 00:00:00.000000','2019-03-12 00:00:00.000000','Rosales','055',8),(260,'2019-03-11 00:00:00.000000','2019-03-12 00:00:00.000000','Rosario','056',8),(261,'2019-03-11 00:00:00.000000','2019-03-12 00:00:00.000000','San Francisco de Borja','057',8),(262,'2019-03-11 00:00:00.000000','2019-03-12 00:00:00.000000','San Francisco de Conchos','058',8),(263,'2019-03-11 00:00:00.000000','2019-03-12 00:00:00.000000','San Francisco del Oro','059',8),(264,'2019-03-11 00:00:00.000000','2019-03-12 00:00:00.000000','Santa Bárbara','060',8),(265,'2019-03-11 00:00:00.000000','2019-03-12 00:00:00.000000','Satevó','061',8),(266,'2019-03-11 00:00:00.000000','2019-03-12 00:00:00.000000','Saucillo','062',8),(267,'2019-03-11 00:00:00.000000','2019-03-12 00:00:00.000000','Temósachic','063',8),(268,'2019-03-11 00:00:00.000000','2019-03-12 00:00:00.000000','El Tule','064',8),(269,'2019-03-11 00:00:00.000000','2019-03-12 00:00:00.000000','Urique','065',8),(270,'2019-03-11 00:00:00.000000','2019-03-12 00:00:00.000000','Uruachi','066',8),(271,'2019-03-11 00:00:00.000000','2019-03-12 00:00:00.000000','Valle de Zaragoza','067',8),(272,'2019-03-11 00:00:00.000000','2019-03-12 00:00:00.000000','Azcapotzalco','002',9),(273,'2019-03-11 00:00:00.000000','2019-03-12 00:00:00.000000','Coyoacán','003',9),(274,'2019-03-11 00:00:00.000000','2019-03-12 00:00:00.000000','Cuajimalpa de Morelos','004',9),(275,'2019-03-11 00:00:00.000000','2019-03-12 00:00:00.000000','Gustavo A. Madero','005',9),(276,'2019-03-11 00:00:00.000000','2019-03-12 00:00:00.000000','Iztacalco','006',9),(277,'2019-03-11 00:00:00.000000','2019-03-12 00:00:00.000000','Iztapalapa','007',9),(278,'2019-03-11 00:00:00.000000','2019-03-12 00:00:00.000000','La Magdalena Contreras','008',9),(279,'2019-03-11 00:00:00.000000','2019-03-12 00:00:00.000000','Milpa Alta','009',9),(280,'2019-03-11 00:00:00.000000','2019-03-12 00:00:00.000000','Álvaro Obregón','010',9),(281,'2019-03-11 00:00:00.000000','2019-03-12 00:00:00.000000','Tláhuac','011',9),(282,'2019-03-11 00:00:00.000000','2019-03-12 00:00:00.000000','Tlalpan','012',9),(283,'2019-03-11 00:00:00.000000','2019-03-12 00:00:00.000000','Xochimilco','013',9),(284,'2019-03-11 00:00:00.000000','2019-03-12 00:00:00.000000','Benito Juárez','014',9),(285,'2019-03-11 00:00:00.000000','2019-03-12 00:00:00.000000','Cuauhtémoc','015',9),(286,'2019-03-11 00:00:00.000000','2019-03-12 00:00:00.000000','Miguel Hidalgo','016',9),(287,'2019-03-11 00:00:00.000000','2019-03-12 00:00:00.000000','Venustiano Carranza','017',9),(288,'2019-03-11 00:00:00.000000','2019-03-12 00:00:00.000000','Canatlán','001',10),(289,'2019-03-11 00:00:00.000000','2019-03-12 00:00:00.000000','Canelas','002',10),(290,'2019-03-11 00:00:00.000000','2019-03-12 00:00:00.000000','Coneto de Comonfort','003',10),(291,'2019-03-11 00:00:00.000000','2019-03-12 00:00:00.000000','Cuencamé','004',10),(292,'2019-03-11 00:00:00.000000','2019-03-12 00:00:00.000000','Durango','005',10),(293,'2019-03-11 00:00:00.000000','2019-03-12 00:00:00.000000','General Simón Bolívar','006',10),(294,'2019-03-11 00:00:00.000000','2019-03-12 00:00:00.000000','Gómez Palacio','007',10),(295,'2019-03-11 00:00:00.000000','2019-03-12 00:00:00.000000','Guadalupe Victoria','008',10),(296,'2019-03-11 00:00:00.000000','2019-03-12 00:00:00.000000','Guanaceví','009',10),(297,'2019-03-11 00:00:00.000000','2019-03-12 00:00:00.000000','Hidalgo','010',10),(298,'2019-03-11 00:00:00.000000','2019-03-12 00:00:00.000000','Indé','011',10),(299,'2019-03-11 00:00:00.000000','2019-03-12 00:00:00.000000','Lerdo','012',10),(300,'2019-03-11 00:00:00.000000','2019-03-12 00:00:00.000000','Mapimí','013',10),(301,'2019-03-11 00:00:00.000000','2019-03-12 00:00:00.000000','Mezquital','014',10),(302,'2019-03-11 00:00:00.000000','2019-03-12 00:00:00.000000','Nazas','015',10),(303,'2019-03-11 00:00:00.000000','2019-03-12 00:00:00.000000','Nombre de Dios','016',10),(304,'2019-03-11 00:00:00.000000','2019-03-12 00:00:00.000000','Ocampo','017',10),(305,'2019-03-11 00:00:00.000000','2019-03-12 00:00:00.000000','El Oro','018',10),(306,'2019-03-11 00:00:00.000000','2019-03-12 00:00:00.000000','Otáez','019',10),(307,'2019-03-11 00:00:00.000000','2019-03-12 00:00:00.000000','Pánuco de Coronado','020',10),(308,'2019-03-11 00:00:00.000000','2019-03-12 00:00:00.000000','Peñón Blanco','021',10),(309,'2019-03-11 00:00:00.000000','2019-03-12 00:00:00.000000','Poanas','022',10),(310,'2019-03-11 00:00:00.000000','2019-03-12 00:00:00.000000','Pueblo Nuevo','023',10),(311,'2019-03-11 00:00:00.000000','2019-03-12 00:00:00.000000','Rodeo','024',10),(312,'2019-03-11 00:00:00.000000','2019-03-12 00:00:00.000000','San Bernardo','025',10),(313,'2019-03-11 00:00:00.000000','2019-03-12 00:00:00.000000','San Dimas','026',10),(314,'2019-03-11 00:00:00.000000','2019-03-12 00:00:00.000000','San Juan de Guadalupe','027',10),(315,'2019-03-11 00:00:00.000000','2019-03-12 00:00:00.000000','San Juan del Río','028',10),(316,'2019-03-11 00:00:00.000000','2019-03-12 00:00:00.000000','San Luis del Cordero','029',10),(317,'2019-03-11 00:00:00.000000','2019-03-12 00:00:00.000000','San Pedro del Gallo','030',10),(318,'2019-03-11 00:00:00.000000','2019-03-12 00:00:00.000000','Santa Clara','031',10),(319,'2019-03-11 00:00:00.000000','2019-03-12 00:00:00.000000','Santiago Papasquiaro','032',10),(320,'2019-03-11 00:00:00.000000','2019-03-12 00:00:00.000000','Súchil','033',10),(321,'2019-03-11 00:00:00.000000','2019-03-12 00:00:00.000000','Tamazula','034',10),(322,'2019-03-11 00:00:00.000000','2019-03-12 00:00:00.000000','Tepehuanes','035',10),(323,'2019-03-11 00:00:00.000000','2019-03-12 00:00:00.000000','Tlahualilo','036',10),(324,'2019-03-11 00:00:00.000000','2019-03-12 00:00:00.000000','Topia','037',10),(325,'2019-03-11 00:00:00.000000','2019-03-12 00:00:00.000000','Vicente Guerrero','038',10),(326,'2019-03-11 00:00:00.000000','2019-03-12 00:00:00.000000','Nuevo Ideal','039',10),(327,'2019-03-11 00:00:00.000000','2019-03-12 00:00:00.000000','Abasolo','001',11),(328,'2019-03-11 00:00:00.000000','2019-03-12 00:00:00.000000','Acámbaro','002',11),(329,'2019-03-11 00:00:00.000000','2019-03-12 00:00:00.000000','San Miguel de Allende','003',11),(330,'2019-03-11 00:00:00.000000','2019-03-12 00:00:00.000000','Apaseo el Alto','004',11),(331,'2019-03-11 00:00:00.000000','2019-03-12 00:00:00.000000','Apaseo el Grande','005',11),(332,'2019-03-11 00:00:00.000000','2019-03-12 00:00:00.000000','Atarjea','006',11),(333,'2019-03-11 00:00:00.000000','2019-03-12 00:00:00.000000','Celaya','007',11),(334,'2019-03-11 00:00:00.000000','2019-03-12 00:00:00.000000','Manuel Doblado','008',11),(335,'2019-03-11 00:00:00.000000','2019-03-12 00:00:00.000000','Comonfort','009',11),(336,'2019-03-11 00:00:00.000000','2019-03-12 00:00:00.000000','Coroneo','010',11),(337,'2019-03-11 00:00:00.000000','2019-03-12 00:00:00.000000','Cortazar','011',11),(338,'2019-03-11 00:00:00.000000','2019-03-12 00:00:00.000000','Cuerámaro','012',11),(339,'2019-03-11 00:00:00.000000','2019-03-12 00:00:00.000000','Doctor Mora','013',11),(340,'2019-03-11 00:00:00.000000','2019-03-12 00:00:00.000000','Dolores Hidalgo Cuna de la Independencia Nacional','014',11),(341,'2019-03-11 00:00:00.000000','2019-03-12 00:00:00.000000','Guanajuato','015',11),(342,'2019-03-11 00:00:00.000000','2019-03-12 00:00:00.000000','Huanímaro','016',11),(343,'2019-03-11 00:00:00.000000','2019-03-12 00:00:00.000000','Irapuato','017',11),(344,'2019-03-11 00:00:00.000000','2019-03-12 00:00:00.000000','Jaral del Progreso','018',11),(345,'2019-03-11 00:00:00.000000','2019-03-12 00:00:00.000000','Jerécuaro','019',11),(346,'2019-03-11 00:00:00.000000','2019-03-12 00:00:00.000000','León','020',11),(347,'2019-03-11 00:00:00.000000','2019-03-12 00:00:00.000000','Moroleón','021',11),(348,'2019-03-11 00:00:00.000000','2019-03-12 00:00:00.000000','Ocampo','022',11),(349,'2019-03-11 00:00:00.000000','2019-03-12 00:00:00.000000','Pénjamo','023',11),(350,'2019-03-11 00:00:00.000000','2019-03-12 00:00:00.000000','Pueblo Nuevo','024',11),(351,'2019-03-11 00:00:00.000000','2019-03-12 00:00:00.000000','Purísima del Rincón','025',11),(352,'2019-03-11 00:00:00.000000','2019-03-12 00:00:00.000000','Romita','026',11),(353,'2019-03-11 00:00:00.000000','2019-03-12 00:00:00.000000','Salamanca','027',11),(354,'2019-03-11 00:00:00.000000','2019-03-12 00:00:00.000000','Salvatierra','028',11),(355,'2019-03-11 00:00:00.000000','2019-03-12 00:00:00.000000','San Diego de la Unión','029',11),(356,'2019-03-11 00:00:00.000000','2019-03-12 00:00:00.000000','San Felipe','030',11),(357,'2019-03-11 00:00:00.000000','2019-03-12 00:00:00.000000','San Francisco del Rincón','031',11),(358,'2019-03-11 00:00:00.000000','2019-03-12 00:00:00.000000','San José Iturbide','032',11),(359,'2019-03-11 00:00:00.000000','2019-03-12 00:00:00.000000','San Luis de la Paz','033',11),(360,'2019-03-11 00:00:00.000000','2019-03-12 00:00:00.000000','Santa Catarina','034',11),(361,'2019-03-11 00:00:00.000000','2019-03-12 00:00:00.000000','Santa Cruz de Juventino Rosas','035',11),(362,'2019-03-11 00:00:00.000000','2019-03-12 00:00:00.000000','Santiago Maravatío','036',11),(363,'2019-03-11 00:00:00.000000','2019-03-12 00:00:00.000000','Silao de la Victoria','037',11),(364,'2019-03-11 00:00:00.000000','2019-03-12 00:00:00.000000','Tarandacuao','038',11),(365,'2019-03-11 00:00:00.000000','2019-03-12 00:00:00.000000','Tarimoro','039',11),(366,'2019-03-11 00:00:00.000000','2019-03-12 00:00:00.000000','Tierra Blanca','040',11),(367,'2019-03-11 00:00:00.000000','2019-03-12 00:00:00.000000','Uriangato','041',11),(368,'2019-03-11 00:00:00.000000','2019-03-12 00:00:00.000000','Valle de Santiago','042',11),(369,'2019-03-11 00:00:00.000000','2019-03-12 00:00:00.000000','Victoria','043',11),(370,'2019-03-11 00:00:00.000000','2019-03-12 00:00:00.000000','Villagrán','044',11),(371,'2019-03-11 00:00:00.000000','2019-03-12 00:00:00.000000','Xichú','045',11),(372,'2019-03-11 00:00:00.000000','2019-03-12 00:00:00.000000','Yuriria','046',11),(373,'2019-03-11 00:00:00.000000','2019-03-12 00:00:00.000000','Acapulco de Juárez','001',12),(374,'2019-03-11 00:00:00.000000','2019-03-12 00:00:00.000000','Ahuacuotzingo','002',12),(375,'2019-03-11 00:00:00.000000','2019-03-12 00:00:00.000000','Ajuchitlán del Progreso','003',12),(376,'2019-03-11 00:00:00.000000','2019-03-12 00:00:00.000000','Alcozauca de Guerrero','004',12),(377,'2019-03-11 00:00:00.000000','2019-03-12 00:00:00.000000','Alpoyeca','005',12),(378,'2019-03-11 00:00:00.000000','2019-03-12 00:00:00.000000','Apaxtla','006',12),(379,'2019-03-11 00:00:00.000000','2019-03-12 00:00:00.000000','Arcelia','007',12),(380,'2019-03-11 00:00:00.000000','2019-03-12 00:00:00.000000','Atenango del Río','008',12),(381,'2019-03-11 00:00:00.000000','2019-03-12 00:00:00.000000','Atlamajalcingo del Monte','009',12),(382,'2019-03-11 00:00:00.000000','2019-03-12 00:00:00.000000','Atlixtac','010',12),(383,'2019-03-11 00:00:00.000000','2019-03-12 00:00:00.000000','Atoyac de Álvarez','011',12),(384,'2019-03-11 00:00:00.000000','2019-03-12 00:00:00.000000','Ayutla de los Libres','012',12),(385,'2019-03-11 00:00:00.000000','2019-03-12 00:00:00.000000','Azoyú','013',12),(386,'2019-03-11 00:00:00.000000','2019-03-12 00:00:00.000000','Benito Juárez','014',12),(387,'2019-03-11 00:00:00.000000','2019-03-12 00:00:00.000000','Buenavista de Cuéllar','015',12),(388,'2019-03-11 00:00:00.000000','2019-03-12 00:00:00.000000','Coahuayutla de José María Izazaga','016',12),(389,'2019-03-11 00:00:00.000000','2019-03-12 00:00:00.000000','Cocula','017',12),(390,'2019-03-11 00:00:00.000000','2019-03-12 00:00:00.000000','Copala','018',12),(391,'2019-03-11 00:00:00.000000','2019-03-12 00:00:00.000000','Copalillo','019',12),(392,'2019-03-11 00:00:00.000000','2019-03-12 00:00:00.000000','Copanatoyac','020',12),(393,'2019-03-11 00:00:00.000000','2019-03-12 00:00:00.000000','Coyuca de Benítez','021',12),(394,'2019-03-11 00:00:00.000000','2019-03-12 00:00:00.000000','Coyuca de Catalán','022',12),(395,'2019-03-11 00:00:00.000000','2019-03-12 00:00:00.000000','Cuajinicuilapa','023',12),(396,'2019-03-11 00:00:00.000000','2019-03-12 00:00:00.000000','Cualác','024',12),(397,'2019-03-11 00:00:00.000000','2019-03-12 00:00:00.000000','Cuautepec','025',12),(398,'2019-03-11 00:00:00.000000','2019-03-12 00:00:00.000000','Cuetzala del Progreso','026',12),(399,'2019-03-11 00:00:00.000000','2019-03-12 00:00:00.000000','Cutzamala de Pinzón','027',12),(400,'2019-03-11 00:00:00.000000','2019-03-12 00:00:00.000000','Chilapa de Álvarez','028',12),(401,'2019-03-11 00:00:00.000000','2019-03-12 00:00:00.000000','Chilpancingo de los Bravo','029',12),(402,'2019-03-11 00:00:00.000000','2019-03-12 00:00:00.000000','Florencio Villarreal','030',12),(403,'2019-03-11 00:00:00.000000','2019-03-12 00:00:00.000000','General Canuto A. Neri','031',12),(404,'2019-03-11 00:00:00.000000','2019-03-12 00:00:00.000000','General Heliodoro Castillo','032',12),(405,'2019-03-11 00:00:00.000000','2019-03-12 00:00:00.000000','Huamuxtitlán','033',12),(406,'2019-03-11 00:00:00.000000','2019-03-12 00:00:00.000000','Huitzuco de los Figueroa','034',12),(407,'2019-03-11 00:00:00.000000','2019-03-12 00:00:00.000000','Iguala de la Independencia','035',12),(408,'2019-03-11 00:00:00.000000','2019-03-12 00:00:00.000000','Igualapa','036',12),(409,'2019-03-11 00:00:00.000000','2019-03-12 00:00:00.000000','Ixcateopan de Cuauhtémoc','037',12),(410,'2019-03-11 00:00:00.000000','2019-03-12 00:00:00.000000','Zihuatanejo de Azueta','038',12),(411,'2019-03-11 00:00:00.000000','2019-03-12 00:00:00.000000','Juan R. Escudero','039',12),(412,'2019-03-11 00:00:00.000000','2019-03-12 00:00:00.000000','Leonardo Bravo','040',12),(413,'2019-03-11 00:00:00.000000','2019-03-12 00:00:00.000000','Malinaltepec','041',12),(414,'2019-03-11 00:00:00.000000','2019-03-12 00:00:00.000000','Mártir de Cuilapan','042',12),(415,'2019-03-11 00:00:00.000000','2019-03-12 00:00:00.000000','Metlatónoc','043',12),(416,'2019-03-11 00:00:00.000000','2019-03-12 00:00:00.000000','Mochitlán','044',12),(417,'2019-03-11 00:00:00.000000','2019-03-12 00:00:00.000000','Olinalá','045',12),(418,'2019-03-11 00:00:00.000000','2019-03-12 00:00:00.000000','Ometepec','046',12),(419,'2019-03-11 00:00:00.000000','2019-03-12 00:00:00.000000','Pedro Ascencio Alquisiras','047',12),(420,'2019-03-11 00:00:00.000000','2019-03-12 00:00:00.000000','Petatlán','048',12),(421,'2019-03-11 00:00:00.000000','2019-03-12 00:00:00.000000','Pilcaya','049',12),(422,'2019-03-11 00:00:00.000000','2019-03-12 00:00:00.000000','Pungarabato','050',12),(423,'2019-03-11 00:00:00.000000','2019-03-12 00:00:00.000000','Quechultenango','051',12),(424,'2019-03-11 00:00:00.000000','2019-03-12 00:00:00.000000','San Luis Acatlán','052',12),(425,'2019-03-11 00:00:00.000000','2019-03-12 00:00:00.000000','San Marcos','053',12),(426,'2019-03-11 00:00:00.000000','2019-03-12 00:00:00.000000','San Miguel Totolapan','054',12),(427,'2019-03-11 00:00:00.000000','2019-03-12 00:00:00.000000','Taxco de Alarcón','055',12),(428,'2019-03-11 00:00:00.000000','2019-03-12 00:00:00.000000','Tecoanapa','056',12),(429,'2019-03-11 00:00:00.000000','2019-03-12 00:00:00.000000','Técpan de Galeana','057',12),(430,'2019-03-11 00:00:00.000000','2019-03-12 00:00:00.000000','Teloloapan','058',12),(431,'2019-03-11 00:00:00.000000','2019-03-12 00:00:00.000000','Tepecoacuilco de Trujano','059',12),(432,'2019-03-11 00:00:00.000000','2019-03-12 00:00:00.000000','Tetipac','060',12),(433,'2019-03-11 00:00:00.000000','2019-03-12 00:00:00.000000','Tixtla de Guerrero','061',12),(434,'2019-03-11 00:00:00.000000','2019-03-12 00:00:00.000000','Tlacoachistlahuaca','062',12),(435,'2019-03-11 00:00:00.000000','2019-03-12 00:00:00.000000','Tlacoapa','063',12),(436,'2019-03-11 00:00:00.000000','2019-03-12 00:00:00.000000','Tlalchapa','064',12),(437,'2019-03-11 00:00:00.000000','2019-03-12 00:00:00.000000','Tlalixtaquilla de Maldonado','065',12),(438,'2019-03-11 00:00:00.000000','2019-03-12 00:00:00.000000','Tlapa de Comonfort','066',12),(439,'2019-03-11 00:00:00.000000','2019-03-12 00:00:00.000000','Tlapehuala','067',12),(440,'2019-03-11 00:00:00.000000','2019-03-12 00:00:00.000000','La Unión de Isidoro Montes de Oca','068',12),(441,'2019-03-11 00:00:00.000000','2019-03-12 00:00:00.000000','Xalpatláhuac','069',12),(442,'2019-03-11 00:00:00.000000','2019-03-12 00:00:00.000000','Xochihuehuetlán','070',12),(443,'2019-03-11 00:00:00.000000','2019-03-12 00:00:00.000000','Xochistlahuaca','071',12),(444,'2019-03-11 00:00:00.000000','2019-03-12 00:00:00.000000','Zapotitlán Tablas','072',12),(445,'2019-03-11 00:00:00.000000','2019-03-12 00:00:00.000000','Zirándaro','073',12),(446,'2019-03-11 00:00:00.000000','2019-03-12 00:00:00.000000','Zitlala','074',12),(447,'2019-03-11 00:00:00.000000','2019-03-12 00:00:00.000000','Eduardo Neri','075',12),(448,'2019-03-11 00:00:00.000000','2019-03-12 00:00:00.000000','Acatepec','076',12),(449,'2019-03-11 00:00:00.000000','2019-03-12 00:00:00.000000','Marquelia','077',12),(450,'2019-03-11 00:00:00.000000','2019-03-12 00:00:00.000000','Cochoapa el Grande','078',12),(451,'2019-03-11 00:00:00.000000','2019-03-12 00:00:00.000000','José Joaquín de Herrera','079',12),(452,'2019-03-11 00:00:00.000000','2019-03-12 00:00:00.000000','Juchitán','080',12),(453,'2019-03-11 00:00:00.000000','2019-03-12 00:00:00.000000','Iliatenco','081',12),(454,'2019-03-11 00:00:00.000000','2019-03-12 00:00:00.000000','Acatlán','001',13),(455,'2019-03-11 00:00:00.000000','2019-03-12 00:00:00.000000','Acaxochitlán','002',13),(456,'2019-03-11 00:00:00.000000','2019-03-12 00:00:00.000000','Actopan','003',13),(457,'2019-03-11 00:00:00.000000','2019-03-12 00:00:00.000000','Agua Blanca de Iturbide','004',13),(458,'2019-03-11 00:00:00.000000','2019-03-12 00:00:00.000000','Ajacuba','005',13),(459,'2019-03-11 00:00:00.000000','2019-03-12 00:00:00.000000','Alfajayucan','006',13),(460,'2019-03-11 00:00:00.000000','2019-03-12 00:00:00.000000','Almoloya','007',13),(461,'2019-03-11 00:00:00.000000','2019-03-12 00:00:00.000000','Apan','008',13),(462,'2019-03-11 00:00:00.000000','2019-03-12 00:00:00.000000','El Arenal','009',13),(463,'2019-03-11 00:00:00.000000','2019-03-12 00:00:00.000000','Atitalaquia','010',13),(464,'2019-03-11 00:00:00.000000','2019-03-12 00:00:00.000000','Atlapexco','011',13),(465,'2019-03-11 00:00:00.000000','2019-03-12 00:00:00.000000','Atotonilco el Grande','012',13),(466,'2019-03-11 00:00:00.000000','2019-03-12 00:00:00.000000','Atotonilco de Tula','013',13),(467,'2019-03-11 00:00:00.000000','2019-03-12 00:00:00.000000','Calnali','014',13),(468,'2019-03-11 00:00:00.000000','2019-03-12 00:00:00.000000','Cardonal','015',13),(469,'2019-03-11 00:00:00.000000','2019-03-12 00:00:00.000000','Cuautepec de Hinojosa','016',13),(470,'2019-03-11 00:00:00.000000','2019-03-12 00:00:00.000000','Chapantongo','017',13),(471,'2019-03-11 00:00:00.000000','2019-03-12 00:00:00.000000','Chapulhuacán','018',13),(472,'2019-03-11 00:00:00.000000','2019-03-12 00:00:00.000000','Chilcuautla','019',13),(473,'2019-03-11 00:00:00.000000','2019-03-12 00:00:00.000000','Eloxochitlán','020',13),(474,'2019-03-11 00:00:00.000000','2019-03-12 00:00:00.000000','Emiliano Zapata','021',13),(475,'2019-03-11 00:00:00.000000','2019-03-12 00:00:00.000000','Epazoyucan','022',13),(476,'2019-03-11 00:00:00.000000','2019-03-12 00:00:00.000000','Francisco I. Madero','023',13),(477,'2019-03-11 00:00:00.000000','2019-03-12 00:00:00.000000','Huasca de Ocampo','024',13),(478,'2019-03-11 00:00:00.000000','2019-03-12 00:00:00.000000','Huautla','025',13),(479,'2019-03-11 00:00:00.000000','2019-03-12 00:00:00.000000','Huazalingo','026',13),(480,'2019-03-11 00:00:00.000000','2019-03-12 00:00:00.000000','Huehuetla','027',13),(481,'2019-03-11 00:00:00.000000','2019-03-12 00:00:00.000000','Huejutla de Reyes','028',13),(482,'2019-03-11 00:00:00.000000','2019-03-12 00:00:00.000000','Huichapan','029',13),(483,'2019-03-11 00:00:00.000000','2019-03-12 00:00:00.000000','Ixmiquilpan','030',13),(484,'2019-03-11 00:00:00.000000','2019-03-12 00:00:00.000000','Jacala de Ledezma','031',13),(485,'2019-03-11 00:00:00.000000','2019-03-12 00:00:00.000000','Jaltocán','032',13),(486,'2019-03-11 00:00:00.000000','2019-03-12 00:00:00.000000','Juárez Hidalgo','033',13),(487,'2019-03-11 00:00:00.000000','2019-03-12 00:00:00.000000','Lolotla','034',13),(488,'2019-03-11 00:00:00.000000','2019-03-12 00:00:00.000000','Metepec','035',13),(489,'2019-03-11 00:00:00.000000','2019-03-12 00:00:00.000000','San Agustín Metzquititlán','036',13),(490,'2019-03-11 00:00:00.000000','2019-03-12 00:00:00.000000','Metztitlán','037',13),(491,'2019-03-11 00:00:00.000000','2019-03-12 00:00:00.000000','Mineral del Chico','038',13),(492,'2019-03-11 00:00:00.000000','2019-03-12 00:00:00.000000','Mineral del Monte','039',13),(493,'2019-03-11 00:00:00.000000','2019-03-12 00:00:00.000000','La Misión','040',13),(494,'2019-03-11 00:00:00.000000','2019-03-12 00:00:00.000000','Mixquiahuala de Juárez','041',13),(495,'2019-03-11 00:00:00.000000','2019-03-12 00:00:00.000000','Molango de Escamilla','042',13),(496,'2019-03-11 00:00:00.000000','2019-03-12 00:00:00.000000','Nicolás Flores','043',13),(497,'2019-03-11 00:00:00.000000','2019-03-12 00:00:00.000000','Nopala de Villagrán','044',13),(498,'2019-03-11 00:00:00.000000','2019-03-12 00:00:00.000000','Omitlán de Juárez','045',13),(499,'2019-03-11 00:00:00.000000','2019-03-12 00:00:00.000000','San Felipe Orizatlán','046',13),(500,'2019-03-11 00:00:00.000000','2019-03-12 00:00:00.000000','Pacula','047',13),(501,'2019-03-11 00:00:00.000000','2019-03-12 00:00:00.000000','Pachuca de Soto','048',13),(502,'2019-03-11 00:00:00.000000','2019-03-12 00:00:00.000000','Pisaflores','049',13),(503,'2019-03-11 00:00:00.000000','2019-03-12 00:00:00.000000','Progreso de Obregón','050',13),(504,'2019-03-11 00:00:00.000000','2019-03-12 00:00:00.000000','Mineral de la Reforma','051',13),(505,'2019-03-11 00:00:00.000000','2019-03-12 00:00:00.000000','San Agustín Tlaxiaca','052',13),(506,'2019-03-11 00:00:00.000000','2019-03-12 00:00:00.000000','San Bartolo Tutotepec','053',13),(507,'2019-03-11 00:00:00.000000','2019-03-12 00:00:00.000000','San Salvador','054',13),(508,'2019-03-11 00:00:00.000000','2019-03-12 00:00:00.000000','Santiago de Anaya','055',13),(509,'2019-03-11 00:00:00.000000','2019-03-12 00:00:00.000000','Santiago Tulantepec de Lugo Guerrero','056',13),(510,'2019-03-11 00:00:00.000000','2019-03-12 00:00:00.000000','Singuilucan','057',13),(511,'2019-03-11 00:00:00.000000','2019-03-12 00:00:00.000000','Tasquillo','058',13),(512,'2019-03-11 00:00:00.000000','2019-03-12 00:00:00.000000','Tecozautla','059',13),(513,'2019-03-11 00:00:00.000000','2019-03-12 00:00:00.000000','Tenango de Doria','060',13),(514,'2019-03-11 00:00:00.000000','2019-03-12 00:00:00.000000','Tepeapulco','061',13),(515,'2019-03-11 00:00:00.000000','2019-03-12 00:00:00.000000','Tepehuacán de Guerrero','062',13),(516,'2019-03-11 00:00:00.000000','2019-03-12 00:00:00.000000','Tepeji del Río de Ocampo','063',13),(517,'2019-03-11 00:00:00.000000','2019-03-12 00:00:00.000000','Tepetitlán','064',13),(518,'2019-03-11 00:00:00.000000','2019-03-12 00:00:00.000000','Tetepango','065',13),(519,'2019-03-11 00:00:00.000000','2019-03-12 00:00:00.000000','Villa de Tezontepec','066',13),(520,'2019-03-11 00:00:00.000000','2019-03-12 00:00:00.000000','Tezontepec de Aldama','067',13),(521,'2019-03-11 00:00:00.000000','2019-03-12 00:00:00.000000','Tianguistengo','068',13),(522,'2019-03-11 00:00:00.000000','2019-03-12 00:00:00.000000','Tizayuca','069',13),(523,'2019-03-11 00:00:00.000000','2019-03-12 00:00:00.000000','Tlahuelilpan','070',13),(524,'2019-03-11 00:00:00.000000','2019-03-12 00:00:00.000000','Tlahuiltepa','071',13),(525,'2019-03-11 00:00:00.000000','2019-03-12 00:00:00.000000','Tlanalapa','072',13),(526,'2019-03-11 00:00:00.000000','2019-03-12 00:00:00.000000','Tlanchinol','073',13),(527,'2019-03-11 00:00:00.000000','2019-03-12 00:00:00.000000','Tlaxcoapan','074',13),(528,'2019-03-11 00:00:00.000000','2019-03-12 00:00:00.000000','Tolcayuca','075',13),(529,'2019-03-11 00:00:00.000000','2019-03-12 00:00:00.000000','Tula de Allende','076',13),(530,'2019-03-11 00:00:00.000000','2019-03-12 00:00:00.000000','Tulancingo de Bravo','077',13),(531,'2019-03-11 00:00:00.000000','2019-03-12 00:00:00.000000','Xochiatipan','078',13),(532,'2019-03-11 00:00:00.000000','2019-03-12 00:00:00.000000','Xochicoatlán','079',13),(533,'2019-03-11 00:00:00.000000','2019-03-12 00:00:00.000000','Yahualica','080',13),(534,'2019-03-11 00:00:00.000000','2019-03-12 00:00:00.000000','Zacualtipán de Ángeles','081',13),(535,'2019-03-11 00:00:00.000000','2019-03-12 00:00:00.000000','Zapotlán de Juárez','082',13),(536,'2019-03-11 00:00:00.000000','2019-03-12 00:00:00.000000','Zempoala','083',13),(537,'2019-03-11 00:00:00.000000','2019-03-12 00:00:00.000000','Zimapán','084',13),(538,'2019-03-11 00:00:00.000000','2019-03-12 00:00:00.000000','Acatic','001',14),(539,'2019-03-11 00:00:00.000000','2019-03-12 00:00:00.000000','Acatlán de Juárez','002',14),(540,'2019-03-11 00:00:00.000000','2019-03-12 00:00:00.000000','Ahualulco de Mercado','003',14),(541,'2019-03-11 00:00:00.000000','2019-03-12 00:00:00.000000','Amacueca','004',14),(542,'2019-03-11 00:00:00.000000','2019-03-12 00:00:00.000000','Amatitán','005',14),(543,'2019-03-11 00:00:00.000000','2019-03-12 00:00:00.000000','Ameca','006',14),(544,'2019-03-11 00:00:00.000000','2019-03-12 00:00:00.000000','San Juanito de Escobedo','007',14),(545,'2019-03-11 00:00:00.000000','2019-03-12 00:00:00.000000','Arandas','008',14),(546,'2019-03-11 00:00:00.000000','2019-03-12 00:00:00.000000','El Arenal','009',14),(547,'2019-03-11 00:00:00.000000','2019-03-12 00:00:00.000000','Atemajac de Brizuela','010',14),(548,'2019-03-11 00:00:00.000000','2019-03-12 00:00:00.000000','Atengo','011',14),(549,'2019-03-11 00:00:00.000000','2019-03-12 00:00:00.000000','Atenguillo','012',14),(550,'2019-03-11 00:00:00.000000','2019-03-12 00:00:00.000000','Atotonilco el Alto','013',14),(551,'2019-03-11 00:00:00.000000','2019-03-12 00:00:00.000000','Atoyac','014',14),(552,'2019-03-11 00:00:00.000000','2019-03-12 00:00:00.000000','Autlán de Navarro','015',14),(553,'2019-03-11 00:00:00.000000','2019-03-12 00:00:00.000000','Ayotlán','016',14),(554,'2019-03-11 00:00:00.000000','2019-03-12 00:00:00.000000','Ayutla','017',14),(555,'2019-03-11 00:00:00.000000','2019-03-12 00:00:00.000000','La Barca','018',14),(556,'2019-03-11 00:00:00.000000','2019-03-12 00:00:00.000000','Bolaños','019',14),(557,'2019-03-11 00:00:00.000000','2019-03-12 00:00:00.000000','Cabo Corrientes','020',14),(558,'2019-03-11 00:00:00.000000','2019-03-12 00:00:00.000000','Casimiro Castillo','021',14),(559,'2019-03-11 00:00:00.000000','2019-03-12 00:00:00.000000','Cihuatlán','022',14),(560,'2019-03-11 00:00:00.000000','2019-03-12 00:00:00.000000','Zapotlán el Grande','023',14),(561,'2019-03-11 00:00:00.000000','2019-03-12 00:00:00.000000','Cocula','024',14),(562,'2019-03-11 00:00:00.000000','2019-03-12 00:00:00.000000','Colotlán','025',14),(563,'2019-03-11 00:00:00.000000','2019-03-12 00:00:00.000000','Concepción de Buenos Aires','026',14),(564,'2019-03-11 00:00:00.000000','2019-03-12 00:00:00.000000','Cuautitlán de García Barragán','027',14),(565,'2019-03-11 00:00:00.000000','2019-03-12 00:00:00.000000','Cuautla','028',14),(566,'2019-03-11 00:00:00.000000','2019-03-12 00:00:00.000000','Cuquío','029',14),(567,'2019-03-11 00:00:00.000000','2019-03-12 00:00:00.000000','Chapala','030',14),(568,'2019-03-11 00:00:00.000000','2019-03-12 00:00:00.000000','Chimaltitán','031',14),(569,'2019-03-11 00:00:00.000000','2019-03-12 00:00:00.000000','Chiquilistlán','032',14),(570,'2019-03-11 00:00:00.000000','2019-03-12 00:00:00.000000','Degollado','033',14),(571,'2019-03-11 00:00:00.000000','2019-03-12 00:00:00.000000','Ejutla','034',14),(572,'2019-03-11 00:00:00.000000','2019-03-12 00:00:00.000000','Encarnación de Díaz','035',14),(573,'2019-03-11 00:00:00.000000','2019-03-12 00:00:00.000000','Etzatlán','036',14),(574,'2019-03-11 00:00:00.000000','2019-03-12 00:00:00.000000','El Grullo','037',14),(575,'2019-03-11 00:00:00.000000','2019-03-12 00:00:00.000000','Guachinango','038',14),(576,'2019-03-11 00:00:00.000000','2019-03-12 00:00:00.000000','Guadalajara','039',14),(577,'2019-03-11 00:00:00.000000','2019-03-12 00:00:00.000000','Hostotipaquillo','040',14),(578,'2019-03-11 00:00:00.000000','2019-03-12 00:00:00.000000','Huejúcar','041',14),(579,'2019-03-11 00:00:00.000000','2019-03-12 00:00:00.000000','Huejuquilla el Alto','042',14),(580,'2019-03-11 00:00:00.000000','2019-03-12 00:00:00.000000','La Huerta','043',14),(581,'2019-03-11 00:00:00.000000','2019-03-12 00:00:00.000000','Ixtlahuacán de los Membrillos','044',14),(582,'2019-03-11 00:00:00.000000','2019-03-12 00:00:00.000000','Ixtlahuacán del Río','045',14),(583,'2019-03-11 00:00:00.000000','2019-03-12 00:00:00.000000','Jalostotitlán','046',14),(584,'2019-03-11 00:00:00.000000','2019-03-12 00:00:00.000000','Jamay','047',14),(585,'2019-03-11 00:00:00.000000','2019-03-12 00:00:00.000000','Jesús María','048',14),(586,'2019-03-11 00:00:00.000000','2019-03-12 00:00:00.000000','Jilotlán de los Dolores','049',14),(587,'2019-03-11 00:00:00.000000','2019-03-12 00:00:00.000000','Jocotepec','050',14),(588,'2019-03-11 00:00:00.000000','2019-03-12 00:00:00.000000','Juanacatlán','051',14),(589,'2019-03-11 00:00:00.000000','2019-03-12 00:00:00.000000','Juchitlán','052',14),(590,'2019-03-11 00:00:00.000000','2019-03-12 00:00:00.000000','Lagos de Moreno','053',14),(591,'2019-03-11 00:00:00.000000','2019-03-12 00:00:00.000000','El Limón','054',14),(592,'2019-03-11 00:00:00.000000','2019-03-12 00:00:00.000000','Magdalena','055',14),(593,'2019-03-11 00:00:00.000000','2019-03-12 00:00:00.000000','Santa María del Oro','056',14),(594,'2019-03-11 00:00:00.000000','2019-03-12 00:00:00.000000','La Manzanilla de la Paz','057',14),(595,'2019-03-11 00:00:00.000000','2019-03-12 00:00:00.000000','Mascota','058',14),(596,'2019-03-11 00:00:00.000000','2019-03-12 00:00:00.000000','Mazamitla','059',14),(597,'2019-03-11 00:00:00.000000','2019-03-12 00:00:00.000000','Mexticacán','060',14),(598,'2019-03-11 00:00:00.000000','2019-03-12 00:00:00.000000','Mezquitic','061',14),(599,'2019-03-11 00:00:00.000000','2019-03-12 00:00:00.000000','Mixtlán','062',14),(600,'2019-03-11 00:00:00.000000','2019-03-12 00:00:00.000000','Ocotlán','063',14),(601,'2019-03-11 00:00:00.000000','2019-03-12 00:00:00.000000','Ojuelos de Jalisco','064',14),(602,'2019-03-11 00:00:00.000000','2019-03-12 00:00:00.000000','Pihuamo','065',14),(603,'2019-03-11 00:00:00.000000','2019-03-12 00:00:00.000000','Poncitlán','066',14),(604,'2019-03-11 00:00:00.000000','2019-03-12 00:00:00.000000','Puerto Vallarta','067',14),(605,'2019-03-11 00:00:00.000000','2019-03-12 00:00:00.000000','Villa Purificación','068',14),(606,'2019-03-11 00:00:00.000000','2019-03-12 00:00:00.000000','Quitupan','069',14),(607,'2019-03-11 00:00:00.000000','2019-03-12 00:00:00.000000','El Salto','070',14),(608,'2019-03-11 00:00:00.000000','2019-03-12 00:00:00.000000','San Cristóbal de la Barranca','071',14),(609,'2019-03-11 00:00:00.000000','2019-03-12 00:00:00.000000','San Diego de Alejandría','072',14),(610,'2019-03-11 00:00:00.000000','2019-03-12 00:00:00.000000','San Juan de los Lagos','073',14),(611,'2019-03-11 00:00:00.000000','2019-03-12 00:00:00.000000','San Julián','074',14),(612,'2019-03-11 00:00:00.000000','2019-03-12 00:00:00.000000','San Marcos','075',14),(613,'2019-03-11 00:00:00.000000','2019-03-12 00:00:00.000000','San Martín de Bolaños','076',14),(614,'2019-03-11 00:00:00.000000','2019-03-12 00:00:00.000000','San Martín Hidalgo','077',14),(615,'2019-03-11 00:00:00.000000','2019-03-12 00:00:00.000000','San Miguel el Alto','078',14),(616,'2019-03-11 00:00:00.000000','2019-03-12 00:00:00.000000','Gómez Farías','079',14),(617,'2019-03-11 00:00:00.000000','2019-03-12 00:00:00.000000','San Sebastián del Oeste','080',14),(618,'2019-03-11 00:00:00.000000','2019-03-12 00:00:00.000000','Santa María de los Ángeles','081',14),(619,'2019-03-11 00:00:00.000000','2019-03-12 00:00:00.000000','Sayula','082',14),(620,'2019-03-11 00:00:00.000000','2019-03-12 00:00:00.000000','Tala','083',14),(621,'2019-03-11 00:00:00.000000','2019-03-12 00:00:00.000000','Talpa de Allende','084',14),(622,'2019-03-11 00:00:00.000000','2019-03-12 00:00:00.000000','Tamazula de Gordiano','085',14),(623,'2019-03-11 00:00:00.000000','2019-03-12 00:00:00.000000','Tapalpa','086',14),(624,'2019-03-11 00:00:00.000000','2019-03-12 00:00:00.000000','Tecalitlán','087',14),(625,'2019-03-11 00:00:00.000000','2019-03-12 00:00:00.000000','Tecolotlán','088',14),(626,'2019-03-11 00:00:00.000000','2019-03-12 00:00:00.000000','Techaluta de Montenegro','089',14),(627,'2019-03-11 00:00:00.000000','2019-03-12 00:00:00.000000','Tenamaxtlán','090',14),(628,'2019-03-11 00:00:00.000000','2019-03-12 00:00:00.000000','Teocaltiche','091',14),(629,'2019-03-11 00:00:00.000000','2019-03-12 00:00:00.000000','Teocuitatlán de Corona','092',14),(630,'2019-03-11 00:00:00.000000','2019-03-12 00:00:00.000000','Tepatitlán de Morelos','093',14),(631,'2019-03-11 00:00:00.000000','2019-03-12 00:00:00.000000','Tequila','094',14),(632,'2019-03-11 00:00:00.000000','2019-03-12 00:00:00.000000','Teuchitlán','095',14),(633,'2019-03-11 00:00:00.000000','2019-03-12 00:00:00.000000','Tizapán el Alto','096',14),(634,'2019-03-11 00:00:00.000000','2019-03-12 00:00:00.000000','Tlajomulco de Zúñiga','097',14),(635,'2019-03-11 00:00:00.000000','2019-03-12 00:00:00.000000','San Pedro Tlaquepaque','098',14),(636,'2019-03-11 00:00:00.000000','2019-03-12 00:00:00.000000','Tolimán','099',14),(637,'2019-03-11 00:00:00.000000','2019-03-12 00:00:00.000000','Tomatlán','100',14),(638,'2019-03-11 00:00:00.000000','2019-03-12 00:00:00.000000','Tonalá','101',14),(639,'2019-03-11 00:00:00.000000','2019-03-12 00:00:00.000000','Tonaya','102',14),(640,'2019-03-11 00:00:00.000000','2019-03-12 00:00:00.000000','Tonila','103',14),(641,'2019-03-11 00:00:00.000000','2019-03-12 00:00:00.000000','Totatiche','104',14),(642,'2019-03-11 00:00:00.000000','2019-03-12 00:00:00.000000','Tototlán','105',14),(643,'2019-03-11 00:00:00.000000','2019-03-12 00:00:00.000000','Tuxcacuesco','106',14),(644,'2019-03-11 00:00:00.000000','2019-03-12 00:00:00.000000','Tuxcueca','107',14),(645,'2019-03-11 00:00:00.000000','2019-03-12 00:00:00.000000','Tuxpan','108',14),(646,'2019-03-11 00:00:00.000000','2019-03-12 00:00:00.000000','Unión de San Antonio','109',14),(647,'2019-03-11 00:00:00.000000','2019-03-12 00:00:00.000000','Unión de Tula','110',14),(648,'2019-03-11 00:00:00.000000','2019-03-12 00:00:00.000000','Valle de Guadalupe','111',14),(649,'2019-03-11 00:00:00.000000','2019-03-12 00:00:00.000000','Valle de Juárez','112',14),(650,'2019-03-11 00:00:00.000000','2019-03-12 00:00:00.000000','San Gabriel','113',14),(651,'2019-03-11 00:00:00.000000','2019-03-12 00:00:00.000000','Villa Corona','114',14),(652,'2019-03-11 00:00:00.000000','2019-03-12 00:00:00.000000','Villa Guerrero','115',14),(653,'2019-03-11 00:00:00.000000','2019-03-12 00:00:00.000000','Villa Hidalgo','116',14),(654,'2019-03-11 00:00:00.000000','2019-03-12 00:00:00.000000','Cañadas de Obregón','117',14),(655,'2019-03-11 00:00:00.000000','2019-03-12 00:00:00.000000','Yahualica de González Gallo','118',14),(656,'2019-03-11 00:00:00.000000','2019-03-12 00:00:00.000000','Zacoalco de Torres','119',14),(657,'2019-03-11 00:00:00.000000','2019-03-12 00:00:00.000000','Zapopan','120',14),(658,'2019-03-11 00:00:00.000000','2019-03-12 00:00:00.000000','Zapotiltic','121',14),(659,'2019-03-11 00:00:00.000000','2019-03-12 00:00:00.000000','Zapotitlán de Vadillo','122',14),(660,'2019-03-11 00:00:00.000000','2019-03-12 00:00:00.000000','Zapotlán del Rey','123',14),(661,'2019-03-11 00:00:00.000000','2019-03-12 00:00:00.000000','Zapotlanejo','124',14),(662,'2019-03-11 00:00:00.000000','2019-03-12 00:00:00.000000','San Ignacio Cerro Gordo','125',14),(663,'2019-03-11 00:00:00.000000','2019-03-12 00:00:00.000000','Acambay de Ruíz Castañeda','001',15),(664,'2019-03-11 00:00:00.000000','2019-03-12 00:00:00.000000','Acolman','002',15),(665,'2019-03-11 00:00:00.000000','2019-03-12 00:00:00.000000','Aculco','003',15),(666,'2019-03-11 00:00:00.000000','2019-03-12 00:00:00.000000','Almoloya de Alquisiras','004',15),(667,'2019-03-11 00:00:00.000000','2019-03-12 00:00:00.000000','Almoloya de Juárez','005',15),(668,'2019-03-11 00:00:00.000000','2019-03-12 00:00:00.000000','Almoloya del Río','006',15),(669,'2019-03-11 00:00:00.000000','2019-03-12 00:00:00.000000','Amanalco','007',15),(670,'2019-03-11 00:00:00.000000','2019-03-12 00:00:00.000000','Amatepec','008',15),(671,'2019-03-11 00:00:00.000000','2019-03-12 00:00:00.000000','Amecameca','009',15),(672,'2019-03-11 00:00:00.000000','2019-03-12 00:00:00.000000','Apaxco','010',15),(673,'2019-03-11 00:00:00.000000','2019-03-12 00:00:00.000000','Atenco','011',15),(674,'2019-03-11 00:00:00.000000','2019-03-12 00:00:00.000000','Atizapán','012',15),(675,'2019-03-11 00:00:00.000000','2019-03-12 00:00:00.000000','Atizapán de Zaragoza','013',15),(676,'2019-03-11 00:00:00.000000','2019-03-12 00:00:00.000000','Atlacomulco','014',15),(677,'2019-03-11 00:00:00.000000','2019-03-12 00:00:00.000000','Atlautla','015',15),(678,'2019-03-11 00:00:00.000000','2019-03-12 00:00:00.000000','Axapusco','016',15),(679,'2019-03-11 00:00:00.000000','2019-03-12 00:00:00.000000','Ayapango','017',15),(680,'2019-03-11 00:00:00.000000','2019-03-12 00:00:00.000000','Calimaya','018',15),(681,'2019-03-11 00:00:00.000000','2019-03-12 00:00:00.000000','Capulhuac','019',15),(682,'2019-03-11 00:00:00.000000','2019-03-12 00:00:00.000000','Coacalco de Berriozábal','020',15),(683,'2019-03-11 00:00:00.000000','2019-03-12 00:00:00.000000','Coatepec Harinas','021',15),(684,'2019-03-11 00:00:00.000000','2019-03-12 00:00:00.000000','Cocotitlán','022',15),(685,'2019-03-11 00:00:00.000000','2019-03-12 00:00:00.000000','Coyotepec','023',15),(686,'2019-03-11 00:00:00.000000','2019-03-12 00:00:00.000000','Cuautitlán','024',15),(687,'2019-03-11 00:00:00.000000','2019-03-12 00:00:00.000000','Chalco','025',15),(688,'2019-03-11 00:00:00.000000','2019-03-12 00:00:00.000000','Chapa de Mota','026',15),(689,'2019-03-11 00:00:00.000000','2019-03-12 00:00:00.000000','Chapultepec','027',15),(690,'2019-03-11 00:00:00.000000','2019-03-12 00:00:00.000000','Chiautla','028',15),(691,'2019-03-11 00:00:00.000000','2019-03-12 00:00:00.000000','Chicoloapan','029',15),(692,'2019-03-11 00:00:00.000000','2019-03-12 00:00:00.000000','Chiconcuac','030',15),(693,'2019-03-11 00:00:00.000000','2019-03-12 00:00:00.000000','Chimalhuacán','031',15),(694,'2019-03-11 00:00:00.000000','2019-03-12 00:00:00.000000','Donato Guerra','032',15),(695,'2019-03-11 00:00:00.000000','2019-03-12 00:00:00.000000','Ecatepec de Morelos','033',15),(696,'2019-03-11 00:00:00.000000','2019-03-12 00:00:00.000000','Ecatzingo','034',15),(697,'2019-03-11 00:00:00.000000','2019-03-12 00:00:00.000000','Huehuetoca','035',15),(698,'2019-03-11 00:00:00.000000','2019-03-12 00:00:00.000000','Hueypoxtla','036',15),(699,'2019-03-11 00:00:00.000000','2019-03-12 00:00:00.000000','Huixquilucan','037',15),(700,'2019-03-11 00:00:00.000000','2019-03-12 00:00:00.000000','Isidro Fabela','038',15),(701,'2019-03-11 00:00:00.000000','2019-03-12 00:00:00.000000','Ixtapaluca','039',15),(702,'2019-03-11 00:00:00.000000','2019-03-12 00:00:00.000000','Ixtapan de la Sal','040',15),(703,'2019-03-11 00:00:00.000000','2019-03-12 00:00:00.000000','Ixtapan del Oro','041',15),(704,'2019-03-11 00:00:00.000000','2019-03-12 00:00:00.000000','Ixtlahuaca','042',15),(705,'2019-03-11 00:00:00.000000','2019-03-12 00:00:00.000000','Xalatlaco','043',15),(706,'2019-03-11 00:00:00.000000','2019-03-12 00:00:00.000000','Jaltenco','044',15),(707,'2019-03-11 00:00:00.000000','2019-03-12 00:00:00.000000','Jilotepec','045',15),(708,'2019-03-11 00:00:00.000000','2019-03-12 00:00:00.000000','Jilotzingo','046',15),(709,'2019-03-11 00:00:00.000000','2019-03-12 00:00:00.000000','Jiquipilco','047',15),(710,'2019-03-11 00:00:00.000000','2019-03-12 00:00:00.000000','Jocotitlán','048',15),(711,'2019-03-11 00:00:00.000000','2019-03-12 00:00:00.000000','Joquicingo','049',15),(712,'2019-03-11 00:00:00.000000','2019-03-12 00:00:00.000000','Juchitepec','050',15),(713,'2019-03-11 00:00:00.000000','2019-03-12 00:00:00.000000','Lerma','051',15),(714,'2019-03-11 00:00:00.000000','2019-03-12 00:00:00.000000','Malinalco','052',15),(715,'2019-03-11 00:00:00.000000','2019-03-12 00:00:00.000000','Melchor Ocampo','053',15),(716,'2019-03-11 00:00:00.000000','2019-03-12 00:00:00.000000','Metepec','054',15),(717,'2019-03-11 00:00:00.000000','2019-03-12 00:00:00.000000','Mexicaltzingo','055',15),(718,'2019-03-11 00:00:00.000000','2019-03-12 00:00:00.000000','Morelos','056',15),(719,'2019-03-11 00:00:00.000000','2019-03-12 00:00:00.000000','Naucalpan de Juárez','057',15),(720,'2019-03-11 00:00:00.000000','2019-03-12 00:00:00.000000','Nezahualcóyotl','058',15),(721,'2019-03-11 00:00:00.000000','2019-03-12 00:00:00.000000','Nextlalpan','059',15),(722,'2019-03-11 00:00:00.000000','2019-03-12 00:00:00.000000','Nicolás Romero','060',15),(723,'2019-03-11 00:00:00.000000','2019-03-12 00:00:00.000000','Nopaltepec','061',15),(724,'2019-03-11 00:00:00.000000','2019-03-12 00:00:00.000000','Ocoyoacac','062',15),(725,'2019-03-11 00:00:00.000000','2019-03-12 00:00:00.000000','Ocuilan','063',15),(726,'2019-03-11 00:00:00.000000','2019-03-12 00:00:00.000000','El Oro','064',15),(727,'2019-03-11 00:00:00.000000','2019-03-12 00:00:00.000000','Otumba','065',15),(728,'2019-03-11 00:00:00.000000','2019-03-12 00:00:00.000000','Otzoloapan','066',15),(729,'2019-03-11 00:00:00.000000','2019-03-12 00:00:00.000000','Otzolotepec','067',15),(730,'2019-03-11 00:00:00.000000','2019-03-12 00:00:00.000000','Ozumba','068',15),(731,'2019-03-11 00:00:00.000000','2019-03-12 00:00:00.000000','Papalotla','069',15),(732,'2019-03-11 00:00:00.000000','2019-03-12 00:00:00.000000','La Paz','070',15),(733,'2019-03-11 00:00:00.000000','2019-03-12 00:00:00.000000','Polotitlán','071',15),(734,'2019-03-11 00:00:00.000000','2019-03-12 00:00:00.000000','Rayón','072',15),(735,'2019-03-11 00:00:00.000000','2019-03-12 00:00:00.000000','San Antonio la Isla','073',15),(736,'2019-03-11 00:00:00.000000','2019-03-12 00:00:00.000000','San Felipe del Progreso','074',15),(737,'2019-03-11 00:00:00.000000','2019-03-12 00:00:00.000000','San Martín de las Pirámides','075',15),(738,'2019-03-11 00:00:00.000000','2019-03-12 00:00:00.000000','San Mateo Atenco','076',15),(739,'2019-03-11 00:00:00.000000','2019-03-12 00:00:00.000000','San Simón de Guerrero','077',15),(740,'2019-03-11 00:00:00.000000','2019-03-12 00:00:00.000000','Santo Tomás','078',15),(741,'2019-03-11 00:00:00.000000','2019-03-12 00:00:00.000000','Soyaniquilpan de Juárez','079',15),(742,'2019-03-11 00:00:00.000000','2019-03-12 00:00:00.000000','Sultepec','080',15),(743,'2019-03-11 00:00:00.000000','2019-03-12 00:00:00.000000','Tecámac','081',15),(744,'2019-03-11 00:00:00.000000','2019-03-12 00:00:00.000000','Tejupilco','082',15),(745,'2019-03-11 00:00:00.000000','2019-03-12 00:00:00.000000','Temamatla','083',15),(746,'2019-03-11 00:00:00.000000','2019-03-12 00:00:00.000000','Temascalapa','084',15),(747,'2019-03-11 00:00:00.000000','2019-03-12 00:00:00.000000','Temascalcingo','085',15),(748,'2019-03-11 00:00:00.000000','2019-03-12 00:00:00.000000','Temascaltepec','086',15),(749,'2019-03-11 00:00:00.000000','2019-03-12 00:00:00.000000','Temoaya','087',15),(750,'2019-03-11 00:00:00.000000','2019-03-12 00:00:00.000000','Tenancingo','088',15),(751,'2019-03-11 00:00:00.000000','2019-03-12 00:00:00.000000','Tenango del Aire','089',15),(752,'2019-03-11 00:00:00.000000','2019-03-12 00:00:00.000000','Tenango del Valle','090',15),(753,'2019-03-11 00:00:00.000000','2019-03-12 00:00:00.000000','Teoloyucan','091',15),(754,'2019-03-11 00:00:00.000000','2019-03-12 00:00:00.000000','Teotihuacán','092',15),(755,'2019-03-11 00:00:00.000000','2019-03-12 00:00:00.000000','Tepetlaoxtoc','093',15),(756,'2019-03-11 00:00:00.000000','2019-03-12 00:00:00.000000','Tepetlixpa','094',15),(757,'2019-03-11 00:00:00.000000','2019-03-12 00:00:00.000000','Tepotzotlán','095',15),(758,'2019-03-11 00:00:00.000000','2019-03-12 00:00:00.000000','Tequixquiac','096',15),(759,'2019-03-11 00:00:00.000000','2019-03-12 00:00:00.000000','Texcaltitlán','097',15),(760,'2019-03-11 00:00:00.000000','2019-03-12 00:00:00.000000','Texcalyacac','098',15),(761,'2019-03-11 00:00:00.000000','2019-03-12 00:00:00.000000','Texcoco','099',15),(762,'2019-03-11 00:00:00.000000','2019-03-12 00:00:00.000000','Tezoyuca','100',15),(763,'2019-03-11 00:00:00.000000','2019-03-12 00:00:00.000000','Tianguistenco','101',15),(764,'2019-03-11 00:00:00.000000','2019-03-12 00:00:00.000000','Timilpan','102',15),(765,'2019-03-11 00:00:00.000000','2019-03-12 00:00:00.000000','Tlalmanalco','103',15),(766,'2019-03-11 00:00:00.000000','2019-03-12 00:00:00.000000','Tlalnepantla de Baz','104',15),(767,'2019-03-11 00:00:00.000000','2019-03-12 00:00:00.000000','Tlatlaya','105',15),(768,'2019-03-11 00:00:00.000000','2019-03-12 00:00:00.000000','Toluca','106',15),(769,'2019-03-11 00:00:00.000000','2019-03-12 00:00:00.000000','Tonatico','107',15),(770,'2019-03-11 00:00:00.000000','2019-03-12 00:00:00.000000','Tultepec','108',15),(771,'2019-03-11 00:00:00.000000','2019-03-12 00:00:00.000000','Tultitlán','109',15),(772,'2019-03-11 00:00:00.000000','2019-03-12 00:00:00.000000','Valle de Bravo','110',15),(773,'2019-03-11 00:00:00.000000','2019-03-12 00:00:00.000000','Villa de Allende','111',15),(774,'2019-03-11 00:00:00.000000','2019-03-12 00:00:00.000000','Villa del Carbón','112',15),(775,'2019-03-11 00:00:00.000000','2019-03-12 00:00:00.000000','Villa Guerrero','113',15),(776,'2019-03-11 00:00:00.000000','2019-03-12 00:00:00.000000','Villa Victoria','114',15),(777,'2019-03-11 00:00:00.000000','2019-03-12 00:00:00.000000','Xonacatlán','115',15),(778,'2019-03-11 00:00:00.000000','2019-03-12 00:00:00.000000','Zacazonapan','116',15),(779,'2019-03-11 00:00:00.000000','2019-03-12 00:00:00.000000','Zacualpan','117',15),(780,'2019-03-11 00:00:00.000000','2019-03-12 00:00:00.000000','Zinacantepec','118',15),(781,'2019-03-11 00:00:00.000000','2019-03-12 00:00:00.000000','Zumpahuacán','119',15),(782,'2019-03-11 00:00:00.000000','2019-03-12 00:00:00.000000','Zumpango','120',15),(783,'2019-03-11 00:00:00.000000','2019-03-12 00:00:00.000000','Cuautitlán Izcalli','121',15),(784,'2019-03-11 00:00:00.000000','2019-03-12 00:00:00.000000','Valle de Chalco Solidaridad','122',15),(785,'2019-03-11 00:00:00.000000','2019-03-12 00:00:00.000000','Luvianos','123',15),(786,'2019-03-11 00:00:00.000000','2019-03-12 00:00:00.000000','San José del Rincón','124',15),(787,'2019-03-11 00:00:00.000000','2019-03-12 00:00:00.000000','Tonanitla','125',15),(788,'2019-03-11 00:00:00.000000','2019-03-12 00:00:00.000000','Acuitzio','001',16),(789,'2019-03-11 00:00:00.000000','2019-03-12 00:00:00.000000','Aguililla','002',16),(790,'2019-03-11 00:00:00.000000','2019-03-12 00:00:00.000000','Álvaro Obregón','003',16),(791,'2019-03-11 00:00:00.000000','2019-03-12 00:00:00.000000','Angamacutiro','004',16),(792,'2019-03-11 00:00:00.000000','2019-03-12 00:00:00.000000','Angangueo','005',16),(793,'2019-03-11 00:00:00.000000','2019-03-12 00:00:00.000000','Apatzingán','006',16),(794,'2019-03-11 00:00:00.000000','2019-03-12 00:00:00.000000','Aporo','007',16),(795,'2019-03-11 00:00:00.000000','2019-03-12 00:00:00.000000','Aquila','008',16),(796,'2019-03-11 00:00:00.000000','2019-03-12 00:00:00.000000','Ario','009',16),(797,'2019-03-11 00:00:00.000000','2019-03-12 00:00:00.000000','Arteaga','010',16),(798,'2019-03-11 00:00:00.000000','2019-03-12 00:00:00.000000','Briseñas','011',16),(799,'2019-03-11 00:00:00.000000','2019-03-12 00:00:00.000000','Buenavista','012',16),(800,'2019-03-11 00:00:00.000000','2019-03-12 00:00:00.000000','Carácuaro','013',16),(801,'2019-03-11 00:00:00.000000','2019-03-12 00:00:00.000000','Coahuayana','014',16),(802,'2019-03-11 00:00:00.000000','2019-03-12 00:00:00.000000','Coalcomán de Vázquez Pallares','015',16),(803,'2019-03-11 00:00:00.000000','2019-03-12 00:00:00.000000','Coeneo','016',16),(804,'2019-03-11 00:00:00.000000','2019-03-12 00:00:00.000000','Contepec','017',16),(805,'2019-03-11 00:00:00.000000','2019-03-12 00:00:00.000000','Copándaro','018',16),(806,'2019-03-11 00:00:00.000000','2019-03-12 00:00:00.000000','Cotija','019',16),(807,'2019-03-11 00:00:00.000000','2019-03-12 00:00:00.000000','Cuitzeo','020',16),(808,'2019-03-11 00:00:00.000000','2019-03-12 00:00:00.000000','Charapan','021',16),(809,'2019-03-11 00:00:00.000000','2019-03-12 00:00:00.000000','Charo','022',16),(810,'2019-03-11 00:00:00.000000','2019-03-12 00:00:00.000000','Chavinda','023',16),(811,'2019-03-11 00:00:00.000000','2019-03-12 00:00:00.000000','Cherán','024',16),(812,'2019-03-11 00:00:00.000000','2019-03-12 00:00:00.000000','Chilchota','025',16),(813,'2019-03-11 00:00:00.000000','2019-03-12 00:00:00.000000','Chinicuila','026',16),(814,'2019-03-11 00:00:00.000000','2019-03-12 00:00:00.000000','Chucándiro','027',16),(815,'2019-03-11 00:00:00.000000','2019-03-12 00:00:00.000000','Churintzio','028',16),(816,'2019-03-11 00:00:00.000000','2019-03-12 00:00:00.000000','Churumuco','029',16),(817,'2019-03-11 00:00:00.000000','2019-03-12 00:00:00.000000','Ecuandureo','030',16),(818,'2019-03-11 00:00:00.000000','2019-03-12 00:00:00.000000','Epitacio Huerta','031',16),(819,'2019-03-11 00:00:00.000000','2019-03-12 00:00:00.000000','Erongarícuaro','032',16),(820,'2019-03-11 00:00:00.000000','2019-03-12 00:00:00.000000','Gabriel Zamora','033',16),(821,'2019-03-11 00:00:00.000000','2019-03-12 00:00:00.000000','Hidalgo','034',16),(822,'2019-03-11 00:00:00.000000','2019-03-12 00:00:00.000000','La Huacana','035',16),(823,'2019-03-11 00:00:00.000000','2019-03-12 00:00:00.000000','Huandacareo','036',16),(824,'2019-03-11 00:00:00.000000','2019-03-12 00:00:00.000000','Huaniqueo','037',16),(825,'2019-03-11 00:00:00.000000','2019-03-12 00:00:00.000000','Huetamo','038',16),(826,'2019-03-11 00:00:00.000000','2019-03-12 00:00:00.000000','Huiramba','039',16),(827,'2019-03-11 00:00:00.000000','2019-03-12 00:00:00.000000','Indaparapeo','040',16),(828,'2019-03-11 00:00:00.000000','2019-03-12 00:00:00.000000','Irimbo','041',16),(829,'2019-03-11 00:00:00.000000','2019-03-12 00:00:00.000000','Ixtlán','042',16),(830,'2019-03-11 00:00:00.000000','2019-03-12 00:00:00.000000','Jacona','043',16),(831,'2019-03-11 00:00:00.000000','2019-03-12 00:00:00.000000','Jiménez','044',16),(832,'2019-03-11 00:00:00.000000','2019-03-12 00:00:00.000000','Jiquilpan','045',16),(833,'2019-03-11 00:00:00.000000','2019-03-12 00:00:00.000000','Juárez','046',16),(834,'2019-03-11 00:00:00.000000','2019-03-12 00:00:00.000000','Jungapeo','047',16),(835,'2019-03-11 00:00:00.000000','2019-03-12 00:00:00.000000','Lagunillas','048',16),(836,'2019-03-11 00:00:00.000000','2019-03-12 00:00:00.000000','Madero','049',16),(837,'2019-03-11 00:00:00.000000','2019-03-12 00:00:00.000000','Maravatío','050',16),(838,'2019-03-11 00:00:00.000000','2019-03-12 00:00:00.000000','Marcos Castellanos','051',16),(839,'2019-03-11 00:00:00.000000','2019-03-12 00:00:00.000000','Lázaro Cárdenas','052',16),(840,'2019-03-11 00:00:00.000000','2019-03-12 00:00:00.000000','Morelia','053',16),(841,'2019-03-11 00:00:00.000000','2019-03-12 00:00:00.000000','Morelos','054',16),(842,'2019-03-11 00:00:00.000000','2019-03-12 00:00:00.000000','Múgica','055',16),(843,'2019-03-11 00:00:00.000000','2019-03-12 00:00:00.000000','Nahuatzen','056',16),(844,'2019-03-11 00:00:00.000000','2019-03-12 00:00:00.000000','Nocupétaro','057',16),(845,'2019-03-11 00:00:00.000000','2019-03-12 00:00:00.000000','Nuevo Parangaricutiro','058',16),(846,'2019-03-11 00:00:00.000000','2019-03-12 00:00:00.000000','Nuevo Urecho','059',16),(847,'2019-03-11 00:00:00.000000','2019-03-12 00:00:00.000000','Numarán','060',16),(848,'2019-03-11 00:00:00.000000','2019-03-12 00:00:00.000000','Ocampo','061',16),(849,'2019-03-11 00:00:00.000000','2019-03-12 00:00:00.000000','Pajacuarán','062',16),(850,'2019-03-11 00:00:00.000000','2019-03-12 00:00:00.000000','Panindícuaro','063',16),(851,'2019-03-11 00:00:00.000000','2019-03-12 00:00:00.000000','Parácuaro','064',16),(852,'2019-03-11 00:00:00.000000','2019-03-12 00:00:00.000000','Paracho','065',16),(853,'2019-03-11 00:00:00.000000','2019-03-12 00:00:00.000000','Pátzcuaro','066',16),(854,'2019-03-11 00:00:00.000000','2019-03-12 00:00:00.000000','Penjamillo','067',16),(855,'2019-03-11 00:00:00.000000','2019-03-12 00:00:00.000000','Peribán','068',16),(856,'2019-03-11 00:00:00.000000','2019-03-12 00:00:00.000000','La Piedad','069',16),(857,'2019-03-11 00:00:00.000000','2019-03-12 00:00:00.000000','Purépero','070',16),(858,'2019-03-11 00:00:00.000000','2019-03-12 00:00:00.000000','Puruándiro','071',16),(859,'2019-03-11 00:00:00.000000','2019-03-12 00:00:00.000000','Queréndaro','072',16),(860,'2019-03-11 00:00:00.000000','2019-03-12 00:00:00.000000','Quiroga','073',16),(861,'2019-03-11 00:00:00.000000','2019-03-12 00:00:00.000000','Cojumatlán de Régules','074',16),(862,'2019-03-11 00:00:00.000000','2019-03-12 00:00:00.000000','Los Reyes','075',16),(863,'2019-03-11 00:00:00.000000','2019-03-12 00:00:00.000000','Sahuayo','076',16),(864,'2019-03-11 00:00:00.000000','2019-03-12 00:00:00.000000','San Lucas','077',16),(865,'2019-03-11 00:00:00.000000','2019-03-12 00:00:00.000000','Santa Ana Maya','078',16),(866,'2019-03-11 00:00:00.000000','2019-03-12 00:00:00.000000','Salvador Escalante','079',16),(867,'2019-03-11 00:00:00.000000','2019-03-12 00:00:00.000000','Senguio','080',16),(868,'2019-03-11 00:00:00.000000','2019-03-12 00:00:00.000000','Susupuato','081',16),(869,'2019-03-11 00:00:00.000000','2019-03-12 00:00:00.000000','Tacámbaro','082',16),(870,'2019-03-11 00:00:00.000000','2019-03-12 00:00:00.000000','Tancítaro','083',16),(871,'2019-03-11 00:00:00.000000','2019-03-12 00:00:00.000000','Tangamandapio','084',16),(872,'2019-03-11 00:00:00.000000','2019-03-12 00:00:00.000000','Tangancícuaro','085',16),(873,'2019-03-11 00:00:00.000000','2019-03-12 00:00:00.000000','Tanhuato','086',16),(874,'2019-03-11 00:00:00.000000','2019-03-12 00:00:00.000000','Taretan','087',16),(875,'2019-03-11 00:00:00.000000','2019-03-12 00:00:00.000000','Tarímbaro','088',16),(876,'2019-03-11 00:00:00.000000','2019-03-12 00:00:00.000000','Tepalcatepec','089',16),(877,'2019-03-11 00:00:00.000000','2019-03-12 00:00:00.000000','Tingambato','090',16),(878,'2019-03-11 00:00:00.000000','2019-03-12 00:00:00.000000','Tingüindín','091',16),(879,'2019-03-11 00:00:00.000000','2019-03-12 00:00:00.000000','Tiquicheo de Nicolás Romero','092',16),(880,'2019-03-11 00:00:00.000000','2019-03-12 00:00:00.000000','Tlalpujahua','093',16),(881,'2019-03-11 00:00:00.000000','2019-03-12 00:00:00.000000','Tlazazalca','094',16),(882,'2019-03-11 00:00:00.000000','2019-03-12 00:00:00.000000','Tocumbo','095',16),(883,'2019-03-11 00:00:00.000000','2019-03-12 00:00:00.000000','Tumbiscatío','096',16),(884,'2019-03-11 00:00:00.000000','2019-03-12 00:00:00.000000','Turicato','097',16),(885,'2019-03-11 00:00:00.000000','2019-03-12 00:00:00.000000','Tuxpan','098',16),(886,'2019-03-11 00:00:00.000000','2019-03-12 00:00:00.000000','Tuzantla','099',16),(887,'2019-03-11 00:00:00.000000','2019-03-12 00:00:00.000000','Tzintzuntzan','100',16),(888,'2019-03-11 00:00:00.000000','2019-03-12 00:00:00.000000','Tzitzio','101',16),(889,'2019-03-11 00:00:00.000000','2019-03-12 00:00:00.000000','Uruapan','102',16),(890,'2019-03-11 00:00:00.000000','2019-03-12 00:00:00.000000','Venustiano Carranza','103',16),(891,'2019-03-11 00:00:00.000000','2019-03-12 00:00:00.000000','Villamar','104',16),(892,'2019-03-11 00:00:00.000000','2019-03-12 00:00:00.000000','Vista Hermosa','105',16),(893,'2019-03-11 00:00:00.000000','2019-03-12 00:00:00.000000','Yurécuaro','106',16),(894,'2019-03-11 00:00:00.000000','2019-03-12 00:00:00.000000','Zacapu','107',16),(895,'2019-03-11 00:00:00.000000','2019-03-12 00:00:00.000000','Zamora','108',16),(896,'2019-03-11 00:00:00.000000','2019-03-12 00:00:00.000000','Zináparo','109',16),(897,'2019-03-11 00:00:00.000000','2019-03-12 00:00:00.000000','Zinapécuaro','110',16),(898,'2019-03-11 00:00:00.000000','2019-03-12 00:00:00.000000','Ziracuaretiro','111',16),(899,'2019-03-11 00:00:00.000000','2019-03-12 00:00:00.000000','Zitácuaro','112',16),(900,'2019-03-11 00:00:00.000000','2019-03-12 00:00:00.000000','José Sixto Verduzco','113',16),(901,'2019-03-11 00:00:00.000000','2019-03-12 00:00:00.000000','Amacuzac','001',17),(902,'2019-03-11 00:00:00.000000','2019-03-12 00:00:00.000000','Atlatlahucan','002',17),(903,'2019-03-11 00:00:00.000000','2019-03-12 00:00:00.000000','Axochiapan','003',17),(904,'2019-03-11 00:00:00.000000','2019-03-12 00:00:00.000000','Ayala','004',17),(905,'2019-03-11 00:00:00.000000','2019-03-12 00:00:00.000000','Coatlán del Río','005',17),(906,'2019-03-11 00:00:00.000000','2019-03-12 00:00:00.000000','Cuautla','006',17),(907,'2019-03-11 00:00:00.000000','2019-03-12 00:00:00.000000','Cuernavaca','007',17),(908,'2019-03-11 00:00:00.000000','2019-03-12 00:00:00.000000','Emiliano Zapata','008',17),(909,'2019-03-11 00:00:00.000000','2019-03-12 00:00:00.000000','Huitzilac','009',17),(910,'2019-03-11 00:00:00.000000','2019-03-12 00:00:00.000000','Jantetelco','010',17),(911,'2019-03-11 00:00:00.000000','2019-03-12 00:00:00.000000','Jiutepec','011',17),(912,'2019-03-11 00:00:00.000000','2019-03-12 00:00:00.000000','Jojutla','012',17),(913,'2019-03-11 00:00:00.000000','2019-03-12 00:00:00.000000','Jonacatepec de Leandro Valle','013',17),(914,'2019-03-11 00:00:00.000000','2019-03-12 00:00:00.000000','Mazatepec','014',17),(915,'2019-03-11 00:00:00.000000','2019-03-12 00:00:00.000000','Miacatlán','015',17),(916,'2019-03-11 00:00:00.000000','2019-03-12 00:00:00.000000','Ocuituco','016',17),(917,'2019-03-11 00:00:00.000000','2019-03-12 00:00:00.000000','Puente de Ixtla','017',17),(918,'2019-03-11 00:00:00.000000','2019-03-12 00:00:00.000000','Temixco','018',17),(919,'2019-03-11 00:00:00.000000','2019-03-12 00:00:00.000000','Tepalcingo','019',17),(920,'2019-03-11 00:00:00.000000','2019-03-12 00:00:00.000000','Tepoztlán','020',17),(921,'2019-03-11 00:00:00.000000','2019-03-12 00:00:00.000000','Tetecala','021',17),(922,'2019-03-11 00:00:00.000000','2019-03-12 00:00:00.000000','Tetela del Volcán','022',17),(923,'2019-03-11 00:00:00.000000','2019-03-12 00:00:00.000000','Tlalnepantla','023',17),(924,'2019-03-11 00:00:00.000000','2019-03-12 00:00:00.000000','Tlaltizapán de Zapata','024',17),(925,'2019-03-11 00:00:00.000000','2019-03-12 00:00:00.000000','Tlaquiltenango','025',17),(926,'2019-03-11 00:00:00.000000','2019-03-12 00:00:00.000000','Tlayacapan','026',17),(927,'2019-03-11 00:00:00.000000','2019-03-12 00:00:00.000000','Totolapan','027',17),(928,'2019-03-11 00:00:00.000000','2019-03-12 00:00:00.000000','Xochitepec','028',17),(929,'2019-03-11 00:00:00.000000','2019-03-12 00:00:00.000000','Yautepec','029',17),(930,'2019-03-11 00:00:00.000000','2019-03-12 00:00:00.000000','Yecapixtla','030',17),(931,'2019-03-11 00:00:00.000000','2019-03-12 00:00:00.000000','Zacatepec','031',17),(932,'2019-03-11 00:00:00.000000','2019-03-12 00:00:00.000000','Zacualpan de Amilpas','032',17),(933,'2019-03-11 00:00:00.000000','2019-03-12 00:00:00.000000','Temoac','033',17),(934,'2019-03-11 00:00:00.000000','2019-03-12 00:00:00.000000','Coatetelco','034',17),(935,'2019-03-11 00:00:00.000000','2019-03-12 00:00:00.000000','Xoxocotla','035',17),(936,'2019-03-11 00:00:00.000000','2019-03-12 00:00:00.000000','Acaponeta','001',18),(937,'2019-03-11 00:00:00.000000','2019-03-12 00:00:00.000000','Ahuacatlán','002',18),(938,'2019-03-11 00:00:00.000000','2019-03-12 00:00:00.000000','Amatlán de Cañas','003',18),(939,'2019-03-11 00:00:00.000000','2019-03-12 00:00:00.000000','Compostela','004',18),(940,'2019-03-11 00:00:00.000000','2019-03-12 00:00:00.000000','Huajicori','005',18),(941,'2019-03-11 00:00:00.000000','2019-03-12 00:00:00.000000','Ixtlán del Río','006',18),(942,'2019-03-11 00:00:00.000000','2019-03-12 00:00:00.000000','Jala','007',18),(943,'2019-03-11 00:00:00.000000','2019-03-12 00:00:00.000000','Xalisco','008',18),(944,'2019-03-11 00:00:00.000000','2019-03-12 00:00:00.000000','Del Nayar','009',18),(945,'2019-03-11 00:00:00.000000','2019-03-12 00:00:00.000000','Rosamorada','010',18),(946,'2019-03-11 00:00:00.000000','2019-03-12 00:00:00.000000','Ruíz','011',18),(947,'2019-03-11 00:00:00.000000','2019-03-12 00:00:00.000000','San Blas','012',18),(948,'2019-03-11 00:00:00.000000','2019-03-12 00:00:00.000000','San Pedro Lagunillas','013',18),(949,'2019-03-11 00:00:00.000000','2019-03-12 00:00:00.000000','Santa María del Oro','014',18),(950,'2019-03-11 00:00:00.000000','2019-03-12 00:00:00.000000','Santiago Ixcuintla','015',18),(951,'2019-03-11 00:00:00.000000','2019-03-12 00:00:00.000000','Tecuala','016',18),(952,'2019-03-11 00:00:00.000000','2019-03-12 00:00:00.000000','Tepic','017',18),(953,'2019-03-11 00:00:00.000000','2019-03-12 00:00:00.000000','Tuxpan','018',18),(954,'2019-03-11 00:00:00.000000','2019-03-12 00:00:00.000000','La Yesca','019',18),(955,'2019-03-11 00:00:00.000000','2019-03-12 00:00:00.000000','Bahía de Banderas','020',18),(956,'2019-03-11 00:00:00.000000','2019-03-12 00:00:00.000000','Abasolo','001',19),(957,'2019-03-11 00:00:00.000000','2019-03-12 00:00:00.000000','Agualeguas','002',19),(958,'2019-03-11 00:00:00.000000','2019-03-12 00:00:00.000000','Los Aldamas','003',19),(959,'2019-03-11 00:00:00.000000','2019-03-12 00:00:00.000000','Allende','004',19),(960,'2019-03-11 00:00:00.000000','2019-03-12 00:00:00.000000','Anáhuac','005',19),(961,'2019-03-11 00:00:00.000000','2019-03-12 00:00:00.000000','Apodaca','006',19),(962,'2019-03-11 00:00:00.000000','2019-03-12 00:00:00.000000','Aramberri','007',19),(963,'2019-03-11 00:00:00.000000','2019-03-12 00:00:00.000000','Bustamante','008',19),(964,'2019-03-11 00:00:00.000000','2019-03-12 00:00:00.000000','Cadereyta Jiménez','009',19),(965,'2019-03-11 00:00:00.000000','2019-03-12 00:00:00.000000','El Carmen','010',19),(966,'2019-03-11 00:00:00.000000','2019-03-12 00:00:00.000000','Cerralvo','011',19),(967,'2019-03-11 00:00:00.000000','2019-03-12 00:00:00.000000','Ciénega de Flores','012',19),(968,'2019-03-11 00:00:00.000000','2019-03-12 00:00:00.000000','China','013',19),(969,'2019-03-11 00:00:00.000000','2019-03-12 00:00:00.000000','Doctor Arroyo','014',19),(970,'2019-03-11 00:00:00.000000','2019-03-12 00:00:00.000000','Doctor Coss','015',19),(971,'2019-03-11 00:00:00.000000','2019-03-12 00:00:00.000000','Doctor González','016',19),(972,'2019-03-11 00:00:00.000000','2019-03-12 00:00:00.000000','Galeana','017',19),(973,'2019-03-11 00:00:00.000000','2019-03-12 00:00:00.000000','García','018',19),(974,'2019-03-11 00:00:00.000000','2019-03-12 00:00:00.000000','San Pedro Garza García','019',19),(975,'2019-03-11 00:00:00.000000','2019-03-12 00:00:00.000000','General Bravo','020',19),(976,'2019-03-11 00:00:00.000000','2019-03-12 00:00:00.000000','General Escobedo','021',19),(977,'2019-03-11 00:00:00.000000','2019-03-12 00:00:00.000000','General Terán','022',19),(978,'2019-03-11 00:00:00.000000','2019-03-12 00:00:00.000000','General Treviño','023',19),(979,'2019-03-11 00:00:00.000000','2019-03-12 00:00:00.000000','General Zaragoza','024',19),(980,'2019-03-11 00:00:00.000000','2019-03-12 00:00:00.000000','General Zuazua','025',19),(981,'2019-03-11 00:00:00.000000','2019-03-12 00:00:00.000000','Guadalupe','026',19),(982,'2019-03-11 00:00:00.000000','2019-03-12 00:00:00.000000','Los Herreras','027',19),(983,'2019-03-11 00:00:00.000000','2019-03-12 00:00:00.000000','Higueras','028',19),(984,'2019-03-11 00:00:00.000000','2019-03-12 00:00:00.000000','Hualahuises','029',19),(985,'2019-03-11 00:00:00.000000','2019-03-12 00:00:00.000000','Iturbide','030',19),(986,'2019-03-11 00:00:00.000000','2019-03-12 00:00:00.000000','Juárez','031',19),(987,'2019-03-11 00:00:00.000000','2019-03-12 00:00:00.000000','Lampazos de Naranjo','032',19),(988,'2019-03-11 00:00:00.000000','2019-03-12 00:00:00.000000','Linares','033',19),(989,'2019-03-11 00:00:00.000000','2019-03-12 00:00:00.000000','Marín','034',19),(990,'2019-03-11 00:00:00.000000','2019-03-12 00:00:00.000000','Melchor Ocampo','035',19),(991,'2019-03-11 00:00:00.000000','2019-03-12 00:00:00.000000','Mier y Noriega','036',19),(992,'2019-03-11 00:00:00.000000','2019-03-12 00:00:00.000000','Mina','037',19),(993,'2019-03-11 00:00:00.000000','2019-03-12 00:00:00.000000','Montemorelos','038',19),(994,'2019-03-11 00:00:00.000000','2019-03-12 00:00:00.000000','Monterrey','039',19),(995,'2019-03-11 00:00:00.000000','2019-03-12 00:00:00.000000','Parás','040',19),(996,'2019-03-11 00:00:00.000000','2019-03-12 00:00:00.000000','Pesquería','041',19),(997,'2019-03-11 00:00:00.000000','2019-03-12 00:00:00.000000','Los Ramones','042',19),(998,'2019-03-11 00:00:00.000000','2019-03-12 00:00:00.000000','Rayones','043',19),(999,'2019-03-11 00:00:00.000000','2019-03-12 00:00:00.000000','Sabinas Hidalgo','044',19),(1000,'2019-03-11 00:00:00.000000','2019-03-12 00:00:00.000000','Salinas Victoria','045',19),(1001,'2019-03-11 00:00:00.000000','2019-03-12 00:00:00.000000','San Nicolás de los Garza','046',19),(1002,'2019-03-11 00:00:00.000000','2019-03-12 00:00:00.000000','Hidalgo','047',19),(1003,'2019-03-11 00:00:00.000000','2019-03-12 00:00:00.000000','Santa Catarina','048',19),(1004,'2019-03-11 00:00:00.000000','2019-03-12 00:00:00.000000','Santiago','049',19),(1005,'2019-03-11 00:00:00.000000','2019-03-12 00:00:00.000000','Vallecillo','050',19),(1006,'2019-03-11 00:00:00.000000','2019-03-12 00:00:00.000000','Villaldama','051',19),(1007,'2019-03-11 00:00:00.000000','2019-03-12 00:00:00.000000','Abejones','001',20),(1008,'2019-03-11 00:00:00.000000','2019-03-12 00:00:00.000000','Acatlán de Pérez Figueroa','002',20),(1009,'2019-03-11 00:00:00.000000','2019-03-12 00:00:00.000000','Asunción Cacalotepec','003',20),(1010,'2019-03-11 00:00:00.000000','2019-03-12 00:00:00.000000','Asunción Cuyotepeji','004',20),(1011,'2019-03-11 00:00:00.000000','2019-03-12 00:00:00.000000','Asunción Ixtaltepec','005',20),(1012,'2019-03-11 00:00:00.000000','2019-03-12 00:00:00.000000','Asunción Nochixtlán','006',20),(1013,'2019-03-11 00:00:00.000000','2019-03-12 00:00:00.000000','Asunción Ocotlán','007',20),(1014,'2019-03-11 00:00:00.000000','2019-03-12 00:00:00.000000','Asunción Tlacolulita','008',20),(1015,'2019-03-11 00:00:00.000000','2019-03-12 00:00:00.000000','Ayotzintepec','009',20),(1016,'2019-03-11 00:00:00.000000','2019-03-12 00:00:00.000000','El Barrio de la Soledad','010',20),(1017,'2019-03-11 00:00:00.000000','2019-03-12 00:00:00.000000','Calihualá','011',20),(1018,'2019-03-11 00:00:00.000000','2019-03-12 00:00:00.000000','Candelaria Loxicha','012',20),(1019,'2019-03-11 00:00:00.000000','2019-03-12 00:00:00.000000','Ciénega de Zimatlán','013',20),(1020,'2019-03-11 00:00:00.000000','2019-03-12 00:00:00.000000','Ciudad Ixtepec','014',20),(1021,'2019-03-11 00:00:00.000000','2019-03-12 00:00:00.000000','Coatecas Altas','015',20),(1022,'2019-03-11 00:00:00.000000','2019-03-12 00:00:00.000000','Coicoyán de las Flores','016',20),(1023,'2019-03-11 00:00:00.000000','2019-03-12 00:00:00.000000','La Compañía','017',20),(1024,'2019-03-11 00:00:00.000000','2019-03-12 00:00:00.000000','Concepción Buenavista','018',20),(1025,'2019-03-11 00:00:00.000000','2019-03-12 00:00:00.000000','Concepción Pápalo','019',20),(1026,'2019-03-11 00:00:00.000000','2019-03-12 00:00:00.000000','Constancia del Rosario','020',20),(1027,'2019-03-11 00:00:00.000000','2019-03-12 00:00:00.000000','Cosolapa','021',20),(1028,'2019-03-11 00:00:00.000000','2019-03-12 00:00:00.000000','Cosoltepec','022',20),(1029,'2019-03-11 00:00:00.000000','2019-03-12 00:00:00.000000','Cuilápam de Guerrero','023',20),(1030,'2019-03-11 00:00:00.000000','2019-03-12 00:00:00.000000','Cuyamecalco Villa de Zaragoza','024',20),(1031,'2019-03-11 00:00:00.000000','2019-03-12 00:00:00.000000','Chahuites','025',20),(1032,'2019-03-11 00:00:00.000000','2019-03-12 00:00:00.000000','Chalcatongo de Hidalgo','026',20),(1033,'2019-03-11 00:00:00.000000','2019-03-12 00:00:00.000000','Chiquihuitlán de Benito Juárez','027',20),(1034,'2019-03-11 00:00:00.000000','2019-03-12 00:00:00.000000','Heroica Ciudad de Ejutla de Crespo','028',20),(1035,'2019-03-11 00:00:00.000000','2019-03-12 00:00:00.000000','Eloxochitlán de Flores Magón','029',20),(1036,'2019-03-11 00:00:00.000000','2019-03-12 00:00:00.000000','El Espinal','030',20),(1037,'2019-03-11 00:00:00.000000','2019-03-12 00:00:00.000000','Tamazulápam del Espíritu Santo','031',20),(1038,'2019-03-11 00:00:00.000000','2019-03-12 00:00:00.000000','Fresnillo de Trujano','032',20),(1039,'2019-03-11 00:00:00.000000','2019-03-12 00:00:00.000000','Guadalupe Etla','033',20),(1040,'2019-03-11 00:00:00.000000','2019-03-12 00:00:00.000000','Guadalupe de Ramírez','034',20),(1041,'2019-03-11 00:00:00.000000','2019-03-12 00:00:00.000000','Guelatao de Juárez','035',20),(1042,'2019-03-11 00:00:00.000000','2019-03-12 00:00:00.000000','Guevea de Humboldt','036',20),(1043,'2019-03-11 00:00:00.000000','2019-03-12 00:00:00.000000','Mesones Hidalgo','037',20),(1044,'2019-03-11 00:00:00.000000','2019-03-12 00:00:00.000000','Villa Hidalgo','038',20),(1045,'2019-03-11 00:00:00.000000','2019-03-12 00:00:00.000000','Heroica Ciudad de Huajuapan de León','039',20),(1046,'2019-03-11 00:00:00.000000','2019-03-12 00:00:00.000000','Huautepec','040',20),(1047,'2019-03-11 00:00:00.000000','2019-03-12 00:00:00.000000','Huautla de Jiménez','041',20),(1048,'2019-03-11 00:00:00.000000','2019-03-12 00:00:00.000000','Ixtlán de Juárez','042',20),(1049,'2019-03-11 00:00:00.000000','2019-03-12 00:00:00.000000','Heroica Ciudad de Juchitán de Zaragoza','043',20),(1050,'2019-03-11 00:00:00.000000','2019-03-12 00:00:00.000000','Loma Bonita','044',20),(1051,'2019-03-11 00:00:00.000000','2019-03-12 00:00:00.000000','Magdalena Apasco','045',20),(1052,'2019-03-11 00:00:00.000000','2019-03-12 00:00:00.000000','Magdalena Jaltepec','046',20),(1053,'2019-03-11 00:00:00.000000','2019-03-12 00:00:00.000000','Santa Magdalena Jicotlán','047',20),(1054,'2019-03-11 00:00:00.000000','2019-03-12 00:00:00.000000','Magdalena Mixtepec','048',20),(1055,'2019-03-11 00:00:00.000000','2019-03-12 00:00:00.000000','Magdalena Ocotlán','049',20),(1056,'2019-03-11 00:00:00.000000','2019-03-12 00:00:00.000000','Magdalena Peñasco','050',20),(1057,'2019-03-11 00:00:00.000000','2019-03-12 00:00:00.000000','Magdalena Teitipac','051',20),(1058,'2019-03-11 00:00:00.000000','2019-03-12 00:00:00.000000','Magdalena Tequisistlán','052',20),(1059,'2019-03-11 00:00:00.000000','2019-03-12 00:00:00.000000','Magdalena Tlacotepec','053',20),(1060,'2019-03-11 00:00:00.000000','2019-03-12 00:00:00.000000','Magdalena Zahuatlán','054',20),(1061,'2019-03-11 00:00:00.000000','2019-03-12 00:00:00.000000','Mariscala de Juárez','055',20),(1062,'2019-03-11 00:00:00.000000','2019-03-12 00:00:00.000000','Mártires de Tacubaya','056',20),(1063,'2019-03-11 00:00:00.000000','2019-03-12 00:00:00.000000','Matías Romero Avendaño','057',20),(1064,'2019-03-11 00:00:00.000000','2019-03-12 00:00:00.000000','Mazatlán Villa de Flores','058',20),(1065,'2019-03-11 00:00:00.000000','2019-03-12 00:00:00.000000','Miahuatlán de Porfirio Díaz','059',20),(1066,'2019-03-11 00:00:00.000000','2019-03-12 00:00:00.000000','Mixistlán de la Reforma','060',20),(1067,'2019-03-11 00:00:00.000000','2019-03-12 00:00:00.000000','Monjas','061',20),(1068,'2019-03-11 00:00:00.000000','2019-03-12 00:00:00.000000','Natividad','062',20),(1069,'2019-03-11 00:00:00.000000','2019-03-12 00:00:00.000000','Nazareno Etla','063',20),(1070,'2019-03-11 00:00:00.000000','2019-03-12 00:00:00.000000','Nejapa de Madero','064',20),(1071,'2019-03-11 00:00:00.000000','2019-03-12 00:00:00.000000','Ixpantepec Nieves','065',20),(1072,'2019-03-11 00:00:00.000000','2019-03-12 00:00:00.000000','Santiago Niltepec','066',20),(1073,'2019-03-11 00:00:00.000000','2019-03-12 00:00:00.000000','Oaxaca de Juárez','067',20),(1074,'2019-03-11 00:00:00.000000','2019-03-12 00:00:00.000000','Ocotlán de Morelos','068',20),(1075,'2019-03-11 00:00:00.000000','2019-03-12 00:00:00.000000','La Pe','069',20),(1076,'2019-03-11 00:00:00.000000','2019-03-12 00:00:00.000000','Pinotepa de Don Luis','070',20),(1077,'2019-03-11 00:00:00.000000','2019-03-12 00:00:00.000000','Pluma Hidalgo','071',20),(1078,'2019-03-11 00:00:00.000000','2019-03-12 00:00:00.000000','San José del Progreso','072',20),(1079,'2019-03-11 00:00:00.000000','2019-03-12 00:00:00.000000','Putla Villa de Guerrero','073',20),(1080,'2019-03-11 00:00:00.000000','2019-03-12 00:00:00.000000','Santa Catarina Quioquitani','074',20),(1081,'2019-03-11 00:00:00.000000','2019-03-12 00:00:00.000000','Reforma de Pineda','075',20),(1082,'2019-03-11 00:00:00.000000','2019-03-12 00:00:00.000000','La Reforma','076',20),(1083,'2019-03-11 00:00:00.000000','2019-03-12 00:00:00.000000','Reyes Etla','077',20),(1084,'2019-03-11 00:00:00.000000','2019-03-12 00:00:00.000000','Rojas de Cuauhtémoc','078',20),(1085,'2019-03-11 00:00:00.000000','2019-03-12 00:00:00.000000','Salina Cruz','079',20),(1086,'2019-03-11 00:00:00.000000','2019-03-12 00:00:00.000000','San Agustín Amatengo','080',20),(1087,'2019-03-11 00:00:00.000000','2019-03-12 00:00:00.000000','San Agustín Atenango','081',20),(1088,'2019-03-11 00:00:00.000000','2019-03-12 00:00:00.000000','San Agustín Chayuco','082',20),(1089,'2019-03-11 00:00:00.000000','2019-03-12 00:00:00.000000','San Agustín de las Juntas','083',20),(1090,'2019-03-11 00:00:00.000000','2019-03-12 00:00:00.000000','San Agustín Etla','084',20),(1091,'2019-03-11 00:00:00.000000','2019-03-12 00:00:00.000000','San Agustín Loxicha','085',20),(1092,'2019-03-11 00:00:00.000000','2019-03-12 00:00:00.000000','San Agustín Tlacotepec','086',20),(1093,'2019-03-11 00:00:00.000000','2019-03-12 00:00:00.000000','San Agustín Yatareni','087',20),(1094,'2019-03-11 00:00:00.000000','2019-03-12 00:00:00.000000','San Andrés Cabecera Nueva','088',20),(1095,'2019-03-11 00:00:00.000000','2019-03-12 00:00:00.000000','San Andrés Dinicuiti','089',20),(1096,'2019-03-11 00:00:00.000000','2019-03-12 00:00:00.000000','San Andrés Huaxpaltepec','090',20),(1097,'2019-03-11 00:00:00.000000','2019-03-12 00:00:00.000000','San Andrés Huayápam','091',20),(1098,'2019-03-11 00:00:00.000000','2019-03-12 00:00:00.000000','San Andrés Ixtlahuaca','092',20),(1099,'2019-03-11 00:00:00.000000','2019-03-12 00:00:00.000000','San Andrés Lagunas','093',20),(1100,'2019-03-11 00:00:00.000000','2019-03-12 00:00:00.000000','San Andrés Nuxiño','094',20),(1101,'2019-03-11 00:00:00.000000','2019-03-12 00:00:00.000000','San Andrés Paxtlán','095',20),(1102,'2019-03-11 00:00:00.000000','2019-03-12 00:00:00.000000','San Andrés Sinaxtla','096',20),(1103,'2019-03-11 00:00:00.000000','2019-03-12 00:00:00.000000','San Andrés Solaga','097',20),(1104,'2019-03-11 00:00:00.000000','2019-03-12 00:00:00.000000','San Andrés Teotilálpam','098',20),(1105,'2019-03-11 00:00:00.000000','2019-03-12 00:00:00.000000','San Andrés Tepetlapa','099',20),(1106,'2019-03-11 00:00:00.000000','2019-03-12 00:00:00.000000','San Andrés Yaá','100',20),(1107,'2019-03-11 00:00:00.000000','2019-03-12 00:00:00.000000','San Andrés Zabache','101',20),(1108,'2019-03-11 00:00:00.000000','2019-03-12 00:00:00.000000','San Andrés Zautla','102',20),(1109,'2019-03-11 00:00:00.000000','2019-03-12 00:00:00.000000','San Antonino Castillo Velasco','103',20),(1110,'2019-03-11 00:00:00.000000','2019-03-12 00:00:00.000000','San Antonino el Alto','104',20),(1111,'2019-03-11 00:00:00.000000','2019-03-12 00:00:00.000000','San Antonino Monte Verde','105',20),(1112,'2019-03-11 00:00:00.000000','2019-03-12 00:00:00.000000','San Antonio Acutla','106',20),(1113,'2019-03-11 00:00:00.000000','2019-03-12 00:00:00.000000','San Antonio de la Cal','107',20),(1114,'2019-03-11 00:00:00.000000','2019-03-12 00:00:00.000000','San Antonio Huitepec','108',20),(1115,'2019-03-11 00:00:00.000000','2019-03-12 00:00:00.000000','San Antonio Nanahuatípam','109',20),(1116,'2019-03-11 00:00:00.000000','2019-03-12 00:00:00.000000','San Antonio Sinicahua','110',20),(1117,'2019-03-11 00:00:00.000000','2019-03-12 00:00:00.000000','San Antonio Tepetlapa','111',20),(1118,'2019-03-11 00:00:00.000000','2019-03-12 00:00:00.000000','San Baltazar Chichicápam','112',20),(1119,'2019-03-11 00:00:00.000000','2019-03-12 00:00:00.000000','San Baltazar Loxicha','113',20),(1120,'2019-03-11 00:00:00.000000','2019-03-12 00:00:00.000000','San Baltazar Yatzachi el Bajo','114',20),(1121,'2019-03-11 00:00:00.000000','2019-03-12 00:00:00.000000','San Bartolo Coyotepec','115',20),(1122,'2019-03-11 00:00:00.000000','2019-03-12 00:00:00.000000','San Bartolomé Ayautla','116',20),(1123,'2019-03-11 00:00:00.000000','2019-03-12 00:00:00.000000','San Bartolomé Loxicha','117',20),(1124,'2019-03-11 00:00:00.000000','2019-03-12 00:00:00.000000','San Bartolomé Quialana','118',20),(1125,'2019-03-11 00:00:00.000000','2019-03-12 00:00:00.000000','San Bartolomé Yucuañe','119',20),(1126,'2019-03-11 00:00:00.000000','2019-03-12 00:00:00.000000','San Bartolomé Zoogocho','120',20),(1127,'2019-03-11 00:00:00.000000','2019-03-12 00:00:00.000000','San Bartolo Soyaltepec','121',20),(1128,'2019-03-11 00:00:00.000000','2019-03-12 00:00:00.000000','San Bartolo Yautepec','122',20),(1129,'2019-03-11 00:00:00.000000','2019-03-12 00:00:00.000000','San Bernardo Mixtepec','123',20),(1130,'2019-03-11 00:00:00.000000','2019-03-12 00:00:00.000000','San Blas Atempa','124',20),(1131,'2019-03-11 00:00:00.000000','2019-03-12 00:00:00.000000','San Carlos Yautepec','125',20),(1132,'2019-03-11 00:00:00.000000','2019-03-12 00:00:00.000000','San Cristóbal Amatlán','126',20),(1133,'2019-03-11 00:00:00.000000','2019-03-12 00:00:00.000000','San Cristóbal Amoltepec','127',20),(1134,'2019-03-11 00:00:00.000000','2019-03-12 00:00:00.000000','San Cristóbal Lachirioag','128',20),(1135,'2019-03-11 00:00:00.000000','2019-03-12 00:00:00.000000','San Cristóbal Suchixtlahuaca','129',20),(1136,'2019-03-11 00:00:00.000000','2019-03-12 00:00:00.000000','San Dionisio del Mar','130',20),(1137,'2019-03-11 00:00:00.000000','2019-03-12 00:00:00.000000','San Dionisio Ocotepec','131',20),(1138,'2019-03-11 00:00:00.000000','2019-03-12 00:00:00.000000','San Dionisio Ocotlán','132',20),(1139,'2019-03-11 00:00:00.000000','2019-03-12 00:00:00.000000','San Esteban Atatlahuca','133',20),(1140,'2019-03-11 00:00:00.000000','2019-03-12 00:00:00.000000','San Felipe Jalapa de Díaz','134',20),(1141,'2019-03-11 00:00:00.000000','2019-03-12 00:00:00.000000','San Felipe Tejalápam','135',20),(1142,'2019-03-11 00:00:00.000000','2019-03-12 00:00:00.000000','San Felipe Usila','136',20),(1143,'2019-03-11 00:00:00.000000','2019-03-12 00:00:00.000000','San Francisco Cahuacuá','137',20),(1144,'2019-03-11 00:00:00.000000','2019-03-12 00:00:00.000000','San Francisco Cajonos','138',20),(1145,'2019-03-11 00:00:00.000000','2019-03-12 00:00:00.000000','San Francisco Chapulapa','139',20),(1146,'2019-03-11 00:00:00.000000','2019-03-12 00:00:00.000000','San Francisco Chindúa','140',20),(1147,'2019-03-11 00:00:00.000000','2019-03-12 00:00:00.000000','San Francisco del Mar','141',20),(1148,'2019-03-11 00:00:00.000000','2019-03-12 00:00:00.000000','San Francisco Huehuetlán','142',20),(1149,'2019-03-11 00:00:00.000000','2019-03-12 00:00:00.000000','San Francisco Ixhuatán','143',20),(1150,'2019-03-11 00:00:00.000000','2019-03-12 00:00:00.000000','San Francisco Jaltepetongo','144',20),(1151,'2019-03-11 00:00:00.000000','2019-03-12 00:00:00.000000','San Francisco Lachigoló','145',20),(1152,'2019-03-11 00:00:00.000000','2019-03-12 00:00:00.000000','San Francisco Logueche','146',20),(1153,'2019-03-11 00:00:00.000000','2019-03-12 00:00:00.000000','San Francisco Nuxaño','147',20),(1154,'2019-03-11 00:00:00.000000','2019-03-12 00:00:00.000000','San Francisco Ozolotepec','148',20),(1155,'2019-03-11 00:00:00.000000','2019-03-12 00:00:00.000000','San Francisco Sola','149',20),(1156,'2019-03-11 00:00:00.000000','2019-03-12 00:00:00.000000','San Francisco Telixtlahuaca','150',20),(1157,'2019-03-11 00:00:00.000000','2019-03-12 00:00:00.000000','San Francisco Teopan','151',20),(1158,'2019-03-11 00:00:00.000000','2019-03-12 00:00:00.000000','San Francisco Tlapancingo','152',20),(1159,'2019-03-11 00:00:00.000000','2019-03-12 00:00:00.000000','San Gabriel Mixtepec','153',20),(1160,'2019-03-11 00:00:00.000000','2019-03-12 00:00:00.000000','San Ildefonso Amatlán','154',20),(1161,'2019-03-11 00:00:00.000000','2019-03-12 00:00:00.000000','San Ildefonso Sola','155',20),(1162,'2019-03-11 00:00:00.000000','2019-03-12 00:00:00.000000','San Ildefonso Villa Alta','156',20),(1163,'2019-03-11 00:00:00.000000','2019-03-12 00:00:00.000000','San Jacinto Amilpas','157',20),(1164,'2019-03-11 00:00:00.000000','2019-03-12 00:00:00.000000','San Jacinto Tlacotepec','158',20),(1165,'2019-03-11 00:00:00.000000','2019-03-12 00:00:00.000000','San Jerónimo Coatlán','159',20),(1166,'2019-03-11 00:00:00.000000','2019-03-12 00:00:00.000000','San Jerónimo Silacayoapilla','160',20),(1167,'2019-03-11 00:00:00.000000','2019-03-12 00:00:00.000000','San Jerónimo Sosola','161',20),(1168,'2019-03-11 00:00:00.000000','2019-03-12 00:00:00.000000','San Jerónimo Taviche','162',20),(1169,'2019-03-11 00:00:00.000000','2019-03-12 00:00:00.000000','San Jerónimo Tecóatl','163',20),(1170,'2019-03-11 00:00:00.000000','2019-03-12 00:00:00.000000','San Jorge Nuchita','164',20),(1171,'2019-03-11 00:00:00.000000','2019-03-12 00:00:00.000000','San José Ayuquila','165',20),(1172,'2019-03-11 00:00:00.000000','2019-03-12 00:00:00.000000','San José Chiltepec','166',20),(1173,'2019-03-11 00:00:00.000000','2019-03-12 00:00:00.000000','San José del Peñasco','167',20),(1174,'2019-03-11 00:00:00.000000','2019-03-12 00:00:00.000000','San José Estancia Grande','168',20),(1175,'2019-03-11 00:00:00.000000','2019-03-12 00:00:00.000000','San José Independencia','169',20),(1176,'2019-03-11 00:00:00.000000','2019-03-12 00:00:00.000000','San José Lachiguiri','170',20),(1177,'2019-03-11 00:00:00.000000','2019-03-12 00:00:00.000000','San José Tenango','171',20),(1178,'2019-03-11 00:00:00.000000','2019-03-12 00:00:00.000000','San Juan Achiutla','172',20),(1179,'2019-03-11 00:00:00.000000','2019-03-12 00:00:00.000000','San Juan Atepec','173',20),(1180,'2019-03-11 00:00:00.000000','2019-03-12 00:00:00.000000','Ánimas Trujano','174',20),(1181,'2019-03-11 00:00:00.000000','2019-03-12 00:00:00.000000','San Juan Bautista Atatlahuca','175',20),(1182,'2019-03-11 00:00:00.000000','2019-03-12 00:00:00.000000','San Juan Bautista Coixtlahuaca','176',20),(1183,'2019-03-11 00:00:00.000000','2019-03-12 00:00:00.000000','San Juan Bautista Cuicatlán','177',20),(1184,'2019-03-11 00:00:00.000000','2019-03-12 00:00:00.000000','San Juan Bautista Guelache','178',20),(1185,'2019-03-11 00:00:00.000000','2019-03-12 00:00:00.000000','San Juan Bautista Jayacatlán','179',20),(1186,'2019-03-11 00:00:00.000000','2019-03-12 00:00:00.000000','San Juan Bautista Lo de Soto','180',20),(1187,'2019-03-11 00:00:00.000000','2019-03-12 00:00:00.000000','San Juan Bautista Suchitepec','181',20),(1188,'2019-03-11 00:00:00.000000','2019-03-12 00:00:00.000000','San Juan Bautista Tlacoatzintepec','182',20),(1189,'2019-03-11 00:00:00.000000','2019-03-12 00:00:00.000000','San Juan Bautista Tlachichilco','183',20),(1190,'2019-03-11 00:00:00.000000','2019-03-12 00:00:00.000000','San Juan Bautista Tuxtepec','184',20),(1191,'2019-03-11 00:00:00.000000','2019-03-12 00:00:00.000000','San Juan Cacahuatepec','185',20),(1192,'2019-03-11 00:00:00.000000','2019-03-12 00:00:00.000000','San Juan Cieneguilla','186',20),(1193,'2019-03-11 00:00:00.000000','2019-03-12 00:00:00.000000','San Juan Coatzóspam','187',20),(1194,'2019-03-11 00:00:00.000000','2019-03-12 00:00:00.000000','San Juan Colorado','188',20),(1195,'2019-03-11 00:00:00.000000','2019-03-12 00:00:00.000000','San Juan Comaltepec','189',20),(1196,'2019-03-11 00:00:00.000000','2019-03-12 00:00:00.000000','San Juan Cotzocón','190',20),(1197,'2019-03-11 00:00:00.000000','2019-03-12 00:00:00.000000','San Juan Chicomezúchil','191',20),(1198,'2019-03-11 00:00:00.000000','2019-03-12 00:00:00.000000','San Juan Chilateca','192',20),(1199,'2019-03-11 00:00:00.000000','2019-03-12 00:00:00.000000','San Juan del Estado','193',20),(1200,'2019-03-11 00:00:00.000000','2019-03-12 00:00:00.000000','San Juan del Río','194',20),(1201,'2019-03-11 00:00:00.000000','2019-03-12 00:00:00.000000','San Juan Diuxi','195',20),(1202,'2019-03-11 00:00:00.000000','2019-03-12 00:00:00.000000','San Juan Evangelista Analco','196',20),(1203,'2019-03-11 00:00:00.000000','2019-03-12 00:00:00.000000','San Juan Guelavía','197',20),(1204,'2019-03-11 00:00:00.000000','2019-03-12 00:00:00.000000','San Juan Guichicovi','198',20),(1205,'2019-03-11 00:00:00.000000','2019-03-12 00:00:00.000000','San Juan Ihualtepec','199',20),(1206,'2019-03-11 00:00:00.000000','2019-03-12 00:00:00.000000','San Juan Juquila Mixes','200',20),(1207,'2019-03-11 00:00:00.000000','2019-03-12 00:00:00.000000','San Juan Juquila Vijanos','201',20),(1208,'2019-03-11 00:00:00.000000','2019-03-12 00:00:00.000000','San Juan Lachao','202',20),(1209,'2019-03-11 00:00:00.000000','2019-03-12 00:00:00.000000','San Juan Lachigalla','203',20),(1210,'2019-03-11 00:00:00.000000','2019-03-12 00:00:00.000000','San Juan Lajarcia','204',20),(1211,'2019-03-11 00:00:00.000000','2019-03-12 00:00:00.000000','San Juan Lalana','205',20),(1212,'2019-03-11 00:00:00.000000','2019-03-12 00:00:00.000000','San Juan de los Cués','206',20),(1213,'2019-03-11 00:00:00.000000','2019-03-12 00:00:00.000000','San Juan Mazatlán','207',20),(1214,'2019-03-11 00:00:00.000000','2019-03-12 00:00:00.000000','San Juan Mixtepec','208',20),(1215,'2019-03-11 00:00:00.000000','2019-03-12 00:00:00.000000','San Juan Mixtepec','209',20),(1216,'2019-03-11 00:00:00.000000','2019-03-12 00:00:00.000000','San Juan Ñumí','210',20),(1217,'2019-03-11 00:00:00.000000','2019-03-12 00:00:00.000000','San Juan Ozolotepec','211',20),(1218,'2019-03-11 00:00:00.000000','2019-03-12 00:00:00.000000','San Juan Petlapa','212',20),(1219,'2019-03-11 00:00:00.000000','2019-03-12 00:00:00.000000','San Juan Quiahije','213',20),(1220,'2019-03-11 00:00:00.000000','2019-03-12 00:00:00.000000','San Juan Quiotepec','214',20),(1221,'2019-03-11 00:00:00.000000','2019-03-12 00:00:00.000000','San Juan Sayultepec','215',20),(1222,'2019-03-11 00:00:00.000000','2019-03-12 00:00:00.000000','San Juan Tabaá','216',20),(1223,'2019-03-11 00:00:00.000000','2019-03-12 00:00:00.000000','San Juan Tamazola','217',20),(1224,'2019-03-11 00:00:00.000000','2019-03-12 00:00:00.000000','San Juan Teita','218',20),(1225,'2019-03-11 00:00:00.000000','2019-03-12 00:00:00.000000','San Juan Teitipac','219',20),(1226,'2019-03-11 00:00:00.000000','2019-03-12 00:00:00.000000','San Juan Tepeuxila','220',20),(1227,'2019-03-11 00:00:00.000000','2019-03-12 00:00:00.000000','San Juan Teposcolula','221',20),(1228,'2019-03-11 00:00:00.000000','2019-03-12 00:00:00.000000','San Juan Yaeé','222',20),(1229,'2019-03-11 00:00:00.000000','2019-03-12 00:00:00.000000','San Juan Yatzona','223',20),(1230,'2019-03-11 00:00:00.000000','2019-03-12 00:00:00.000000','San Juan Yucuita','224',20),(1231,'2019-03-11 00:00:00.000000','2019-03-12 00:00:00.000000','San Lorenzo','225',20),(1232,'2019-03-11 00:00:00.000000','2019-03-12 00:00:00.000000','San Lorenzo Albarradas','226',20),(1233,'2019-03-11 00:00:00.000000','2019-03-12 00:00:00.000000','San Lorenzo Cacaotepec','227',20),(1234,'2019-03-11 00:00:00.000000','2019-03-12 00:00:00.000000','San Lorenzo Cuaunecuiltitla','228',20),(1235,'2019-03-11 00:00:00.000000','2019-03-12 00:00:00.000000','San Lorenzo Texmelúcan','229',20),(1236,'2019-03-11 00:00:00.000000','2019-03-12 00:00:00.000000','San Lorenzo Victoria','230',20),(1237,'2019-03-11 00:00:00.000000','2019-03-12 00:00:00.000000','San Lucas Camotlán','231',20),(1238,'2019-03-11 00:00:00.000000','2019-03-12 00:00:00.000000','San Lucas Ojitlán','232',20),(1239,'2019-03-11 00:00:00.000000','2019-03-12 00:00:00.000000','San Lucas Quiaviní','233',20),(1240,'2019-03-11 00:00:00.000000','2019-03-12 00:00:00.000000','San Lucas Zoquiápam','234',20),(1241,'2019-03-11 00:00:00.000000','2019-03-12 00:00:00.000000','San Luis Amatlán','235',20),(1242,'2019-03-11 00:00:00.000000','2019-03-12 00:00:00.000000','San Marcial Ozolotepec','236',20),(1243,'2019-03-11 00:00:00.000000','2019-03-12 00:00:00.000000','San Marcos Arteaga','237',20),(1244,'2019-03-11 00:00:00.000000','2019-03-12 00:00:00.000000','San Martín de los Cansecos','238',20),(1245,'2019-03-11 00:00:00.000000','2019-03-12 00:00:00.000000','San Martín Huamelúlpam','239',20),(1246,'2019-03-11 00:00:00.000000','2019-03-12 00:00:00.000000','San Martín Itunyoso','240',20),(1247,'2019-03-11 00:00:00.000000','2019-03-12 00:00:00.000000','San Martín Lachilá','241',20),(1248,'2019-03-11 00:00:00.000000','2019-03-12 00:00:00.000000','San Martín Peras','242',20),(1249,'2019-03-11 00:00:00.000000','2019-03-12 00:00:00.000000','San Martín Tilcajete','243',20),(1250,'2019-03-11 00:00:00.000000','2019-03-12 00:00:00.000000','San Martín Toxpalan','244',20),(1251,'2019-03-11 00:00:00.000000','2019-03-12 00:00:00.000000','San Martín Zacatepec','245',20),(1252,'2019-03-11 00:00:00.000000','2019-03-12 00:00:00.000000','San Mateo Cajonos','246',20),(1253,'2019-03-11 00:00:00.000000','2019-03-12 00:00:00.000000','Capulálpam de Méndez','247',20),(1254,'2019-03-11 00:00:00.000000','2019-03-12 00:00:00.000000','San Mateo del Mar','248',20),(1255,'2019-03-11 00:00:00.000000','2019-03-12 00:00:00.000000','San Mateo Yoloxochitlán','249',20),(1256,'2019-03-11 00:00:00.000000','2019-03-12 00:00:00.000000','San Mateo Etlatongo','250',20),(1257,'2019-03-11 00:00:00.000000','2019-03-12 00:00:00.000000','San Mateo Nejápam','251',20),(1258,'2019-03-11 00:00:00.000000','2019-03-12 00:00:00.000000','San Mateo Peñasco','252',20),(1259,'2019-03-11 00:00:00.000000','2019-03-12 00:00:00.000000','San Mateo Piñas','253',20),(1260,'2019-03-11 00:00:00.000000','2019-03-12 00:00:00.000000','San Mateo Río Hondo','254',20),(1261,'2019-03-11 00:00:00.000000','2019-03-12 00:00:00.000000','San Mateo Sindihui','255',20),(1262,'2019-03-11 00:00:00.000000','2019-03-12 00:00:00.000000','San Mateo Tlapiltepec','256',20),(1263,'2019-03-11 00:00:00.000000','2019-03-12 00:00:00.000000','San Melchor Betaza','257',20),(1264,'2019-03-11 00:00:00.000000','2019-03-12 00:00:00.000000','San Miguel Achiutla','258',20),(1265,'2019-03-11 00:00:00.000000','2019-03-12 00:00:00.000000','San Miguel Ahuehuetitlán','259',20),(1266,'2019-03-11 00:00:00.000000','2019-03-12 00:00:00.000000','San Miguel Aloápam','260',20),(1267,'2019-03-11 00:00:00.000000','2019-03-12 00:00:00.000000','San Miguel Amatitlán','261',20),(1268,'2019-03-11 00:00:00.000000','2019-03-12 00:00:00.000000','San Miguel Amatlán','262',20),(1269,'2019-03-11 00:00:00.000000','2019-03-12 00:00:00.000000','San Miguel Coatlán','263',20),(1270,'2019-03-11 00:00:00.000000','2019-03-12 00:00:00.000000','San Miguel Chicahua','264',20),(1271,'2019-03-11 00:00:00.000000','2019-03-12 00:00:00.000000','San Miguel Chimalapa','265',20),(1272,'2019-03-11 00:00:00.000000','2019-03-12 00:00:00.000000','San Miguel del Puerto','266',20),(1273,'2019-03-11 00:00:00.000000','2019-03-12 00:00:00.000000','San Miguel del Río','267',20),(1274,'2019-03-11 00:00:00.000000','2019-03-12 00:00:00.000000','San Miguel Ejutla','268',20),(1275,'2019-03-11 00:00:00.000000','2019-03-12 00:00:00.000000','San Miguel el Grande','269',20),(1276,'2019-03-11 00:00:00.000000','2019-03-12 00:00:00.000000','San Miguel Huautla','270',20),(1277,'2019-03-11 00:00:00.000000','2019-03-12 00:00:00.000000','San Miguel Mixtepec','271',20),(1278,'2019-03-11 00:00:00.000000','2019-03-12 00:00:00.000000','San Miguel Panixtlahuaca','272',20),(1279,'2019-03-11 00:00:00.000000','2019-03-12 00:00:00.000000','San Miguel Peras','273',20),(1280,'2019-03-11 00:00:00.000000','2019-03-12 00:00:00.000000','San Miguel Piedras','274',20),(1281,'2019-03-11 00:00:00.000000','2019-03-12 00:00:00.000000','San Miguel Quetzaltepec','275',20),(1282,'2019-03-11 00:00:00.000000','2019-03-12 00:00:00.000000','San Miguel Santa Flor','276',20),(1283,'2019-03-11 00:00:00.000000','2019-03-12 00:00:00.000000','Villa Sola de Vega','277',20),(1284,'2019-03-11 00:00:00.000000','2019-03-12 00:00:00.000000','San Miguel Soyaltepec','278',20),(1285,'2019-03-11 00:00:00.000000','2019-03-12 00:00:00.000000','San Miguel Suchixtepec','279',20),(1286,'2019-03-11 00:00:00.000000','2019-03-12 00:00:00.000000','Villa Talea de Castro','280',20),(1287,'2019-03-11 00:00:00.000000','2019-03-12 00:00:00.000000','San Miguel Tecomatlán','281',20),(1288,'2019-03-11 00:00:00.000000','2019-03-12 00:00:00.000000','San Miguel Tenango','282',20),(1289,'2019-03-11 00:00:00.000000','2019-03-12 00:00:00.000000','San Miguel Tequixtepec','283',20),(1290,'2019-03-11 00:00:00.000000','2019-03-12 00:00:00.000000','San Miguel Tilquiápam','284',20),(1291,'2019-03-11 00:00:00.000000','2019-03-12 00:00:00.000000','San Miguel Tlacamama','285',20),(1292,'2019-03-11 00:00:00.000000','2019-03-12 00:00:00.000000','San Miguel Tlacotepec','286',20),(1293,'2019-03-11 00:00:00.000000','2019-03-12 00:00:00.000000','San Miguel Tulancingo','287',20),(1294,'2019-03-11 00:00:00.000000','2019-03-12 00:00:00.000000','San Miguel Yotao','288',20),(1295,'2019-03-11 00:00:00.000000','2019-03-12 00:00:00.000000','San Nicolás','289',20),(1296,'2019-03-11 00:00:00.000000','2019-03-12 00:00:00.000000','San Nicolás Hidalgo','290',20),(1297,'2019-03-11 00:00:00.000000','2019-03-12 00:00:00.000000','San Pablo Coatlán','291',20),(1298,'2019-03-11 00:00:00.000000','2019-03-12 00:00:00.000000','San Pablo Cuatro Venados','292',20),(1299,'2019-03-11 00:00:00.000000','2019-03-12 00:00:00.000000','San Pablo Etla','293',20),(1300,'2019-03-11 00:00:00.000000','2019-03-12 00:00:00.000000','San Pablo Huitzo','294',20),(1301,'2019-03-11 00:00:00.000000','2019-03-12 00:00:00.000000','San Pablo Huixtepec','295',20),(1302,'2019-03-11 00:00:00.000000','2019-03-12 00:00:00.000000','San Pablo Macuiltianguis','296',20),(1303,'2019-03-11 00:00:00.000000','2019-03-12 00:00:00.000000','San Pablo Tijaltepec','297',20),(1304,'2019-03-11 00:00:00.000000','2019-03-12 00:00:00.000000','San Pablo Villa de Mitla','298',20),(1305,'2019-03-11 00:00:00.000000','2019-03-12 00:00:00.000000','San Pablo Yaganiza','299',20),(1306,'2019-03-11 00:00:00.000000','2019-03-12 00:00:00.000000','San Pedro Amuzgos','300',20),(1307,'2019-03-11 00:00:00.000000','2019-03-12 00:00:00.000000','San Pedro Apóstol','301',20),(1308,'2019-03-11 00:00:00.000000','2019-03-12 00:00:00.000000','San Pedro Atoyac','302',20),(1309,'2019-03-11 00:00:00.000000','2019-03-12 00:00:00.000000','San Pedro Cajonos','303',20),(1310,'2019-03-11 00:00:00.000000','2019-03-12 00:00:00.000000','San Pedro Coxcaltepec Cántaros','304',20),(1311,'2019-03-11 00:00:00.000000','2019-03-12 00:00:00.000000','San Pedro Comitancillo','305',20),(1312,'2019-03-11 00:00:00.000000','2019-03-12 00:00:00.000000','San Pedro el Alto','306',20),(1313,'2019-03-11 00:00:00.000000','2019-03-12 00:00:00.000000','San Pedro Huamelula','307',20),(1314,'2019-03-11 00:00:00.000000','2019-03-12 00:00:00.000000','San Pedro Huilotepec','308',20),(1315,'2019-03-11 00:00:00.000000','2019-03-12 00:00:00.000000','San Pedro Ixcatlán','309',20),(1316,'2019-03-11 00:00:00.000000','2019-03-12 00:00:00.000000','San Pedro Ixtlahuaca','310',20),(1317,'2019-03-11 00:00:00.000000','2019-03-12 00:00:00.000000','San Pedro Jaltepetongo','311',20),(1318,'2019-03-11 00:00:00.000000','2019-03-12 00:00:00.000000','San Pedro Jicayán','312',20),(1319,'2019-03-11 00:00:00.000000','2019-03-12 00:00:00.000000','San Pedro Jocotipac','313',20),(1320,'2019-03-11 00:00:00.000000','2019-03-12 00:00:00.000000','San Pedro Juchatengo','314',20),(1321,'2019-03-11 00:00:00.000000','2019-03-12 00:00:00.000000','San Pedro Mártir','315',20),(1322,'2019-03-11 00:00:00.000000','2019-03-12 00:00:00.000000','San Pedro Mártir Quiechapa','316',20),(1323,'2019-03-11 00:00:00.000000','2019-03-12 00:00:00.000000','San Pedro Mártir Yucuxaco','317',20),(1324,'2019-03-11 00:00:00.000000','2019-03-12 00:00:00.000000','San Pedro Mixtepec','318',20),(1325,'2019-03-11 00:00:00.000000','2019-03-12 00:00:00.000000','San Pedro Mixtepec','319',20),(1326,'2019-03-11 00:00:00.000000','2019-03-12 00:00:00.000000','San Pedro Molinos','320',20),(1327,'2019-03-11 00:00:00.000000','2019-03-12 00:00:00.000000','San Pedro Nopala','321',20),(1328,'2019-03-11 00:00:00.000000','2019-03-12 00:00:00.000000','San Pedro Ocopetatillo','322',20),(1329,'2019-03-11 00:00:00.000000','2019-03-12 00:00:00.000000','San Pedro Ocotepec','323',20),(1330,'2019-03-11 00:00:00.000000','2019-03-12 00:00:00.000000','San Pedro Pochutla','324',20),(1331,'2019-03-11 00:00:00.000000','2019-03-12 00:00:00.000000','San Pedro Quiatoni','325',20),(1332,'2019-03-11 00:00:00.000000','2019-03-12 00:00:00.000000','San Pedro Sochiápam','326',20),(1333,'2019-03-11 00:00:00.000000','2019-03-12 00:00:00.000000','San Pedro Tapanatepec','327',20),(1334,'2019-03-11 00:00:00.000000','2019-03-12 00:00:00.000000','San Pedro Taviche','328',20),(1335,'2019-03-11 00:00:00.000000','2019-03-12 00:00:00.000000','San Pedro Teozacoalco','329',20),(1336,'2019-03-11 00:00:00.000000','2019-03-12 00:00:00.000000','San Pedro Teutila','330',20),(1337,'2019-03-11 00:00:00.000000','2019-03-12 00:00:00.000000','San Pedro Tidaá','331',20),(1338,'2019-03-11 00:00:00.000000','2019-03-12 00:00:00.000000','San Pedro Topiltepec','332',20),(1339,'2019-03-11 00:00:00.000000','2019-03-12 00:00:00.000000','San Pedro Totolápam','333',20),(1340,'2019-03-11 00:00:00.000000','2019-03-12 00:00:00.000000','Villa de Tututepec','334',20),(1341,'2019-03-11 00:00:00.000000','2019-03-12 00:00:00.000000','San Pedro Yaneri','335',20),(1342,'2019-03-11 00:00:00.000000','2019-03-12 00:00:00.000000','San Pedro Yólox','336',20),(1343,'2019-03-11 00:00:00.000000','2019-03-12 00:00:00.000000','San Pedro y San Pablo Ayutla','337',20),(1344,'2019-03-11 00:00:00.000000','2019-03-12 00:00:00.000000','Villa de Etla','338',20),(1345,'2019-03-11 00:00:00.000000','2019-03-12 00:00:00.000000','San Pedro y San Pablo Teposcolula','339',20),(1346,'2019-03-11 00:00:00.000000','2019-03-12 00:00:00.000000','San Pedro y San Pablo Tequixtepec','340',20),(1347,'2019-03-11 00:00:00.000000','2019-03-12 00:00:00.000000','San Pedro Yucunama','341',20),(1348,'2019-03-11 00:00:00.000000','2019-03-12 00:00:00.000000','San Raymundo Jalpan','342',20),(1349,'2019-03-11 00:00:00.000000','2019-03-12 00:00:00.000000','San Sebastián Abasolo','343',20),(1350,'2019-03-11 00:00:00.000000','2019-03-12 00:00:00.000000','San Sebastián Coatlán','344',20),(1351,'2019-03-11 00:00:00.000000','2019-03-12 00:00:00.000000','San Sebastián Ixcapa','345',20),(1352,'2019-03-11 00:00:00.000000','2019-03-12 00:00:00.000000','San Sebastián Nicananduta','346',20),(1353,'2019-03-11 00:00:00.000000','2019-03-12 00:00:00.000000','San Sebastián Río Hondo','347',20),(1354,'2019-03-11 00:00:00.000000','2019-03-12 00:00:00.000000','San Sebastián Tecomaxtlahuaca','348',20),(1355,'2019-03-11 00:00:00.000000','2019-03-12 00:00:00.000000','San Sebastián Teitipac','349',20),(1356,'2019-03-11 00:00:00.000000','2019-03-12 00:00:00.000000','San Sebastián Tutla','350',20),(1357,'2019-03-11 00:00:00.000000','2019-03-12 00:00:00.000000','San Simón Almolongas','351',20),(1358,'2019-03-11 00:00:00.000000','2019-03-12 00:00:00.000000','San Simón Zahuatlán','352',20),(1359,'2019-03-11 00:00:00.000000','2019-03-12 00:00:00.000000','Santa Ana','353',20),(1360,'2019-03-11 00:00:00.000000','2019-03-12 00:00:00.000000','Santa Ana Ateixtlahuaca','354',20),(1361,'2019-03-11 00:00:00.000000','2019-03-12 00:00:00.000000','Santa Ana Cuauhtémoc','355',20),(1362,'2019-03-11 00:00:00.000000','2019-03-12 00:00:00.000000','Santa Ana del Valle','356',20),(1363,'2019-03-11 00:00:00.000000','2019-03-12 00:00:00.000000','Santa Ana Tavela','357',20),(1364,'2019-03-11 00:00:00.000000','2019-03-12 00:00:00.000000','Santa Ana Tlapacoyan','358',20),(1365,'2019-03-11 00:00:00.000000','2019-03-12 00:00:00.000000','Santa Ana Yareni','359',20),(1366,'2019-03-11 00:00:00.000000','2019-03-12 00:00:00.000000','Santa Ana Zegache','360',20),(1367,'2019-03-11 00:00:00.000000','2019-03-12 00:00:00.000000','Santa Catalina Quierí','361',20),(1368,'2019-03-11 00:00:00.000000','2019-03-12 00:00:00.000000','Santa Catarina Cuixtla','362',20),(1369,'2019-03-11 00:00:00.000000','2019-03-12 00:00:00.000000','Santa Catarina Ixtepeji','363',20),(1370,'2019-03-11 00:00:00.000000','2019-03-12 00:00:00.000000','Santa Catarina Juquila','364',20),(1371,'2019-03-11 00:00:00.000000','2019-03-12 00:00:00.000000','Santa Catarina Lachatao','365',20),(1372,'2019-03-11 00:00:00.000000','2019-03-12 00:00:00.000000','Santa Catarina Loxicha','366',20),(1373,'2019-03-11 00:00:00.000000','2019-03-12 00:00:00.000000','Santa Catarina Mechoacán','367',20),(1374,'2019-03-11 00:00:00.000000','2019-03-12 00:00:00.000000','Santa Catarina Minas','368',20),(1375,'2019-03-11 00:00:00.000000','2019-03-12 00:00:00.000000','Santa Catarina Quiané','369',20),(1376,'2019-03-11 00:00:00.000000','2019-03-12 00:00:00.000000','Santa Catarina Tayata','370',20),(1377,'2019-03-11 00:00:00.000000','2019-03-12 00:00:00.000000','Santa Catarina Ticuá','371',20),(1378,'2019-03-11 00:00:00.000000','2019-03-12 00:00:00.000000','Santa Catarina Yosonotú','372',20),(1379,'2019-03-11 00:00:00.000000','2019-03-12 00:00:00.000000','Santa Catarina Zapoquila','373',20),(1380,'2019-03-11 00:00:00.000000','2019-03-12 00:00:00.000000','Santa Cruz Acatepec','374',20),(1381,'2019-03-11 00:00:00.000000','2019-03-12 00:00:00.000000','Santa Cruz Amilpas','375',20),(1382,'2019-03-11 00:00:00.000000','2019-03-12 00:00:00.000000','Santa Cruz de Bravo','376',20),(1383,'2019-03-11 00:00:00.000000','2019-03-12 00:00:00.000000','Santa Cruz Itundujia','377',20),(1384,'2019-03-11 00:00:00.000000','2019-03-12 00:00:00.000000','Santa Cruz Mixtepec','378',20),(1385,'2019-03-11 00:00:00.000000','2019-03-12 00:00:00.000000','Santa Cruz Nundaco','379',20),(1386,'2019-03-11 00:00:00.000000','2019-03-12 00:00:00.000000','Santa Cruz Papalutla','380',20),(1387,'2019-03-11 00:00:00.000000','2019-03-12 00:00:00.000000','Santa Cruz Tacache de Mina','381',20),(1388,'2019-03-11 00:00:00.000000','2019-03-12 00:00:00.000000','Santa Cruz Tacahua','382',20),(1389,'2019-03-11 00:00:00.000000','2019-03-12 00:00:00.000000','Santa Cruz Tayata','383',20),(1390,'2019-03-11 00:00:00.000000','2019-03-12 00:00:00.000000','Santa Cruz Xitla','384',20),(1391,'2019-03-11 00:00:00.000000','2019-03-12 00:00:00.000000','Santa Cruz Xoxocotlán','385',20),(1392,'2019-03-11 00:00:00.000000','2019-03-12 00:00:00.000000','Santa Cruz Zenzontepec','386',20),(1393,'2019-03-11 00:00:00.000000','2019-03-12 00:00:00.000000','Santa Gertrudis','387',20),(1394,'2019-03-11 00:00:00.000000','2019-03-12 00:00:00.000000','Santa Inés del Monte','388',20),(1395,'2019-03-11 00:00:00.000000','2019-03-12 00:00:00.000000','Santa Inés Yatzeche','389',20),(1396,'2019-03-11 00:00:00.000000','2019-03-12 00:00:00.000000','Santa Lucía del Camino','390',20),(1397,'2019-03-11 00:00:00.000000','2019-03-12 00:00:00.000000','Santa Lucía Miahuatlán','391',20),(1398,'2019-03-11 00:00:00.000000','2019-03-12 00:00:00.000000','Santa Lucía Monteverde','392',20),(1399,'2019-03-11 00:00:00.000000','2019-03-12 00:00:00.000000','Santa Lucía Ocotlán','393',20),(1400,'2019-03-11 00:00:00.000000','2019-03-12 00:00:00.000000','Santa María Alotepec','394',20),(1401,'2019-03-11 00:00:00.000000','2019-03-12 00:00:00.000000','Santa María Apazco','395',20),(1402,'2019-03-11 00:00:00.000000','2019-03-12 00:00:00.000000','Santa María la Asunción','396',20),(1403,'2019-03-11 00:00:00.000000','2019-03-12 00:00:00.000000','Heroica Ciudad de Tlaxiaco','397',20),(1404,'2019-03-11 00:00:00.000000','2019-03-12 00:00:00.000000','Ayoquezco de Aldama','398',20),(1405,'2019-03-11 00:00:00.000000','2019-03-12 00:00:00.000000','Santa María Atzompa','399',20),(1406,'2019-03-11 00:00:00.000000','2019-03-12 00:00:00.000000','Santa María Camotlán','400',20),(1407,'2019-03-11 00:00:00.000000','2019-03-12 00:00:00.000000','Santa María Colotepec','401',20),(1408,'2019-03-11 00:00:00.000000','2019-03-12 00:00:00.000000','Santa María Cortijo','402',20),(1409,'2019-03-11 00:00:00.000000','2019-03-12 00:00:00.000000','Santa María Coyotepec','403',20),(1410,'2019-03-11 00:00:00.000000','2019-03-12 00:00:00.000000','Santa María Chachoápam','404',20),(1411,'2019-03-11 00:00:00.000000','2019-03-12 00:00:00.000000','Villa de Chilapa de Díaz','405',20),(1412,'2019-03-11 00:00:00.000000','2019-03-12 00:00:00.000000','Santa María Chilchotla','406',20),(1413,'2019-03-11 00:00:00.000000','2019-03-12 00:00:00.000000','Santa María Chimalapa','407',20),(1414,'2019-03-11 00:00:00.000000','2019-03-12 00:00:00.000000','Santa María del Rosario','408',20),(1415,'2019-03-11 00:00:00.000000','2019-03-12 00:00:00.000000','Santa María del Tule','409',20),(1416,'2019-03-11 00:00:00.000000','2019-03-12 00:00:00.000000','Santa María Ecatepec','410',20),(1417,'2019-03-11 00:00:00.000000','2019-03-12 00:00:00.000000','Santa María Guelacé','411',20),(1418,'2019-03-11 00:00:00.000000','2019-03-12 00:00:00.000000','Santa María Guienagati','412',20),(1419,'2019-03-11 00:00:00.000000','2019-03-12 00:00:00.000000','Santa María Huatulco','413',20),(1420,'2019-03-11 00:00:00.000000','2019-03-12 00:00:00.000000','Santa María Huazolotitlán','414',20),(1421,'2019-03-11 00:00:00.000000','2019-03-12 00:00:00.000000','Santa María Ipalapa','415',20),(1422,'2019-03-11 00:00:00.000000','2019-03-12 00:00:00.000000','Santa María Ixcatlán','416',20),(1423,'2019-03-11 00:00:00.000000','2019-03-12 00:00:00.000000','Santa María Jacatepec','417',20),(1424,'2019-03-11 00:00:00.000000','2019-03-12 00:00:00.000000','Santa María Jalapa del Marqués','418',20),(1425,'2019-03-11 00:00:00.000000','2019-03-12 00:00:00.000000','Santa María Jaltianguis','419',20),(1426,'2019-03-11 00:00:00.000000','2019-03-12 00:00:00.000000','Santa María Lachixío','420',20),(1427,'2019-03-11 00:00:00.000000','2019-03-12 00:00:00.000000','Santa María Mixtequilla','421',20),(1428,'2019-03-11 00:00:00.000000','2019-03-12 00:00:00.000000','Santa María Nativitas','422',20),(1429,'2019-03-11 00:00:00.000000','2019-03-12 00:00:00.000000','Santa María Nduayaco','423',20),(1430,'2019-03-11 00:00:00.000000','2019-03-12 00:00:00.000000','Santa María Ozolotepec','424',20),(1431,'2019-03-11 00:00:00.000000','2019-03-12 00:00:00.000000','Santa María Pápalo','425',20),(1432,'2019-03-11 00:00:00.000000','2019-03-12 00:00:00.000000','Santa María Peñoles','426',20),(1433,'2019-03-11 00:00:00.000000','2019-03-12 00:00:00.000000','Santa María Petapa','427',20),(1434,'2019-03-11 00:00:00.000000','2019-03-12 00:00:00.000000','Santa María Quiegolani','428',20),(1435,'2019-03-11 00:00:00.000000','2019-03-12 00:00:00.000000','Santa María Sola','429',20),(1436,'2019-03-11 00:00:00.000000','2019-03-12 00:00:00.000000','Santa María Tataltepec','430',20),(1437,'2019-03-11 00:00:00.000000','2019-03-12 00:00:00.000000','Santa María Tecomavaca','431',20),(1438,'2019-03-11 00:00:00.000000','2019-03-12 00:00:00.000000','Santa María Temaxcalapa','432',20),(1439,'2019-03-11 00:00:00.000000','2019-03-12 00:00:00.000000','Santa María Temaxcaltepec','433',20),(1440,'2019-03-11 00:00:00.000000','2019-03-12 00:00:00.000000','Santa María Teopoxco','434',20),(1441,'2019-03-11 00:00:00.000000','2019-03-12 00:00:00.000000','Santa María Tepantlali','435',20),(1442,'2019-03-11 00:00:00.000000','2019-03-12 00:00:00.000000','Santa María Texcatitlán','436',20),(1443,'2019-03-11 00:00:00.000000','2019-03-12 00:00:00.000000','Santa María Tlahuitoltepec','437',20),(1444,'2019-03-11 00:00:00.000000','2019-03-12 00:00:00.000000','Santa María Tlalixtac','438',20),(1445,'2019-03-11 00:00:00.000000','2019-03-12 00:00:00.000000','Santa María Tonameca','439',20),(1446,'2019-03-11 00:00:00.000000','2019-03-12 00:00:00.000000','Santa María Totolapilla','440',20),(1447,'2019-03-11 00:00:00.000000','2019-03-12 00:00:00.000000','Santa María Xadani','441',20),(1448,'2019-03-11 00:00:00.000000','2019-03-12 00:00:00.000000','Santa María Yalina','442',20),(1449,'2019-03-11 00:00:00.000000','2019-03-12 00:00:00.000000','Santa María Yavesía','443',20),(1450,'2019-03-11 00:00:00.000000','2019-03-12 00:00:00.000000','Santa María Yolotepec','444',20),(1451,'2019-03-11 00:00:00.000000','2019-03-12 00:00:00.000000','Santa María Yosoyúa','445',20),(1452,'2019-03-11 00:00:00.000000','2019-03-12 00:00:00.000000','Santa María Yucuhiti','446',20),(1453,'2019-03-11 00:00:00.000000','2019-03-12 00:00:00.000000','Santa María Zacatepec','447',20),(1454,'2019-03-11 00:00:00.000000','2019-03-12 00:00:00.000000','Santa María Zaniza','448',20),(1455,'2019-03-11 00:00:00.000000','2019-03-12 00:00:00.000000','Santa María Zoquitlán','449',20),(1456,'2019-03-11 00:00:00.000000','2019-03-12 00:00:00.000000','Santiago Amoltepec','450',20),(1457,'2019-03-11 00:00:00.000000','2019-03-12 00:00:00.000000','Santiago Apoala','451',20),(1458,'2019-03-11 00:00:00.000000','2019-03-12 00:00:00.000000','Santiago Apóstol','452',20),(1459,'2019-03-11 00:00:00.000000','2019-03-12 00:00:00.000000','Santiago Astata','453',20),(1460,'2019-03-11 00:00:00.000000','2019-03-12 00:00:00.000000','Santiago Atitlán','454',20),(1461,'2019-03-11 00:00:00.000000','2019-03-12 00:00:00.000000','Santiago Ayuquililla','455',20),(1462,'2019-03-11 00:00:00.000000','2019-03-12 00:00:00.000000','Santiago Cacaloxtepec','456',20),(1463,'2019-03-11 00:00:00.000000','2019-03-12 00:00:00.000000','Santiago Camotlán','457',20),(1464,'2019-03-11 00:00:00.000000','2019-03-12 00:00:00.000000','Santiago Comaltepec','458',20),(1465,'2019-03-11 00:00:00.000000','2019-03-12 00:00:00.000000','Santiago Chazumba','459',20),(1466,'2019-03-11 00:00:00.000000','2019-03-12 00:00:00.000000','Santiago Choápam','460',20),(1467,'2019-03-11 00:00:00.000000','2019-03-12 00:00:00.000000','Santiago del Río','461',20),(1468,'2019-03-11 00:00:00.000000','2019-03-12 00:00:00.000000','Santiago Huajolotitlán','462',20),(1469,'2019-03-11 00:00:00.000000','2019-03-12 00:00:00.000000','Santiago Huauclilla','463',20),(1470,'2019-03-11 00:00:00.000000','2019-03-12 00:00:00.000000','Santiago Ihuitlán Plumas','464',20),(1471,'2019-03-11 00:00:00.000000','2019-03-12 00:00:00.000000','Santiago Ixcuintepec','465',20),(1472,'2019-03-11 00:00:00.000000','2019-03-12 00:00:00.000000','Santiago Ixtayutla','466',20),(1473,'2019-03-11 00:00:00.000000','2019-03-12 00:00:00.000000','Santiago Jamiltepec','467',20),(1474,'2019-03-11 00:00:00.000000','2019-03-12 00:00:00.000000','Santiago Jocotepec','468',20),(1475,'2019-03-11 00:00:00.000000','2019-03-12 00:00:00.000000','Santiago Juxtlahuaca','469',20),(1476,'2019-03-11 00:00:00.000000','2019-03-12 00:00:00.000000','Santiago Lachiguiri','470',20),(1477,'2019-03-11 00:00:00.000000','2019-03-12 00:00:00.000000','Santiago Lalopa','471',20),(1478,'2019-03-11 00:00:00.000000','2019-03-12 00:00:00.000000','Santiago Laollaga','472',20),(1479,'2019-03-11 00:00:00.000000','2019-03-12 00:00:00.000000','Santiago Laxopa','473',20),(1480,'2019-03-11 00:00:00.000000','2019-03-12 00:00:00.000000','Santiago Llano Grande','474',20),(1481,'2019-03-11 00:00:00.000000','2019-03-12 00:00:00.000000','Santiago Matatlán','475',20),(1482,'2019-03-11 00:00:00.000000','2019-03-12 00:00:00.000000','Santiago Miltepec','476',20),(1483,'2019-03-11 00:00:00.000000','2019-03-12 00:00:00.000000','Santiago Minas','477',20),(1484,'2019-03-11 00:00:00.000000','2019-03-12 00:00:00.000000','Santiago Nacaltepec','478',20),(1485,'2019-03-11 00:00:00.000000','2019-03-12 00:00:00.000000','Santiago Nejapilla','479',20),(1486,'2019-03-11 00:00:00.000000','2019-03-12 00:00:00.000000','Santiago Nundiche','480',20),(1487,'2019-03-11 00:00:00.000000','2019-03-12 00:00:00.000000','Santiago Nuyoó','481',20),(1488,'2019-03-11 00:00:00.000000','2019-03-12 00:00:00.000000','Santiago Pinotepa Nacional','482',20),(1489,'2019-03-11 00:00:00.000000','2019-03-12 00:00:00.000000','Santiago Suchilquitongo','483',20),(1490,'2019-03-11 00:00:00.000000','2019-03-12 00:00:00.000000','Santiago Tamazola','484',20),(1491,'2019-03-11 00:00:00.000000','2019-03-12 00:00:00.000000','Santiago Tapextla','485',20),(1492,'2019-03-11 00:00:00.000000','2019-03-12 00:00:00.000000','Villa Tejúpam de la Unión','486',20),(1493,'2019-03-11 00:00:00.000000','2019-03-12 00:00:00.000000','Santiago Tenango','487',20),(1494,'2019-03-11 00:00:00.000000','2019-03-12 00:00:00.000000','Santiago Tepetlapa','488',20),(1495,'2019-03-11 00:00:00.000000','2019-03-12 00:00:00.000000','Santiago Tetepec','489',20),(1496,'2019-03-11 00:00:00.000000','2019-03-12 00:00:00.000000','Santiago Texcalcingo','490',20),(1497,'2019-03-11 00:00:00.000000','2019-03-12 00:00:00.000000','Santiago Textitlán','491',20),(1498,'2019-03-11 00:00:00.000000','2019-03-12 00:00:00.000000','Santiago Tilantongo','492',20),(1499,'2019-03-11 00:00:00.000000','2019-03-12 00:00:00.000000','Santiago Tillo','493',20),(1500,'2019-03-11 00:00:00.000000','2019-03-12 00:00:00.000000','Santiago Tlazoyaltepec','494',20),(1501,'2019-03-11 00:00:00.000000','2019-03-12 00:00:00.000000','Santiago Xanica','495',20),(1502,'2019-03-11 00:00:00.000000','2019-03-12 00:00:00.000000','Santiago Xiacuí','496',20),(1503,'2019-03-11 00:00:00.000000','2019-03-12 00:00:00.000000','Santiago Yaitepec','497',20),(1504,'2019-03-11 00:00:00.000000','2019-03-12 00:00:00.000000','Santiago Yaveo','498',20),(1505,'2019-03-11 00:00:00.000000','2019-03-12 00:00:00.000000','Santiago Yolomécatl','499',20),(1506,'2019-03-11 00:00:00.000000','2019-03-12 00:00:00.000000','Santiago Yosondúa','500',20),(1507,'2019-03-11 00:00:00.000000','2019-03-12 00:00:00.000000','Santiago Yucuyachi','501',20),(1508,'2019-03-11 00:00:00.000000','2019-03-12 00:00:00.000000','Santiago Zacatepec','502',20),(1509,'2019-03-11 00:00:00.000000','2019-03-12 00:00:00.000000','Santiago Zoochila','503',20),(1510,'2019-03-11 00:00:00.000000','2019-03-12 00:00:00.000000','Nuevo Zoquiápam','504',20),(1511,'2019-03-11 00:00:00.000000','2019-03-12 00:00:00.000000','Santo Domingo Ingenio','505',20),(1512,'2019-03-11 00:00:00.000000','2019-03-12 00:00:00.000000','Santo Domingo Albarradas','506',20),(1513,'2019-03-11 00:00:00.000000','2019-03-12 00:00:00.000000','Santo Domingo Armenta','507',20),(1514,'2019-03-11 00:00:00.000000','2019-03-12 00:00:00.000000','Santo Domingo Chihuitán','508',20),(1515,'2019-03-11 00:00:00.000000','2019-03-12 00:00:00.000000','Santo Domingo de Morelos','509',20),(1516,'2019-03-11 00:00:00.000000','2019-03-12 00:00:00.000000','Santo Domingo Ixcatlán','510',20),(1517,'2019-03-11 00:00:00.000000','2019-03-12 00:00:00.000000','Santo Domingo Nuxaá','511',20),(1518,'2019-03-11 00:00:00.000000','2019-03-12 00:00:00.000000','Santo Domingo Ozolotepec','512',20),(1519,'2019-03-11 00:00:00.000000','2019-03-12 00:00:00.000000','Santo Domingo Petapa','513',20),(1520,'2019-03-11 00:00:00.000000','2019-03-12 00:00:00.000000','Santo Domingo Roayaga','514',20),(1521,'2019-03-11 00:00:00.000000','2019-03-12 00:00:00.000000','Santo Domingo Tehuantepec','515',20),(1522,'2019-03-11 00:00:00.000000','2019-03-12 00:00:00.000000','Santo Domingo Teojomulco','516',20),(1523,'2019-03-11 00:00:00.000000','2019-03-12 00:00:00.000000','Santo Domingo Tepuxtepec','517',20),(1524,'2019-03-11 00:00:00.000000','2019-03-12 00:00:00.000000','Santo Domingo Tlatayápam','518',20),(1525,'2019-03-11 00:00:00.000000','2019-03-12 00:00:00.000000','Santo Domingo Tomaltepec','519',20),(1526,'2019-03-11 00:00:00.000000','2019-03-12 00:00:00.000000','Santo Domingo Tonalá','520',20),(1527,'2019-03-11 00:00:00.000000','2019-03-12 00:00:00.000000','Santo Domingo Tonaltepec','521',20),(1528,'2019-03-11 00:00:00.000000','2019-03-12 00:00:00.000000','Santo Domingo Xagacía','522',20),(1529,'2019-03-11 00:00:00.000000','2019-03-12 00:00:00.000000','Santo Domingo Yanhuitlán','523',20),(1530,'2019-03-11 00:00:00.000000','2019-03-12 00:00:00.000000','Santo Domingo Yodohino','524',20),(1531,'2019-03-11 00:00:00.000000','2019-03-12 00:00:00.000000','Santo Domingo Zanatepec','525',20),(1532,'2019-03-11 00:00:00.000000','2019-03-12 00:00:00.000000','Santos Reyes Nopala','526',20),(1533,'2019-03-11 00:00:00.000000','2019-03-12 00:00:00.000000','Santos Reyes Pápalo','527',20),(1534,'2019-03-11 00:00:00.000000','2019-03-12 00:00:00.000000','Santos Reyes Tepejillo','528',20),(1535,'2019-03-11 00:00:00.000000','2019-03-12 00:00:00.000000','Santos Reyes Yucuná','529',20),(1536,'2019-03-11 00:00:00.000000','2019-03-12 00:00:00.000000','Santo Tomás Jalieza','530',20),(1537,'2019-03-11 00:00:00.000000','2019-03-12 00:00:00.000000','Santo Tomás Mazaltepec','531',20),(1538,'2019-03-11 00:00:00.000000','2019-03-12 00:00:00.000000','Santo Tomás Ocotepec','532',20),(1539,'2019-03-11 00:00:00.000000','2019-03-12 00:00:00.000000','Santo Tomás Tamazulapan','533',20),(1540,'2019-03-11 00:00:00.000000','2019-03-12 00:00:00.000000','San Vicente Coatlán','534',20),(1541,'2019-03-11 00:00:00.000000','2019-03-12 00:00:00.000000','San Vicente Lachixío','535',20),(1542,'2019-03-11 00:00:00.000000','2019-03-12 00:00:00.000000','San Vicente Nuñú','536',20),(1543,'2019-03-11 00:00:00.000000','2019-03-12 00:00:00.000000','Silacayoápam','537',20),(1544,'2019-03-11 00:00:00.000000','2019-03-12 00:00:00.000000','Sitio de Xitlapehua','538',20),(1545,'2019-03-11 00:00:00.000000','2019-03-12 00:00:00.000000','Soledad Etla','539',20),(1546,'2019-03-11 00:00:00.000000','2019-03-12 00:00:00.000000','Villa de Tamazulápam del Progreso','540',20),(1547,'2019-03-11 00:00:00.000000','2019-03-12 00:00:00.000000','Tanetze de Zaragoza','541',20),(1548,'2019-03-11 00:00:00.000000','2019-03-12 00:00:00.000000','Taniche','542',20),(1549,'2019-03-11 00:00:00.000000','2019-03-12 00:00:00.000000','Tataltepec de Valdés','543',20),(1550,'2019-03-11 00:00:00.000000','2019-03-12 00:00:00.000000','Teococuilco de Marcos Pérez','544',20),(1551,'2019-03-11 00:00:00.000000','2019-03-12 00:00:00.000000','Teotitlán de Flores Magón','545',20),(1552,'2019-03-11 00:00:00.000000','2019-03-12 00:00:00.000000','Teotitlán del Valle','546',20),(1553,'2019-03-11 00:00:00.000000','2019-03-12 00:00:00.000000','Teotongo','547',20),(1554,'2019-03-11 00:00:00.000000','2019-03-12 00:00:00.000000','Tepelmeme Villa de Morelos','548',20),(1555,'2019-03-11 00:00:00.000000','2019-03-12 00:00:00.000000','Heroica Villa Tezoatlán de Segura y Luna, Cuna de la Independencia de Oaxaca','549',20),(1556,'2019-03-11 00:00:00.000000','2019-03-12 00:00:00.000000','San Jerónimo Tlacochahuaya','550',20),(1557,'2019-03-11 00:00:00.000000','2019-03-12 00:00:00.000000','Tlacolula de Matamoros','551',20),(1558,'2019-03-11 00:00:00.000000','2019-03-12 00:00:00.000000','Tlacotepec Plumas','552',20),(1559,'2019-03-11 00:00:00.000000','2019-03-12 00:00:00.000000','Tlalixtac de Cabrera','553',20),(1560,'2019-03-11 00:00:00.000000','2019-03-12 00:00:00.000000','Totontepec Villa de Morelos','554',20),(1561,'2019-03-11 00:00:00.000000','2019-03-12 00:00:00.000000','Trinidad Zaachila','555',20),(1562,'2019-03-11 00:00:00.000000','2019-03-12 00:00:00.000000','La Trinidad Vista Hermosa','556',20),(1563,'2019-03-11 00:00:00.000000','2019-03-12 00:00:00.000000','Unión Hidalgo','557',20),(1564,'2019-03-11 00:00:00.000000','2019-03-12 00:00:00.000000','Valerio Trujano','558',20),(1565,'2019-03-11 00:00:00.000000','2019-03-12 00:00:00.000000','San Juan Bautista Valle Nacional','559',20),(1566,'2019-03-11 00:00:00.000000','2019-03-12 00:00:00.000000','Villa Díaz Ordaz','560',20),(1567,'2019-03-11 00:00:00.000000','2019-03-12 00:00:00.000000','Yaxe','561',20),(1568,'2019-03-11 00:00:00.000000','2019-03-12 00:00:00.000000','Magdalena Yodocono de Porfirio Díaz','562',20),(1569,'2019-03-11 00:00:00.000000','2019-03-12 00:00:00.000000','Yogana','563',20),(1570,'2019-03-11 00:00:00.000000','2019-03-12 00:00:00.000000','Yutanduchi de Guerrero','564',20),(1571,'2019-03-11 00:00:00.000000','2019-03-12 00:00:00.000000','Villa de Zaachila','565',20),(1572,'2019-03-11 00:00:00.000000','2019-03-12 00:00:00.000000','San Mateo Yucutindoo','566',20),(1573,'2019-03-11 00:00:00.000000','2019-03-12 00:00:00.000000','Zapotitlán Lagunas','567',20),(1574,'2019-03-11 00:00:00.000000','2019-03-12 00:00:00.000000','Zapotitlán Palmas','568',20),(1575,'2019-03-11 00:00:00.000000','2019-03-12 00:00:00.000000','Santa Inés de Zaragoza','569',20),(1576,'2019-03-11 00:00:00.000000','2019-03-12 00:00:00.000000','Zimatlán de Álvarez','570',20),(1577,'2019-03-11 00:00:00.000000','2019-03-12 00:00:00.000000','Acajete','001',21),(1578,'2019-03-11 00:00:00.000000','2019-03-12 00:00:00.000000','Acateno','002',21),(1579,'2019-03-11 00:00:00.000000','2019-03-12 00:00:00.000000','Acatlán','003',21),(1580,'2019-03-11 00:00:00.000000','2019-03-12 00:00:00.000000','Acatzingo','004',21),(1581,'2019-03-11 00:00:00.000000','2019-03-12 00:00:00.000000','Acteopan','005',21),(1582,'2019-03-11 00:00:00.000000','2019-03-12 00:00:00.000000','Ahuacatlán','006',21),(1583,'2019-03-11 00:00:00.000000','2019-03-12 00:00:00.000000','Ahuatlán','007',21),(1584,'2019-03-11 00:00:00.000000','2019-03-12 00:00:00.000000','Ahuazotepec','008',21),(1585,'2019-03-11 00:00:00.000000','2019-03-12 00:00:00.000000','Ahuehuetitla','009',21),(1586,'2019-03-11 00:00:00.000000','2019-03-12 00:00:00.000000','Ajalpan','010',21),(1587,'2019-03-11 00:00:00.000000','2019-03-12 00:00:00.000000','Albino Zertuche','011',21),(1588,'2019-03-11 00:00:00.000000','2019-03-12 00:00:00.000000','Aljojuca','012',21),(1589,'2019-03-11 00:00:00.000000','2019-03-12 00:00:00.000000','Altepexi','013',21),(1590,'2019-03-11 00:00:00.000000','2019-03-12 00:00:00.000000','Amixtlán','014',21),(1591,'2019-03-11 00:00:00.000000','2019-03-12 00:00:00.000000','Amozoc','015',21),(1592,'2019-03-11 00:00:00.000000','2019-03-12 00:00:00.000000','Aquixtla','016',21),(1593,'2019-03-11 00:00:00.000000','2019-03-12 00:00:00.000000','Atempan','017',21),(1594,'2019-03-11 00:00:00.000000','2019-03-12 00:00:00.000000','Atexcal','018',21),(1595,'2019-03-11 00:00:00.000000','2019-03-12 00:00:00.000000','Atlixco','019',21),(1596,'2019-03-11 00:00:00.000000','2019-03-12 00:00:00.000000','Atoyatempan','020',21),(1597,'2019-03-11 00:00:00.000000','2019-03-12 00:00:00.000000','Atzala','021',21),(1598,'2019-03-11 00:00:00.000000','2019-03-12 00:00:00.000000','Atzitzihuacán','022',21),(1599,'2019-03-11 00:00:00.000000','2019-03-12 00:00:00.000000','Atzitzintla','023',21),(1600,'2019-03-11 00:00:00.000000','2019-03-12 00:00:00.000000','Axutla','024',21),(1601,'2019-03-11 00:00:00.000000','2019-03-12 00:00:00.000000','Ayotoxco de Guerrero','025',21),(1602,'2019-03-11 00:00:00.000000','2019-03-12 00:00:00.000000','Calpan','026',21),(1603,'2019-03-11 00:00:00.000000','2019-03-12 00:00:00.000000','Caltepec','027',21),(1604,'2019-03-11 00:00:00.000000','2019-03-12 00:00:00.000000','Camocuautla','028',21),(1605,'2019-03-11 00:00:00.000000','2019-03-12 00:00:00.000000','Caxhuacan','029',21),(1606,'2019-03-11 00:00:00.000000','2019-03-12 00:00:00.000000','Coatepec','030',21),(1607,'2019-03-11 00:00:00.000000','2019-03-12 00:00:00.000000','Coatzingo','031',21),(1608,'2019-03-11 00:00:00.000000','2019-03-12 00:00:00.000000','Cohetzala','032',21),(1609,'2019-03-11 00:00:00.000000','2019-03-12 00:00:00.000000','Cohuecan','033',21),(1610,'2019-03-11 00:00:00.000000','2019-03-12 00:00:00.000000','Coronango','034',21),(1611,'2019-03-11 00:00:00.000000','2019-03-12 00:00:00.000000','Coxcatlán','035',21),(1612,'2019-03-11 00:00:00.000000','2019-03-12 00:00:00.000000','Coyomeapan','036',21),(1613,'2019-03-11 00:00:00.000000','2019-03-12 00:00:00.000000','Coyotepec','037',21),(1614,'2019-03-11 00:00:00.000000','2019-03-12 00:00:00.000000','Cuapiaxtla de Madero','038',21),(1615,'2019-03-11 00:00:00.000000','2019-03-12 00:00:00.000000','Cuautempan','039',21),(1616,'2019-03-11 00:00:00.000000','2019-03-12 00:00:00.000000','Cuautinchán','040',21),(1617,'2019-03-11 00:00:00.000000','2019-03-12 00:00:00.000000','Cuautlancingo','041',21),(1618,'2019-03-11 00:00:00.000000','2019-03-12 00:00:00.000000','Cuayuca de Andrade','042',21),(1619,'2019-03-11 00:00:00.000000','2019-03-12 00:00:00.000000','Cuetzalan del Progreso','043',21),(1620,'2019-03-11 00:00:00.000000','2019-03-12 00:00:00.000000','Cuyoaco','044',21),(1621,'2019-03-11 00:00:00.000000','2019-03-12 00:00:00.000000','Chalchicomula de Sesma','045',21),(1622,'2019-03-11 00:00:00.000000','2019-03-12 00:00:00.000000','Chapulco','046',21),(1623,'2019-03-11 00:00:00.000000','2019-03-12 00:00:00.000000','Chiautla','047',21),(1624,'2019-03-11 00:00:00.000000','2019-03-12 00:00:00.000000','Chiautzingo','048',21),(1625,'2019-03-11 00:00:00.000000','2019-03-12 00:00:00.000000','Chiconcuautla','049',21),(1626,'2019-03-11 00:00:00.000000','2019-03-12 00:00:00.000000','Chichiquila','050',21),(1627,'2019-03-11 00:00:00.000000','2019-03-12 00:00:00.000000','Chietla','051',21),(1628,'2019-03-11 00:00:00.000000','2019-03-12 00:00:00.000000','Chigmecatitlán','052',21),(1629,'2019-03-11 00:00:00.000000','2019-03-12 00:00:00.000000','Chignahuapan','053',21),(1630,'2019-03-11 00:00:00.000000','2019-03-12 00:00:00.000000','Chignautla','054',21),(1631,'2019-03-11 00:00:00.000000','2019-03-12 00:00:00.000000','Chila','055',21),(1632,'2019-03-11 00:00:00.000000','2019-03-12 00:00:00.000000','Chila de la Sal','056',21),(1633,'2019-03-11 00:00:00.000000','2019-03-12 00:00:00.000000','Honey','057',21),(1634,'2019-03-11 00:00:00.000000','2019-03-12 00:00:00.000000','Chilchotla','058',21),(1635,'2019-03-11 00:00:00.000000','2019-03-12 00:00:00.000000','Chinantla','059',21),(1636,'2019-03-11 00:00:00.000000','2019-03-12 00:00:00.000000','Domingo Arenas','060',21),(1637,'2019-03-11 00:00:00.000000','2019-03-12 00:00:00.000000','Eloxochitlán','061',21),(1638,'2019-03-11 00:00:00.000000','2019-03-12 00:00:00.000000','Epatlán','062',21),(1639,'2019-03-11 00:00:00.000000','2019-03-12 00:00:00.000000','Esperanza','063',21),(1640,'2019-03-11 00:00:00.000000','2019-03-12 00:00:00.000000','Francisco Z. Mena','064',21),(1641,'2019-03-11 00:00:00.000000','2019-03-12 00:00:00.000000','General Felipe Ángeles','065',21),(1642,'2019-03-11 00:00:00.000000','2019-03-12 00:00:00.000000','Guadalupe','066',21),(1643,'2019-03-11 00:00:00.000000','2019-03-12 00:00:00.000000','Guadalupe Victoria','067',21),(1644,'2019-03-11 00:00:00.000000','2019-03-12 00:00:00.000000','Hermenegildo Galeana','068',21),(1645,'2019-03-11 00:00:00.000000','2019-03-12 00:00:00.000000','Huaquechula','069',21),(1646,'2019-03-11 00:00:00.000000','2019-03-12 00:00:00.000000','Huatlatlauca','070',21),(1647,'2019-03-11 00:00:00.000000','2019-03-12 00:00:00.000000','Huauchinango','071',21),(1648,'2019-03-11 00:00:00.000000','2019-03-12 00:00:00.000000','Huehuetla','072',21),(1649,'2019-03-11 00:00:00.000000','2019-03-12 00:00:00.000000','Huehuetlán el Chico','073',21),(1650,'2019-03-11 00:00:00.000000','2019-03-12 00:00:00.000000','Huejotzingo','074',21),(1651,'2019-03-11 00:00:00.000000','2019-03-12 00:00:00.000000','Hueyapan','075',21),(1652,'2019-03-11 00:00:00.000000','2019-03-12 00:00:00.000000','Hueytamalco','076',21),(1653,'2019-03-11 00:00:00.000000','2019-03-12 00:00:00.000000','Hueytlalpan','077',21),(1654,'2019-03-11 00:00:00.000000','2019-03-12 00:00:00.000000','Huitzilan de Serdán','078',21),(1655,'2019-03-11 00:00:00.000000','2019-03-12 00:00:00.000000','Huitziltepec','079',21),(1656,'2019-03-11 00:00:00.000000','2019-03-12 00:00:00.000000','Atlequizayan','080',21),(1657,'2019-03-11 00:00:00.000000','2019-03-12 00:00:00.000000','Ixcamilpa de Guerrero','081',21),(1658,'2019-03-11 00:00:00.000000','2019-03-12 00:00:00.000000','Ixcaquixtla','082',21),(1659,'2019-03-11 00:00:00.000000','2019-03-12 00:00:00.000000','Ixtacamaxtitlán','083',21),(1660,'2019-03-11 00:00:00.000000','2019-03-12 00:00:00.000000','Ixtepec','084',21),(1661,'2019-03-11 00:00:00.000000','2019-03-12 00:00:00.000000','Izúcar de Matamoros','085',21),(1662,'2019-03-11 00:00:00.000000','2019-03-12 00:00:00.000000','Jalpan','086',21),(1663,'2019-03-11 00:00:00.000000','2019-03-12 00:00:00.000000','Jolalpan','087',21),(1664,'2019-03-11 00:00:00.000000','2019-03-12 00:00:00.000000','Jonotla','088',21),(1665,'2019-03-11 00:00:00.000000','2019-03-12 00:00:00.000000','Jopala','089',21),(1666,'2019-03-11 00:00:00.000000','2019-03-12 00:00:00.000000','Juan C. Bonilla','090',21),(1667,'2019-03-11 00:00:00.000000','2019-03-12 00:00:00.000000','Juan Galindo','091',21),(1668,'2019-03-11 00:00:00.000000','2019-03-12 00:00:00.000000','Juan N. Méndez','092',21),(1669,'2019-03-11 00:00:00.000000','2019-03-12 00:00:00.000000','Lafragua','093',21),(1670,'2019-03-11 00:00:00.000000','2019-03-12 00:00:00.000000','Libres','094',21),(1671,'2019-03-11 00:00:00.000000','2019-03-12 00:00:00.000000','La Magdalena Tlatlauquitepec','095',21),(1672,'2019-03-11 00:00:00.000000','2019-03-12 00:00:00.000000','Mazapiltepec de Juárez','096',21),(1673,'2019-03-11 00:00:00.000000','2019-03-12 00:00:00.000000','Mixtla','097',21),(1674,'2019-03-11 00:00:00.000000','2019-03-12 00:00:00.000000','Molcaxac','098',21),(1675,'2019-03-11 00:00:00.000000','2019-03-12 00:00:00.000000','Cañada Morelos','099',21),(1676,'2019-03-11 00:00:00.000000','2019-03-12 00:00:00.000000','Naupan','100',21),(1677,'2019-03-11 00:00:00.000000','2019-03-12 00:00:00.000000','Nauzontla','101',21),(1678,'2019-03-11 00:00:00.000000','2019-03-12 00:00:00.000000','Nealtican','102',21),(1679,'2019-03-11 00:00:00.000000','2019-03-12 00:00:00.000000','Nicolás Bravo','103',21),(1680,'2019-03-11 00:00:00.000000','2019-03-12 00:00:00.000000','Nopalucan','104',21),(1681,'2019-03-11 00:00:00.000000','2019-03-12 00:00:00.000000','Ocotepec','105',21),(1682,'2019-03-11 00:00:00.000000','2019-03-12 00:00:00.000000','Ocoyucan','106',21),(1683,'2019-03-11 00:00:00.000000','2019-03-12 00:00:00.000000','Olintla','107',21),(1684,'2019-03-11 00:00:00.000000','2019-03-12 00:00:00.000000','Oriental','108',21),(1685,'2019-03-11 00:00:00.000000','2019-03-12 00:00:00.000000','Pahuatlán','109',21),(1686,'2019-03-11 00:00:00.000000','2019-03-12 00:00:00.000000','Palmar de Bravo','110',21),(1687,'2019-03-11 00:00:00.000000','2019-03-12 00:00:00.000000','Pantepec','111',21),(1688,'2019-03-11 00:00:00.000000','2019-03-12 00:00:00.000000','Petlalcingo','112',21),(1689,'2019-03-11 00:00:00.000000','2019-03-12 00:00:00.000000','Piaxtla','113',21),(1690,'2019-03-11 00:00:00.000000','2019-03-12 00:00:00.000000','Puebla','114',21),(1691,'2019-03-11 00:00:00.000000','2019-03-12 00:00:00.000000','Quecholac','115',21),(1692,'2019-03-11 00:00:00.000000','2019-03-12 00:00:00.000000','Quimixtlán','116',21),(1693,'2019-03-11 00:00:00.000000','2019-03-12 00:00:00.000000','Rafael Lara Grajales','117',21),(1694,'2019-03-11 00:00:00.000000','2019-03-12 00:00:00.000000','Los Reyes de Juárez','118',21),(1695,'2019-03-11 00:00:00.000000','2019-03-12 00:00:00.000000','San Andrés Cholula','119',21),(1696,'2019-03-11 00:00:00.000000','2019-03-12 00:00:00.000000','San Antonio Cañada','120',21),(1697,'2019-03-11 00:00:00.000000','2019-03-12 00:00:00.000000','San Diego la Mesa Tochimiltzingo','121',21),(1698,'2019-03-11 00:00:00.000000','2019-03-12 00:00:00.000000','San Felipe Teotlalcingo','122',21),(1699,'2019-03-11 00:00:00.000000','2019-03-12 00:00:00.000000','San Felipe Tepatlán','123',21),(1700,'2019-03-11 00:00:00.000000','2019-03-12 00:00:00.000000','San Gabriel Chilac','124',21),(1701,'2019-03-11 00:00:00.000000','2019-03-12 00:00:00.000000','San Gregorio Atzompa','125',21),(1702,'2019-03-11 00:00:00.000000','2019-03-12 00:00:00.000000','San Jerónimo Tecuanipan','126',21),(1703,'2019-03-11 00:00:00.000000','2019-03-12 00:00:00.000000','San Jerónimo Xayacatlán','127',21),(1704,'2019-03-11 00:00:00.000000','2019-03-12 00:00:00.000000','San José Chiapa','128',21),(1705,'2019-03-11 00:00:00.000000','2019-03-12 00:00:00.000000','San José Miahuatlán','129',21),(1706,'2019-03-11 00:00:00.000000','2019-03-12 00:00:00.000000','San Juan Atenco','130',21),(1707,'2019-03-11 00:00:00.000000','2019-03-12 00:00:00.000000','San Juan Atzompa','131',21),(1708,'2019-03-11 00:00:00.000000','2019-03-12 00:00:00.000000','San Martín Texmelucan','132',21),(1709,'2019-03-11 00:00:00.000000','2019-03-12 00:00:00.000000','San Martín Totoltepec','133',21),(1710,'2019-03-11 00:00:00.000000','2019-03-12 00:00:00.000000','San Matías Tlalancaleca','134',21),(1711,'2019-03-11 00:00:00.000000','2019-03-12 00:00:00.000000','San Miguel Ixitlán','135',21),(1712,'2019-03-11 00:00:00.000000','2019-03-12 00:00:00.000000','San Miguel Xoxtla','136',21),(1713,'2019-03-11 00:00:00.000000','2019-03-12 00:00:00.000000','San Nicolás Buenos Aires','137',21),(1714,'2019-03-11 00:00:00.000000','2019-03-12 00:00:00.000000','San Nicolás de los Ranchos','138',21),(1715,'2019-03-11 00:00:00.000000','2019-03-12 00:00:00.000000','San Pablo Anicano','139',21),(1716,'2019-03-11 00:00:00.000000','2019-03-12 00:00:00.000000','San Pedro Cholula','140',21),(1717,'2019-03-11 00:00:00.000000','2019-03-12 00:00:00.000000','San Pedro Yeloixtlahuaca','141',21),(1718,'2019-03-11 00:00:00.000000','2019-03-12 00:00:00.000000','San Salvador el Seco','142',21),(1719,'2019-03-11 00:00:00.000000','2019-03-12 00:00:00.000000','San Salvador el Verde','143',21),(1720,'2019-03-11 00:00:00.000000','2019-03-12 00:00:00.000000','San Salvador Huixcolotla','144',21),(1721,'2019-03-11 00:00:00.000000','2019-03-12 00:00:00.000000','San Sebastián Tlacotepec','145',21),(1722,'2019-03-11 00:00:00.000000','2019-03-12 00:00:00.000000','Santa Catarina Tlaltempan','146',21),(1723,'2019-03-11 00:00:00.000000','2019-03-12 00:00:00.000000','Santa Inés Ahuatempan','147',21),(1724,'2019-03-11 00:00:00.000000','2019-03-12 00:00:00.000000','Santa Isabel Cholula','148',21),(1725,'2019-03-11 00:00:00.000000','2019-03-12 00:00:00.000000','Santiago Miahuatlán','149',21),(1726,'2019-03-11 00:00:00.000000','2019-03-12 00:00:00.000000','Huehuetlán el Grande','150',21),(1727,'2019-03-11 00:00:00.000000','2019-03-12 00:00:00.000000','Santo Tomás Hueyotlipan','151',21),(1728,'2019-03-11 00:00:00.000000','2019-03-12 00:00:00.000000','Soltepec','152',21),(1729,'2019-03-11 00:00:00.000000','2019-03-12 00:00:00.000000','Tecali de Herrera','153',21),(1730,'2019-03-11 00:00:00.000000','2019-03-12 00:00:00.000000','Tecamachalco','154',21),(1731,'2019-03-11 00:00:00.000000','2019-03-12 00:00:00.000000','Tecomatlán','155',21),(1732,'2019-03-11 00:00:00.000000','2019-03-12 00:00:00.000000','Tehuacán','156',21),(1733,'2019-03-11 00:00:00.000000','2019-03-12 00:00:00.000000','Tehuitzingo','157',21),(1734,'2019-03-11 00:00:00.000000','2019-03-12 00:00:00.000000','Tenampulco','158',21),(1735,'2019-03-11 00:00:00.000000','2019-03-12 00:00:00.000000','Teopantlán','159',21),(1736,'2019-03-11 00:00:00.000000','2019-03-12 00:00:00.000000','Teotlalco','160',21),(1737,'2019-03-11 00:00:00.000000','2019-03-12 00:00:00.000000','Tepanco de López','161',21),(1738,'2019-03-11 00:00:00.000000','2019-03-12 00:00:00.000000','Tepango de Rodríguez','162',21),(1739,'2019-03-11 00:00:00.000000','2019-03-12 00:00:00.000000','Tepatlaxco de Hidalgo','163',21),(1740,'2019-03-11 00:00:00.000000','2019-03-12 00:00:00.000000','Tepeaca','164',21),(1741,'2019-03-11 00:00:00.000000','2019-03-12 00:00:00.000000','Tepemaxalco','165',21),(1742,'2019-03-11 00:00:00.000000','2019-03-12 00:00:00.000000','Tepeojuma','166',21),(1743,'2019-03-11 00:00:00.000000','2019-03-12 00:00:00.000000','Tepetzintla','167',21),(1744,'2019-03-11 00:00:00.000000','2019-03-12 00:00:00.000000','Tepexco','168',21),(1745,'2019-03-11 00:00:00.000000','2019-03-12 00:00:00.000000','Tepexi de Rodríguez','169',21),(1746,'2019-03-11 00:00:00.000000','2019-03-12 00:00:00.000000','Tepeyahualco','170',21),(1747,'2019-03-11 00:00:00.000000','2019-03-12 00:00:00.000000','Tepeyahualco de Cuauhtémoc','171',21),(1748,'2019-03-11 00:00:00.000000','2019-03-12 00:00:00.000000','Tetela de Ocampo','172',21),(1749,'2019-03-11 00:00:00.000000','2019-03-12 00:00:00.000000','Teteles de Avila Castillo','173',21),(1750,'2019-03-11 00:00:00.000000','2019-03-12 00:00:00.000000','Teziutlán','174',21),(1751,'2019-03-11 00:00:00.000000','2019-03-12 00:00:00.000000','Tianguismanalco','175',21),(1752,'2019-03-11 00:00:00.000000','2019-03-12 00:00:00.000000','Tilapa','176',21),(1753,'2019-03-11 00:00:00.000000','2019-03-12 00:00:00.000000','Tlacotepec de Benito Juárez','177',21),(1754,'2019-03-11 00:00:00.000000','2019-03-12 00:00:00.000000','Tlacuilotepec','178',21),(1755,'2019-03-11 00:00:00.000000','2019-03-12 00:00:00.000000','Tlachichuca','179',21),(1756,'2019-03-11 00:00:00.000000','2019-03-12 00:00:00.000000','Tlahuapan','180',21),(1757,'2019-03-11 00:00:00.000000','2019-03-12 00:00:00.000000','Tlaltenango','181',21),(1758,'2019-03-11 00:00:00.000000','2019-03-12 00:00:00.000000','Tlanepantla','182',21),(1759,'2019-03-11 00:00:00.000000','2019-03-12 00:00:00.000000','Tlaola','183',21),(1760,'2019-03-11 00:00:00.000000','2019-03-12 00:00:00.000000','Tlapacoya','184',21),(1761,'2019-03-11 00:00:00.000000','2019-03-12 00:00:00.000000','Tlapanalá','185',21),(1762,'2019-03-11 00:00:00.000000','2019-03-12 00:00:00.000000','Tlatlauquitepec','186',21),(1763,'2019-03-11 00:00:00.000000','2019-03-12 00:00:00.000000','Tlaxco','187',21),(1764,'2019-03-11 00:00:00.000000','2019-03-12 00:00:00.000000','Tochimilco','188',21),(1765,'2019-03-11 00:00:00.000000','2019-03-12 00:00:00.000000','Tochtepec','189',21),(1766,'2019-03-11 00:00:00.000000','2019-03-12 00:00:00.000000','Totoltepec de Guerrero','190',21),(1767,'2019-03-11 00:00:00.000000','2019-03-12 00:00:00.000000','Tulcingo','191',21),(1768,'2019-03-11 00:00:00.000000','2019-03-12 00:00:00.000000','Tuzamapan de Galeana','192',21),(1769,'2019-03-11 00:00:00.000000','2019-03-12 00:00:00.000000','Tzicatlacoyan','193',21),(1770,'2019-03-11 00:00:00.000000','2019-03-12 00:00:00.000000','Venustiano Carranza','194',21),(1771,'2019-03-11 00:00:00.000000','2019-03-12 00:00:00.000000','Vicente Guerrero','195',21),(1772,'2019-03-11 00:00:00.000000','2019-03-12 00:00:00.000000','Xayacatlán de Bravo','196',21),(1773,'2019-03-11 00:00:00.000000','2019-03-12 00:00:00.000000','Xicotepec','197',21),(1774,'2019-03-11 00:00:00.000000','2019-03-12 00:00:00.000000','Xicotlán','198',21),(1775,'2019-03-11 00:00:00.000000','2019-03-12 00:00:00.000000','Xiutetelco','199',21),(1776,'2019-03-11 00:00:00.000000','2019-03-12 00:00:00.000000','Xochiapulco','200',21),(1777,'2019-03-11 00:00:00.000000','2019-03-12 00:00:00.000000','Xochiltepec','201',21),(1778,'2019-03-11 00:00:00.000000','2019-03-12 00:00:00.000000','Xochitlán de Vicente Suárez','202',21),(1779,'2019-03-11 00:00:00.000000','2019-03-12 00:00:00.000000','Xochitlán Todos Santos','203',21),(1780,'2019-03-11 00:00:00.000000','2019-03-12 00:00:00.000000','Yaonáhuac','204',21),(1781,'2019-03-11 00:00:00.000000','2019-03-12 00:00:00.000000','Yehualtepec','205',21),(1782,'2019-03-11 00:00:00.000000','2019-03-12 00:00:00.000000','Zacapala','206',21),(1783,'2019-03-11 00:00:00.000000','2019-03-12 00:00:00.000000','Zacapoaxtla','207',21),(1784,'2019-03-11 00:00:00.000000','2019-03-12 00:00:00.000000','Zacatlán','208',21),(1785,'2019-03-11 00:00:00.000000','2019-03-12 00:00:00.000000','Zapotitlán','209',21),(1786,'2019-03-11 00:00:00.000000','2019-03-12 00:00:00.000000','Zapotitlán de Méndez','210',21),(1787,'2019-03-11 00:00:00.000000','2019-03-12 00:00:00.000000','Zaragoza','211',21),(1788,'2019-03-11 00:00:00.000000','2019-03-12 00:00:00.000000','Zautla','212',21),(1789,'2019-03-11 00:00:00.000000','2019-03-12 00:00:00.000000','Zihuateutla','213',21),(1790,'2019-03-11 00:00:00.000000','2019-03-12 00:00:00.000000','Zinacatepec','214',21),(1791,'2019-03-11 00:00:00.000000','2019-03-12 00:00:00.000000','Zongozotla','215',21),(1792,'2019-03-11 00:00:00.000000','2019-03-12 00:00:00.000000','Zoquiapan','216',21),(1793,'2019-03-11 00:00:00.000000','2019-03-12 00:00:00.000000','Zoquitlán','217',21),(1794,'2019-03-11 00:00:00.000000','2019-03-12 00:00:00.000000','Amealco de Bonfil','001',22),(1795,'2019-03-11 00:00:00.000000','2019-03-12 00:00:00.000000','Pinal de Amoles','002',22),(1796,'2019-03-11 00:00:00.000000','2019-03-12 00:00:00.000000','Arroyo Seco','003',22),(1797,'2019-03-11 00:00:00.000000','2019-03-12 00:00:00.000000','Cadereyta de Montes','004',22),(1798,'2019-03-11 00:00:00.000000','2019-03-12 00:00:00.000000','Colón','005',22),(1799,'2019-03-11 00:00:00.000000','2019-03-12 00:00:00.000000','Corregidora','006',22),(1800,'2019-03-11 00:00:00.000000','2019-03-12 00:00:00.000000','Ezequiel Montes','007',22),(1801,'2019-03-11 00:00:00.000000','2019-03-12 00:00:00.000000','Huimilpan','008',22),(1802,'2019-03-11 00:00:00.000000','2019-03-12 00:00:00.000000','Jalpan de Serra','009',22),(1803,'2019-03-11 00:00:00.000000','2019-03-12 00:00:00.000000','Landa de Matamoros','010',22),(1804,'2019-03-11 00:00:00.000000','2019-03-12 00:00:00.000000','El Marqués','011',22),(1805,'2019-03-11 00:00:00.000000','2019-03-12 00:00:00.000000','Pedro Escobedo','012',22),(1806,'2019-03-11 00:00:00.000000','2019-03-12 00:00:00.000000','Peñamiller','013',22),(1807,'2019-03-11 00:00:00.000000','2019-03-12 00:00:00.000000','Querétaro','014',22),(1808,'2019-03-11 00:00:00.000000','2019-03-12 00:00:00.000000','San Joaquín','015',22),(1809,'2019-03-11 00:00:00.000000','2019-03-12 00:00:00.000000','San Juan del Río','016',22),(1810,'2019-03-11 00:00:00.000000','2019-03-12 00:00:00.000000','Tequisquiapan','017',22),(1811,'2019-03-11 00:00:00.000000','2019-03-12 00:00:00.000000','Tolimán','018',22),(1812,'2019-03-11 00:00:00.000000','2019-03-12 00:00:00.000000','Cozumel','001',23),(1813,'2019-03-11 00:00:00.000000','2019-03-12 00:00:00.000000','Felipe Carrillo Puerto','002',23),(1814,'2019-03-11 00:00:00.000000','2019-03-12 00:00:00.000000','Isla Mujeres','003',23),(1815,'2019-03-11 00:00:00.000000','2019-03-12 00:00:00.000000','Othón P. Blanco','004',23),(1816,'2019-03-11 00:00:00.000000','2019-03-12 00:00:00.000000','Benito Juárez','005',23),(1817,'2019-03-11 00:00:00.000000','2019-03-12 00:00:00.000000','José María Morelos','006',23),(1818,'2019-03-11 00:00:00.000000','2019-03-12 00:00:00.000000','Lázaro Cárdenas','007',23),(1819,'2019-03-11 00:00:00.000000','2019-03-12 00:00:00.000000','Solidaridad','008',23),(1820,'2019-03-11 00:00:00.000000','2019-03-12 00:00:00.000000','Tulum','009',23),(1821,'2019-03-11 00:00:00.000000','2019-03-12 00:00:00.000000','Bacalar','010',23),(1822,'2019-03-11 00:00:00.000000','2019-03-12 00:00:00.000000','Puerto Morelos','011',23),(1823,'2019-03-11 00:00:00.000000','2019-03-12 00:00:00.000000','Ahualulco','001',24),(1824,'2019-03-11 00:00:00.000000','2019-03-12 00:00:00.000000','Alaquines','002',24),(1825,'2019-03-11 00:00:00.000000','2019-03-12 00:00:00.000000','Aquismón','003',24),(1826,'2019-03-11 00:00:00.000000','2019-03-12 00:00:00.000000','Armadillo de los Infante','004',24),(1827,'2019-03-11 00:00:00.000000','2019-03-12 00:00:00.000000','Cárdenas','005',24),(1828,'2019-03-11 00:00:00.000000','2019-03-12 00:00:00.000000','Catorce','006',24),(1829,'2019-03-11 00:00:00.000000','2019-03-12 00:00:00.000000','Cedral','007',24),(1830,'2019-03-11 00:00:00.000000','2019-03-12 00:00:00.000000','Cerritos','008',24),(1831,'2019-03-11 00:00:00.000000','2019-03-12 00:00:00.000000','Cerro de San Pedro','009',24),(1832,'2019-03-11 00:00:00.000000','2019-03-12 00:00:00.000000','Ciudad del Maíz','010',24),(1833,'2019-03-11 00:00:00.000000','2019-03-12 00:00:00.000000','Ciudad Fernández','011',24),(1834,'2019-03-11 00:00:00.000000','2019-03-12 00:00:00.000000','Tancanhuitz','012',24),(1835,'2019-03-11 00:00:00.000000','2019-03-12 00:00:00.000000','Ciudad Valles','013',24),(1836,'2019-03-11 00:00:00.000000','2019-03-12 00:00:00.000000','Coxcatlán','014',24),(1837,'2019-03-11 00:00:00.000000','2019-03-12 00:00:00.000000','Charcas','015',24),(1838,'2019-03-11 00:00:00.000000','2019-03-12 00:00:00.000000','Ebano','016',24),(1839,'2019-03-11 00:00:00.000000','2019-03-12 00:00:00.000000','Guadalcázar','017',24),(1840,'2019-03-11 00:00:00.000000','2019-03-12 00:00:00.000000','Huehuetlán','018',24),(1841,'2019-03-11 00:00:00.000000','2019-03-12 00:00:00.000000','Lagunillas','019',24),(1842,'2019-03-11 00:00:00.000000','2019-03-12 00:00:00.000000','Matehuala','020',24),(1843,'2019-03-11 00:00:00.000000','2019-03-12 00:00:00.000000','Mexquitic de Carmona','021',24),(1844,'2019-03-11 00:00:00.000000','2019-03-12 00:00:00.000000','Moctezuma','022',24),(1845,'2019-03-11 00:00:00.000000','2019-03-12 00:00:00.000000','Rayón','023',24),(1846,'2019-03-11 00:00:00.000000','2019-03-12 00:00:00.000000','Rioverde','024',24),(1847,'2019-03-11 00:00:00.000000','2019-03-12 00:00:00.000000','Salinas','025',24),(1848,'2019-03-11 00:00:00.000000','2019-03-12 00:00:00.000000','San Antonio','026',24),(1849,'2019-03-11 00:00:00.000000','2019-03-12 00:00:00.000000','San Ciro de Acosta','027',24),(1850,'2019-03-11 00:00:00.000000','2019-03-12 00:00:00.000000','San Luis Potosí','028',24),(1851,'2019-03-11 00:00:00.000000','2019-03-12 00:00:00.000000','San Martín Chalchicuautla','029',24),(1852,'2019-03-11 00:00:00.000000','2019-03-12 00:00:00.000000','San Nicolás Tolentino','030',24),(1853,'2019-03-11 00:00:00.000000','2019-03-12 00:00:00.000000','Santa Catarina','031',24),(1854,'2019-03-11 00:00:00.000000','2019-03-12 00:00:00.000000','Santa María del Río','032',24),(1855,'2019-03-11 00:00:00.000000','2019-03-12 00:00:00.000000','Santo Domingo','033',24),(1856,'2019-03-11 00:00:00.000000','2019-03-12 00:00:00.000000','San Vicente Tancuayalab','034',24),(1857,'2019-03-11 00:00:00.000000','2019-03-12 00:00:00.000000','Soledad de Graciano Sánchez','035',24),(1858,'2019-03-11 00:00:00.000000','2019-03-12 00:00:00.000000','Tamasopo','036',24),(1859,'2019-03-11 00:00:00.000000','2019-03-12 00:00:00.000000','Tamazunchale','037',24),(1860,'2019-03-11 00:00:00.000000','2019-03-12 00:00:00.000000','Tampacán','038',24),(1861,'2019-03-11 00:00:00.000000','2019-03-12 00:00:00.000000','Tampamolón Corona','039',24),(1862,'2019-03-11 00:00:00.000000','2019-03-12 00:00:00.000000','Tamuín','040',24),(1863,'2019-03-11 00:00:00.000000','2019-03-12 00:00:00.000000','Tanlajás','041',24),(1864,'2019-03-11 00:00:00.000000','2019-03-12 00:00:00.000000','Tanquián de Escobedo','042',24),(1865,'2019-03-11 00:00:00.000000','2019-03-12 00:00:00.000000','Tierra Nueva','043',24),(1866,'2019-03-11 00:00:00.000000','2019-03-12 00:00:00.000000','Vanegas','044',24),(1867,'2019-03-11 00:00:00.000000','2019-03-12 00:00:00.000000','Venado','045',24),(1868,'2019-03-11 00:00:00.000000','2019-03-12 00:00:00.000000','Villa de Arriaga','046',24),(1869,'2019-03-11 00:00:00.000000','2019-03-12 00:00:00.000000','Villa de Guadalupe','047',24),(1870,'2019-03-11 00:00:00.000000','2019-03-12 00:00:00.000000','Villa de la Paz','048',24),(1871,'2019-03-11 00:00:00.000000','2019-03-12 00:00:00.000000','Villa de Ramos','049',24),(1872,'2019-03-11 00:00:00.000000','2019-03-12 00:00:00.000000','Villa de Reyes','050',24),(1873,'2019-03-11 00:00:00.000000','2019-03-12 00:00:00.000000','Villa Hidalgo','051',24),(1874,'2019-03-11 00:00:00.000000','2019-03-12 00:00:00.000000','Villa Juárez','052',24),(1875,'2019-03-11 00:00:00.000000','2019-03-12 00:00:00.000000','Axtla de Terrazas','053',24),(1876,'2019-03-11 00:00:00.000000','2019-03-12 00:00:00.000000','Xilitla','054',24),(1877,'2019-03-11 00:00:00.000000','2019-03-12 00:00:00.000000','Zaragoza','055',24),(1878,'2019-03-11 00:00:00.000000','2019-03-12 00:00:00.000000','Villa de Arista','056',24),(1879,'2019-03-11 00:00:00.000000','2019-03-12 00:00:00.000000','Matlapa','057',24),(1880,'2019-03-11 00:00:00.000000','2019-03-12 00:00:00.000000','El Naranjo','058',24),(1881,'2019-03-11 00:00:00.000000','2019-03-12 00:00:00.000000','Ahome','001',25),(1882,'2019-03-11 00:00:00.000000','2019-03-12 00:00:00.000000','Angostura','002',25),(1883,'2019-03-11 00:00:00.000000','2019-03-12 00:00:00.000000','Badiraguato','003',25),(1884,'2019-03-11 00:00:00.000000','2019-03-12 00:00:00.000000','Concordia','004',25),(1885,'2019-03-11 00:00:00.000000','2019-03-12 00:00:00.000000','Cosalá','005',25),(1886,'2019-03-11 00:00:00.000000','2019-03-12 00:00:00.000000','Culiacán','006',25),(1887,'2019-03-11 00:00:00.000000','2019-03-12 00:00:00.000000','Choix','007',25),(1888,'2019-03-11 00:00:00.000000','2019-03-12 00:00:00.000000','Elota','008',25),(1889,'2019-03-11 00:00:00.000000','2019-03-12 00:00:00.000000','Escuinapa','009',25),(1890,'2019-03-11 00:00:00.000000','2019-03-12 00:00:00.000000','El Fuerte','010',25),(1891,'2019-03-11 00:00:00.000000','2019-03-12 00:00:00.000000','Guasave','011',25),(1892,'2019-03-11 00:00:00.000000','2019-03-12 00:00:00.000000','Mazatlán','012',25),(1893,'2019-03-11 00:00:00.000000','2019-03-12 00:00:00.000000','Mocorito','013',25),(1894,'2019-03-11 00:00:00.000000','2019-03-12 00:00:00.000000','Rosario','014',25),(1895,'2019-03-11 00:00:00.000000','2019-03-12 00:00:00.000000','Salvador Alvarado','015',25),(1896,'2019-03-11 00:00:00.000000','2019-03-12 00:00:00.000000','San Ignacio','016',25),(1897,'2019-03-11 00:00:00.000000','2019-03-12 00:00:00.000000','Sinaloa','017',25),(1898,'2019-03-11 00:00:00.000000','2019-03-12 00:00:00.000000','Navolato','018',25),(1899,'2019-03-11 00:00:00.000000','2019-03-12 00:00:00.000000','Aconchi','001',26),(1900,'2019-03-11 00:00:00.000000','2019-03-12 00:00:00.000000','Agua Prieta','002',26),(1901,'2019-03-11 00:00:00.000000','2019-03-12 00:00:00.000000','Alamos','003',26),(1902,'2019-03-11 00:00:00.000000','2019-03-12 00:00:00.000000','Altar','004',26),(1903,'2019-03-11 00:00:00.000000','2019-03-12 00:00:00.000000','Arivechi','005',26),(1904,'2019-03-11 00:00:00.000000','2019-03-12 00:00:00.000000','Arizpe','006',26),(1905,'2019-03-11 00:00:00.000000','2019-03-12 00:00:00.000000','Atil','007',26),(1906,'2019-03-11 00:00:00.000000','2019-03-12 00:00:00.000000','Bacadéhuachi','008',26),(1907,'2019-03-11 00:00:00.000000','2019-03-12 00:00:00.000000','Bacanora','009',26),(1908,'2019-03-11 00:00:00.000000','2019-03-12 00:00:00.000000','Bacerac','010',26),(1909,'2019-03-11 00:00:00.000000','2019-03-12 00:00:00.000000','Bacoachi','011',26),(1910,'2019-03-11 00:00:00.000000','2019-03-12 00:00:00.000000','Bácum','012',26),(1911,'2019-03-11 00:00:00.000000','2019-03-12 00:00:00.000000','Banámichi','013',26),(1912,'2019-03-11 00:00:00.000000','2019-03-12 00:00:00.000000','Baviácora','014',26),(1913,'2019-03-11 00:00:00.000000','2019-03-12 00:00:00.000000','Bavispe','015',26),(1914,'2019-03-11 00:00:00.000000','2019-03-12 00:00:00.000000','Benjamín Hill','016',26),(1915,'2019-03-11 00:00:00.000000','2019-03-12 00:00:00.000000','Caborca','017',26),(1916,'2019-03-11 00:00:00.000000','2019-03-12 00:00:00.000000','Cajeme','018',26),(1917,'2019-03-11 00:00:00.000000','2019-03-12 00:00:00.000000','Cananea','019',26),(1918,'2019-03-11 00:00:00.000000','2019-03-12 00:00:00.000000','Carbó','020',26),(1919,'2019-03-11 00:00:00.000000','2019-03-12 00:00:00.000000','La Colorada','021',26),(1920,'2019-03-11 00:00:00.000000','2019-03-12 00:00:00.000000','Cucurpe','022',26),(1921,'2019-03-11 00:00:00.000000','2019-03-12 00:00:00.000000','Cumpas','023',26),(1922,'2019-03-11 00:00:00.000000','2019-03-12 00:00:00.000000','Divisaderos','024',26),(1923,'2019-03-11 00:00:00.000000','2019-03-12 00:00:00.000000','Empalme','025',26),(1924,'2019-03-11 00:00:00.000000','2019-03-12 00:00:00.000000','Etchojoa','026',26),(1925,'2019-03-11 00:00:00.000000','2019-03-12 00:00:00.000000','Fronteras','027',26),(1926,'2019-03-11 00:00:00.000000','2019-03-12 00:00:00.000000','Granados','028',26),(1927,'2019-03-11 00:00:00.000000','2019-03-12 00:00:00.000000','Guaymas','029',26),(1928,'2019-03-11 00:00:00.000000','2019-03-12 00:00:00.000000','Hermosillo','030',26),(1929,'2019-03-11 00:00:00.000000','2019-03-12 00:00:00.000000','Huachinera','031',26),(1930,'2019-03-11 00:00:00.000000','2019-03-12 00:00:00.000000','Huásabas','032',26),(1931,'2019-03-11 00:00:00.000000','2019-03-12 00:00:00.000000','Huatabampo','033',26),(1932,'2019-03-11 00:00:00.000000','2019-03-12 00:00:00.000000','Huépac','034',26),(1933,'2019-03-11 00:00:00.000000','2019-03-12 00:00:00.000000','Imuris','035',26),(1934,'2019-03-11 00:00:00.000000','2019-03-12 00:00:00.000000','Magdalena','036',26),(1935,'2019-03-11 00:00:00.000000','2019-03-12 00:00:00.000000','Mazatán','037',26),(1936,'2019-03-11 00:00:00.000000','2019-03-12 00:00:00.000000','Moctezuma','038',26),(1937,'2019-03-11 00:00:00.000000','2019-03-12 00:00:00.000000','Naco','039',26),(1938,'2019-03-11 00:00:00.000000','2019-03-12 00:00:00.000000','Nácori Chico','040',26),(1939,'2019-03-11 00:00:00.000000','2019-03-12 00:00:00.000000','Nacozari de García','041',26),(1940,'2019-03-11 00:00:00.000000','2019-03-12 00:00:00.000000','Navojoa','042',26),(1941,'2019-03-11 00:00:00.000000','2019-03-12 00:00:00.000000','Nogales','043',26),(1942,'2019-03-11 00:00:00.000000','2019-03-12 00:00:00.000000','Onavas','044',26),(1943,'2019-03-11 00:00:00.000000','2019-03-12 00:00:00.000000','Opodepe','045',26),(1944,'2019-03-11 00:00:00.000000','2019-03-12 00:00:00.000000','Oquitoa','046',26),(1945,'2019-03-11 00:00:00.000000','2019-03-12 00:00:00.000000','Pitiquito','047',26),(1946,'2019-03-11 00:00:00.000000','2019-03-12 00:00:00.000000','Puerto Peñasco','048',26),(1947,'2019-03-11 00:00:00.000000','2019-03-12 00:00:00.000000','Quiriego','049',26),(1948,'2019-03-11 00:00:00.000000','2019-03-12 00:00:00.000000','Rayón','050',26),(1949,'2019-03-11 00:00:00.000000','2019-03-12 00:00:00.000000','Rosario','051',26),(1950,'2019-03-11 00:00:00.000000','2019-03-12 00:00:00.000000','Sahuaripa','052',26),(1951,'2019-03-11 00:00:00.000000','2019-03-12 00:00:00.000000','San Felipe de Jesús','053',26),(1952,'2019-03-11 00:00:00.000000','2019-03-12 00:00:00.000000','San Javier','054',26),(1953,'2019-03-11 00:00:00.000000','2019-03-12 00:00:00.000000','San Luis Río Colorado','055',26),(1954,'2019-03-11 00:00:00.000000','2019-03-12 00:00:00.000000','San Miguel de Horcasitas','056',26),(1955,'2019-03-11 00:00:00.000000','2019-03-12 00:00:00.000000','San Pedro de la Cueva','057',26),(1956,'2019-03-11 00:00:00.000000','2019-03-12 00:00:00.000000','Santa Ana','058',26),(1957,'2019-03-11 00:00:00.000000','2019-03-12 00:00:00.000000','Santa Cruz','059',26),(1958,'2019-03-11 00:00:00.000000','2019-03-12 00:00:00.000000','Sáric','060',26),(1959,'2019-03-11 00:00:00.000000','2019-03-12 00:00:00.000000','Soyopa','061',26),(1960,'2019-03-11 00:00:00.000000','2019-03-12 00:00:00.000000','Suaqui Grande','062',26),(1961,'2019-03-11 00:00:00.000000','2019-03-12 00:00:00.000000','Tepache','063',26),(1962,'2019-03-11 00:00:00.000000','2019-03-12 00:00:00.000000','Trincheras','064',26),(1963,'2019-03-11 00:00:00.000000','2019-03-12 00:00:00.000000','Tubutama','065',26),(1964,'2019-03-11 00:00:00.000000','2019-03-12 00:00:00.000000','Ures','066',26),(1965,'2019-03-11 00:00:00.000000','2019-03-12 00:00:00.000000','Villa Hidalgo','067',26),(1966,'2019-03-11 00:00:00.000000','2019-03-12 00:00:00.000000','Villa Pesqueira','068',26),(1967,'2019-03-11 00:00:00.000000','2019-03-12 00:00:00.000000','Yécora','069',26),(1968,'2019-03-11 00:00:00.000000','2019-03-12 00:00:00.000000','General Plutarco Elías Calles','070',26),(1969,'2019-03-11 00:00:00.000000','2019-03-12 00:00:00.000000','Benito Juárez','071',26),(1970,'2019-03-11 00:00:00.000000','2019-03-12 00:00:00.000000','San Ignacio Río Muerto','072',26),(1971,'2019-03-11 00:00:00.000000','2019-03-12 00:00:00.000000','Balancán','001',27),(1972,'2019-03-11 00:00:00.000000','2019-03-12 00:00:00.000000','Cárdenas','002',27),(1973,'2019-03-11 00:00:00.000000','2019-03-12 00:00:00.000000','Centla','003',27),(1974,'2019-03-11 00:00:00.000000','2019-03-12 00:00:00.000000','Centro','004',27),(1975,'2019-03-11 00:00:00.000000','2019-03-12 00:00:00.000000','Comalcalco','005',27),(1976,'2019-03-11 00:00:00.000000','2019-03-12 00:00:00.000000','Cunduacán','006',27),(1977,'2019-03-11 00:00:00.000000','2019-03-12 00:00:00.000000','Emiliano Zapata','007',27),(1978,'2019-03-11 00:00:00.000000','2019-03-12 00:00:00.000000','Huimanguillo','008',27),(1979,'2019-03-11 00:00:00.000000','2019-03-12 00:00:00.000000','Jalapa','009',27),(1980,'2019-03-11 00:00:00.000000','2019-03-12 00:00:00.000000','Jalpa de Méndez','010',27),(1981,'2019-03-11 00:00:00.000000','2019-03-12 00:00:00.000000','Jonuta','011',27),(1982,'2019-03-11 00:00:00.000000','2019-03-12 00:00:00.000000','Macuspana','012',27),(1983,'2019-03-11 00:00:00.000000','2019-03-12 00:00:00.000000','Nacajuca','013',27),(1984,'2019-03-11 00:00:00.000000','2019-03-12 00:00:00.000000','Paraíso','014',27),(1985,'2019-03-11 00:00:00.000000','2019-03-12 00:00:00.000000','Tacotalpa','015',27),(1986,'2019-03-11 00:00:00.000000','2019-03-12 00:00:00.000000','Teapa','016',27),(1987,'2019-03-11 00:00:00.000000','2019-03-12 00:00:00.000000','Tenosique','017',27),(1988,'2019-03-11 00:00:00.000000','2019-03-12 00:00:00.000000','Abasolo','001',28),(1989,'2019-03-11 00:00:00.000000','2019-03-12 00:00:00.000000','Aldama','002',28),(1990,'2019-03-11 00:00:00.000000','2019-03-12 00:00:00.000000','Altamira','003',28),(1991,'2019-03-11 00:00:00.000000','2019-03-12 00:00:00.000000','Antiguo Morelos','004',28),(1992,'2019-03-11 00:00:00.000000','2019-03-12 00:00:00.000000','Burgos','005',28),(1993,'2019-03-11 00:00:00.000000','2019-03-12 00:00:00.000000','Bustamante','006',28),(1994,'2019-03-11 00:00:00.000000','2019-03-12 00:00:00.000000','Camargo','007',28),(1995,'2019-03-11 00:00:00.000000','2019-03-12 00:00:00.000000','Casas','008',28),(1996,'2019-03-11 00:00:00.000000','2019-03-12 00:00:00.000000','Ciudad Madero','009',28),(1997,'2019-03-11 00:00:00.000000','2019-03-12 00:00:00.000000','Cruillas','010',28),(1998,'2019-03-11 00:00:00.000000','2019-03-12 00:00:00.000000','Gómez Farías','011',28),(1999,'2019-03-11 00:00:00.000000','2019-03-12 00:00:00.000000','González','012',28),(2000,'2019-03-11 00:00:00.000000','2019-03-12 00:00:00.000000','Güémez','013',28),(2001,'2019-03-11 00:00:00.000000','2019-03-12 00:00:00.000000','Guerrero','014',28),(2002,'2019-03-11 00:00:00.000000','2019-03-12 00:00:00.000000','Gustavo Díaz Ordaz','015',28),(2003,'2019-03-11 00:00:00.000000','2019-03-12 00:00:00.000000','Hidalgo','016',28),(2004,'2019-03-11 00:00:00.000000','2019-03-12 00:00:00.000000','Jaumave','017',28),(2005,'2019-03-11 00:00:00.000000','2019-03-12 00:00:00.000000','Jiménez','018',28),(2006,'2019-03-11 00:00:00.000000','2019-03-12 00:00:00.000000','Llera','019',28),(2007,'2019-03-11 00:00:00.000000','2019-03-12 00:00:00.000000','Mainero','020',28),(2008,'2019-03-11 00:00:00.000000','2019-03-12 00:00:00.000000','El Mante','021',28),(2009,'2019-03-11 00:00:00.000000','2019-03-12 00:00:00.000000','Matamoros','022',28),(2010,'2019-03-11 00:00:00.000000','2019-03-12 00:00:00.000000','Méndez','023',28),(2011,'2019-03-11 00:00:00.000000','2019-03-12 00:00:00.000000','Mier','024',28),(2012,'2019-03-11 00:00:00.000000','2019-03-12 00:00:00.000000','Miguel Alemán','025',28),(2013,'2019-03-11 00:00:00.000000','2019-03-12 00:00:00.000000','Miquihuana','026',28),(2014,'2019-03-11 00:00:00.000000','2019-03-12 00:00:00.000000','Nuevo Laredo','027',28),(2015,'2019-03-11 00:00:00.000000','2019-03-12 00:00:00.000000','Nuevo Morelos','028',28),(2016,'2019-03-11 00:00:00.000000','2019-03-12 00:00:00.000000','Ocampo','029',28),(2017,'2019-03-11 00:00:00.000000','2019-03-12 00:00:00.000000','Padilla','030',28),(2018,'2019-03-11 00:00:00.000000','2019-03-12 00:00:00.000000','Palmillas','031',28),(2019,'2019-03-11 00:00:00.000000','2019-03-12 00:00:00.000000','Reynosa','032',28),(2020,'2019-03-11 00:00:00.000000','2019-03-12 00:00:00.000000','Río Bravo','033',28),(2021,'2019-03-11 00:00:00.000000','2019-03-12 00:00:00.000000','San Carlos','034',28),(2022,'2019-03-11 00:00:00.000000','2019-03-12 00:00:00.000000','San Fernando','035',28),(2023,'2019-03-11 00:00:00.000000','2019-03-12 00:00:00.000000','San Nicolás','036',28),(2024,'2019-03-11 00:00:00.000000','2019-03-12 00:00:00.000000','Soto la Marina','037',28),(2025,'2019-03-11 00:00:00.000000','2019-03-12 00:00:00.000000','Tampico','038',28),(2026,'2019-03-11 00:00:00.000000','2019-03-12 00:00:00.000000','Tula','039',28),(2027,'2019-03-11 00:00:00.000000','2019-03-12 00:00:00.000000','Valle Hermoso','040',28),(2028,'2019-03-11 00:00:00.000000','2019-03-12 00:00:00.000000','Victoria','041',28),(2029,'2019-03-11 00:00:00.000000','2019-03-12 00:00:00.000000','Villagrán','042',28),(2030,'2019-03-11 00:00:00.000000','2019-03-12 00:00:00.000000','Xicoténcatl','043',28),(2031,'2019-03-11 00:00:00.000000','2019-03-12 00:00:00.000000','Amaxac de Guerrero','001',29),(2032,'2019-03-11 00:00:00.000000','2019-03-12 00:00:00.000000','Apetatitlán de Antonio Carvajal','002',29),(2033,'2019-03-11 00:00:00.000000','2019-03-12 00:00:00.000000','Atlangatepec','003',29),(2034,'2019-03-11 00:00:00.000000','2019-03-12 00:00:00.000000','Atltzayanca','004',29),(2035,'2019-03-11 00:00:00.000000','2019-03-12 00:00:00.000000','Apizaco','005',29),(2036,'2019-03-11 00:00:00.000000','2019-03-12 00:00:00.000000','Calpulalpan','006',29),(2037,'2019-03-11 00:00:00.000000','2019-03-12 00:00:00.000000','El Carmen Tequexquitla','007',29),(2038,'2019-03-11 00:00:00.000000','2019-03-12 00:00:00.000000','Cuapiaxtla','008',29),(2039,'2019-03-11 00:00:00.000000','2019-03-12 00:00:00.000000','Cuaxomulco','009',29),(2040,'2019-03-11 00:00:00.000000','2019-03-12 00:00:00.000000','Chiautempan','010',29),(2041,'2019-03-11 00:00:00.000000','2019-03-12 00:00:00.000000','Muñoz de Domingo Arenas','011',29),(2042,'2019-03-11 00:00:00.000000','2019-03-12 00:00:00.000000','Españita','012',29),(2043,'2019-03-11 00:00:00.000000','2019-03-12 00:00:00.000000','Huamantla','013',29),(2044,'2019-03-11 00:00:00.000000','2019-03-12 00:00:00.000000','Hueyotlipan','014',29),(2045,'2019-03-11 00:00:00.000000','2019-03-12 00:00:00.000000','Ixtacuixtla de Mariano Matamoros','015',29),(2046,'2019-03-11 00:00:00.000000','2019-03-12 00:00:00.000000','Ixtenco','016',29),(2047,'2019-03-11 00:00:00.000000','2019-03-12 00:00:00.000000','Mazatecochco de José María Morelos','017',29),(2048,'2019-03-11 00:00:00.000000','2019-03-12 00:00:00.000000','Contla de Juan Cuamatzi','018',29),(2049,'2019-03-11 00:00:00.000000','2019-03-12 00:00:00.000000','Tepetitla de Lardizábal','019',29),(2050,'2019-03-11 00:00:00.000000','2019-03-12 00:00:00.000000','Sanctórum de Lázaro Cárdenas','020',29),(2051,'2019-03-11 00:00:00.000000','2019-03-12 00:00:00.000000','Nanacamilpa de Mariano Arista','021',29),(2052,'2019-03-11 00:00:00.000000','2019-03-12 00:00:00.000000','Acuamanala de Miguel Hidalgo','022',29),(2053,'2019-03-11 00:00:00.000000','2019-03-12 00:00:00.000000','Natívitas','023',29),(2054,'2019-03-11 00:00:00.000000','2019-03-12 00:00:00.000000','Panotla','024',29),(2055,'2019-03-11 00:00:00.000000','2019-03-12 00:00:00.000000','San Pablo del Monte','025',29),(2056,'2019-03-11 00:00:00.000000','2019-03-12 00:00:00.000000','Santa Cruz Tlaxcala','026',29),(2057,'2019-03-11 00:00:00.000000','2019-03-12 00:00:00.000000','Tenancingo','027',29),(2058,'2019-03-11 00:00:00.000000','2019-03-12 00:00:00.000000','Teolocholco','028',29),(2059,'2019-03-11 00:00:00.000000','2019-03-12 00:00:00.000000','Tepeyanco','029',29),(2060,'2019-03-11 00:00:00.000000','2019-03-12 00:00:00.000000','Terrenate','030',29),(2061,'2019-03-11 00:00:00.000000','2019-03-12 00:00:00.000000','Tetla de la Solidaridad','031',29),(2062,'2019-03-11 00:00:00.000000','2019-03-12 00:00:00.000000','Tetlatlahuca','032',29),(2063,'2019-03-11 00:00:00.000000','2019-03-12 00:00:00.000000','Tlaxcala','033',29),(2064,'2019-03-11 00:00:00.000000','2019-03-12 00:00:00.000000','Tlaxco','034',29),(2065,'2019-03-11 00:00:00.000000','2019-03-12 00:00:00.000000','Tocatlán','035',29),(2066,'2019-03-11 00:00:00.000000','2019-03-12 00:00:00.000000','Totolac','036',29),(2067,'2019-03-11 00:00:00.000000','2019-03-12 00:00:00.000000','Ziltlaltépec de Trinidad Sánchez Santos','037',29),(2068,'2019-03-11 00:00:00.000000','2019-03-12 00:00:00.000000','Tzompantepec','038',29),(2069,'2019-03-11 00:00:00.000000','2019-03-12 00:00:00.000000','Xaloztoc','039',29),(2070,'2019-03-11 00:00:00.000000','2019-03-12 00:00:00.000000','Xaltocan','040',29),(2071,'2019-03-11 00:00:00.000000','2019-03-12 00:00:00.000000','Papalotla de Xicohténcatl','041',29),(2072,'2019-03-11 00:00:00.000000','2019-03-12 00:00:00.000000','Xicohtzinco','042',29),(2073,'2019-03-11 00:00:00.000000','2019-03-12 00:00:00.000000','Yauhquemehcan','043',29),(2074,'2019-03-11 00:00:00.000000','2019-03-12 00:00:00.000000','Zacatelco','044',29),(2075,'2019-03-11 00:00:00.000000','2019-03-12 00:00:00.000000','Benito Juárez','045',29),(2076,'2019-03-11 00:00:00.000000','2019-03-12 00:00:00.000000','Emiliano Zapata','046',29),(2077,'2019-03-11 00:00:00.000000','2019-03-12 00:00:00.000000','Lázaro Cárdenas','047',29),(2078,'2019-03-11 00:00:00.000000','2019-03-12 00:00:00.000000','La Magdalena Tlaltelulco','048',29),(2079,'2019-03-11 00:00:00.000000','2019-03-12 00:00:00.000000','San Damián Texóloc','049',29),(2080,'2019-03-11 00:00:00.000000','2019-03-12 00:00:00.000000','San Francisco Tetlanohcan','050',29),(2081,'2019-03-11 00:00:00.000000','2019-03-12 00:00:00.000000','San Jerónimo Zacualpan','051',29),(2082,'2019-03-11 00:00:00.000000','2019-03-12 00:00:00.000000','San José Teacalco','052',29),(2083,'2019-03-11 00:00:00.000000','2019-03-12 00:00:00.000000','San Juan Huactzinco','053',29),(2084,'2019-03-11 00:00:00.000000','2019-03-12 00:00:00.000000','San Lorenzo Axocomanitla','054',29),(2085,'2019-03-11 00:00:00.000000','2019-03-12 00:00:00.000000','San Lucas Tecopilco','055',29),(2086,'2019-03-11 00:00:00.000000','2019-03-12 00:00:00.000000','Santa Ana Nopalucan','056',29),(2087,'2019-03-11 00:00:00.000000','2019-03-12 00:00:00.000000','Santa Apolonia Teacalco','057',29),(2088,'2019-03-11 00:00:00.000000','2019-03-12 00:00:00.000000','Santa Catarina Ayometla','058',29),(2089,'2019-03-11 00:00:00.000000','2019-03-12 00:00:00.000000','Santa Cruz Quilehtla','059',29),(2090,'2019-03-11 00:00:00.000000','2019-03-12 00:00:00.000000','Santa Isabel Xiloxoxtla','060',29),(2091,'2019-03-11 00:00:00.000000','2019-03-12 00:00:00.000000','Acajete','001',30),(2092,'2019-03-11 00:00:00.000000','2019-03-12 00:00:00.000000','Acatlán','002',30),(2093,'2019-03-11 00:00:00.000000','2019-03-12 00:00:00.000000','Acayucan','003',30),(2094,'2019-03-11 00:00:00.000000','2019-03-12 00:00:00.000000','Actopan','004',30),(2095,'2019-03-11 00:00:00.000000','2019-03-12 00:00:00.000000','Acula','005',30),(2096,'2019-03-11 00:00:00.000000','2019-03-12 00:00:00.000000','Acultzingo','006',30),(2097,'2019-03-11 00:00:00.000000','2019-03-12 00:00:00.000000','Camarón de Tejeda','007',30),(2098,'2019-03-11 00:00:00.000000','2019-03-12 00:00:00.000000','Alpatláhuac','008',30),(2099,'2019-03-11 00:00:00.000000','2019-03-12 00:00:00.000000','Alto Lucero de Gutiérrez Barrios','009',30),(2100,'2019-03-11 00:00:00.000000','2019-03-12 00:00:00.000000','Altotonga','010',30),(2101,'2019-03-11 00:00:00.000000','2019-03-12 00:00:00.000000','Alvarado','011',30),(2102,'2019-03-11 00:00:00.000000','2019-03-12 00:00:00.000000','Amatitlán','012',30),(2103,'2019-03-11 00:00:00.000000','2019-03-12 00:00:00.000000','Naranjos Amatlán','013',30),(2104,'2019-03-11 00:00:00.000000','2019-03-12 00:00:00.000000','Amatlán de los Reyes','014',30),(2105,'2019-03-11 00:00:00.000000','2019-03-12 00:00:00.000000','Angel R. Cabada','015',30),(2106,'2019-03-11 00:00:00.000000','2019-03-12 00:00:00.000000','La Antigua','016',30),(2107,'2019-03-11 00:00:00.000000','2019-03-12 00:00:00.000000','Apazapan','017',30),(2108,'2019-03-11 00:00:00.000000','2019-03-12 00:00:00.000000','Aquila','018',30),(2109,'2019-03-11 00:00:00.000000','2019-03-12 00:00:00.000000','Astacinga','019',30),(2110,'2019-03-11 00:00:00.000000','2019-03-12 00:00:00.000000','Atlahuilco','020',30),(2111,'2019-03-11 00:00:00.000000','2019-03-12 00:00:00.000000','Atoyac','021',30),(2112,'2019-03-11 00:00:00.000000','2019-03-12 00:00:00.000000','Atzacan','022',30),(2113,'2019-03-11 00:00:00.000000','2019-03-12 00:00:00.000000','Atzalan','023',30),(2114,'2019-03-11 00:00:00.000000','2019-03-12 00:00:00.000000','Tlaltetela','024',30),(2115,'2019-03-11 00:00:00.000000','2019-03-12 00:00:00.000000','Ayahualulco','025',30),(2116,'2019-03-11 00:00:00.000000','2019-03-12 00:00:00.000000','Banderilla','026',30),(2117,'2019-03-11 00:00:00.000000','2019-03-12 00:00:00.000000','Benito Juárez','027',30),(2118,'2019-03-11 00:00:00.000000','2019-03-12 00:00:00.000000','Boca del Río','028',30),(2119,'2019-03-11 00:00:00.000000','2019-03-12 00:00:00.000000','Calcahualco','029',30),(2120,'2019-03-11 00:00:00.000000','2019-03-12 00:00:00.000000','Camerino Z. Mendoza','030',30),(2121,'2019-03-11 00:00:00.000000','2019-03-12 00:00:00.000000','Carrillo Puerto','031',30),(2122,'2019-03-11 00:00:00.000000','2019-03-12 00:00:00.000000','Catemaco','032',30),(2123,'2019-03-11 00:00:00.000000','2019-03-12 00:00:00.000000','Cazones de Herrera','033',30),(2124,'2019-03-11 00:00:00.000000','2019-03-12 00:00:00.000000','Cerro Azul','034',30),(2125,'2019-03-11 00:00:00.000000','2019-03-12 00:00:00.000000','Citlaltépetl','035',30),(2126,'2019-03-11 00:00:00.000000','2019-03-12 00:00:00.000000','Coacoatzintla','036',30),(2127,'2019-03-11 00:00:00.000000','2019-03-12 00:00:00.000000','Coahuitlán','037',30),(2128,'2019-03-11 00:00:00.000000','2019-03-12 00:00:00.000000','Coatepec','038',30),(2129,'2019-03-11 00:00:00.000000','2019-03-12 00:00:00.000000','Coatzacoalcos','039',30),(2130,'2019-03-11 00:00:00.000000','2019-03-12 00:00:00.000000','Coatzintla','040',30),(2131,'2019-03-11 00:00:00.000000','2019-03-12 00:00:00.000000','Coetzala','041',30),(2132,'2019-03-11 00:00:00.000000','2019-03-12 00:00:00.000000','Colipa','042',30),(2133,'2019-03-11 00:00:00.000000','2019-03-12 00:00:00.000000','Comapa','043',30),(2134,'2019-03-11 00:00:00.000000','2019-03-12 00:00:00.000000','Córdoba','044',30),(2135,'2019-03-11 00:00:00.000000','2019-03-12 00:00:00.000000','Cosamaloapan de Carpio','045',30),(2136,'2019-03-11 00:00:00.000000','2019-03-12 00:00:00.000000','Cosautlán de Carvajal','046',30),(2137,'2019-03-11 00:00:00.000000','2019-03-12 00:00:00.000000','Coscomatepec','047',30),(2138,'2019-03-11 00:00:00.000000','2019-03-12 00:00:00.000000','Cosoleacaque','048',30),(2139,'2019-03-11 00:00:00.000000','2019-03-12 00:00:00.000000','Cotaxtla','049',30),(2140,'2019-03-11 00:00:00.000000','2019-03-12 00:00:00.000000','Coxquihui','050',30),(2141,'2019-03-11 00:00:00.000000','2019-03-12 00:00:00.000000','Coyutla','051',30),(2142,'2019-03-11 00:00:00.000000','2019-03-12 00:00:00.000000','Cuichapa','052',30),(2143,'2019-03-11 00:00:00.000000','2019-03-12 00:00:00.000000','Cuitláhuac','053',30),(2144,'2019-03-11 00:00:00.000000','2019-03-12 00:00:00.000000','Chacaltianguis','054',30),(2145,'2019-03-11 00:00:00.000000','2019-03-12 00:00:00.000000','Chalma','055',30),(2146,'2019-03-11 00:00:00.000000','2019-03-12 00:00:00.000000','Chiconamel','056',30),(2147,'2019-03-11 00:00:00.000000','2019-03-12 00:00:00.000000','Chiconquiaco','057',30),(2148,'2019-03-11 00:00:00.000000','2019-03-12 00:00:00.000000','Chicontepec','058',30),(2149,'2019-03-11 00:00:00.000000','2019-03-12 00:00:00.000000','Chinameca','059',30),(2150,'2019-03-11 00:00:00.000000','2019-03-12 00:00:00.000000','Chinampa de Gorostiza','060',30),(2151,'2019-03-11 00:00:00.000000','2019-03-12 00:00:00.000000','Las Choapas','061',30),(2152,'2019-03-11 00:00:00.000000','2019-03-12 00:00:00.000000','Chocamán','062',30),(2153,'2019-03-11 00:00:00.000000','2019-03-12 00:00:00.000000','Chontla','063',30),(2154,'2019-03-11 00:00:00.000000','2019-03-12 00:00:00.000000','Chumatlán','064',30),(2155,'2019-03-11 00:00:00.000000','2019-03-12 00:00:00.000000','Emiliano Zapata','065',30),(2156,'2019-03-11 00:00:00.000000','2019-03-12 00:00:00.000000','Espinal','066',30),(2157,'2019-03-11 00:00:00.000000','2019-03-12 00:00:00.000000','Filomeno Mata','067',30),(2158,'2019-03-11 00:00:00.000000','2019-03-12 00:00:00.000000','Fortín','068',30),(2159,'2019-03-11 00:00:00.000000','2019-03-12 00:00:00.000000','Gutiérrez Zamora','069',30),(2160,'2019-03-11 00:00:00.000000','2019-03-12 00:00:00.000000','Hidalgotitlán','070',30),(2161,'2019-03-11 00:00:00.000000','2019-03-12 00:00:00.000000','Huatusco','071',30),(2162,'2019-03-11 00:00:00.000000','2019-03-12 00:00:00.000000','Huayacocotla','072',30),(2163,'2019-03-11 00:00:00.000000','2019-03-12 00:00:00.000000','Hueyapan de Ocampo','073',30),(2164,'2019-03-11 00:00:00.000000','2019-03-12 00:00:00.000000','Huiloapan de Cuauhtémoc','074',30),(2165,'2019-03-11 00:00:00.000000','2019-03-12 00:00:00.000000','Ignacio de la Llave','075',30),(2166,'2019-03-11 00:00:00.000000','2019-03-12 00:00:00.000000','Ilamatlán','076',30),(2167,'2019-03-11 00:00:00.000000','2019-03-12 00:00:00.000000','Isla','077',30),(2168,'2019-03-11 00:00:00.000000','2019-03-12 00:00:00.000000','Ixcatepec','078',30),(2169,'2019-03-11 00:00:00.000000','2019-03-12 00:00:00.000000','Ixhuacán de los Reyes','079',30),(2170,'2019-03-11 00:00:00.000000','2019-03-12 00:00:00.000000','Ixhuatlán del Café','080',30),(2171,'2019-03-11 00:00:00.000000','2019-03-12 00:00:00.000000','Ixhuatlancillo','081',30),(2172,'2019-03-11 00:00:00.000000','2019-03-12 00:00:00.000000','Ixhuatlán del Sureste','082',30),(2173,'2019-03-11 00:00:00.000000','2019-03-12 00:00:00.000000','Ixhuatlán de Madero','083',30),(2174,'2019-03-11 00:00:00.000000','2019-03-12 00:00:00.000000','Ixmatlahuacan','084',30),(2175,'2019-03-11 00:00:00.000000','2019-03-12 00:00:00.000000','Ixtaczoquitlán','085',30),(2176,'2019-03-11 00:00:00.000000','2019-03-12 00:00:00.000000','Jalacingo','086',30),(2177,'2019-03-11 00:00:00.000000','2019-03-12 00:00:00.000000','Xalapa','087',30),(2178,'2019-03-11 00:00:00.000000','2019-03-12 00:00:00.000000','Jalcomulco','088',30),(2179,'2019-03-11 00:00:00.000000','2019-03-12 00:00:00.000000','Jáltipan','089',30),(2180,'2019-03-11 00:00:00.000000','2019-03-12 00:00:00.000000','Jamapa','090',30),(2181,'2019-03-11 00:00:00.000000','2019-03-12 00:00:00.000000','Jesús Carranza','091',30),(2182,'2019-03-11 00:00:00.000000','2019-03-12 00:00:00.000000','Xico','092',30),(2183,'2019-03-11 00:00:00.000000','2019-03-12 00:00:00.000000','Jilotepec','093',30),(2184,'2019-03-11 00:00:00.000000','2019-03-12 00:00:00.000000','Juan Rodríguez Clara','094',30),(2185,'2019-03-11 00:00:00.000000','2019-03-12 00:00:00.000000','Juchique de Ferrer','095',30),(2186,'2019-03-11 00:00:00.000000','2019-03-12 00:00:00.000000','Landero y Coss','096',30),(2187,'2019-03-11 00:00:00.000000','2019-03-12 00:00:00.000000','Lerdo de Tejada','097',30),(2188,'2019-03-11 00:00:00.000000','2019-03-12 00:00:00.000000','Magdalena','098',30),(2189,'2019-03-11 00:00:00.000000','2019-03-12 00:00:00.000000','Maltrata','099',30),(2190,'2019-03-11 00:00:00.000000','2019-03-12 00:00:00.000000','Manlio Fabio Altamirano','100',30),(2191,'2019-03-11 00:00:00.000000','2019-03-12 00:00:00.000000','Mariano Escobedo','101',30),(2192,'2019-03-11 00:00:00.000000','2019-03-12 00:00:00.000000','Martínez de la Torre','102',30),(2193,'2019-03-11 00:00:00.000000','2019-03-12 00:00:00.000000','Mecatlán','103',30),(2194,'2019-03-11 00:00:00.000000','2019-03-12 00:00:00.000000','Mecayapan','104',30),(2195,'2019-03-11 00:00:00.000000','2019-03-12 00:00:00.000000','Medellín de Bravo','105',30),(2196,'2019-03-11 00:00:00.000000','2019-03-12 00:00:00.000000','Miahuatlán','106',30),(2197,'2019-03-11 00:00:00.000000','2019-03-12 00:00:00.000000','Las Minas','107',30),(2198,'2019-03-11 00:00:00.000000','2019-03-12 00:00:00.000000','Minatitlán','108',30),(2199,'2019-03-11 00:00:00.000000','2019-03-12 00:00:00.000000','Misantla','109',30),(2200,'2019-03-11 00:00:00.000000','2019-03-12 00:00:00.000000','Mixtla de Altamirano','110',30),(2201,'2019-03-11 00:00:00.000000','2019-03-12 00:00:00.000000','Moloacán','111',30),(2202,'2019-03-11 00:00:00.000000','2019-03-12 00:00:00.000000','Naolinco','112',30),(2203,'2019-03-11 00:00:00.000000','2019-03-12 00:00:00.000000','Naranjal','113',30),(2204,'2019-03-11 00:00:00.000000','2019-03-12 00:00:00.000000','Nautla','114',30),(2205,'2019-03-11 00:00:00.000000','2019-03-12 00:00:00.000000','Nogales','115',30),(2206,'2019-03-11 00:00:00.000000','2019-03-12 00:00:00.000000','Oluta','116',30),(2207,'2019-03-11 00:00:00.000000','2019-03-12 00:00:00.000000','Omealca','117',30),(2208,'2019-03-11 00:00:00.000000','2019-03-12 00:00:00.000000','Orizaba','118',30),(2209,'2019-03-11 00:00:00.000000','2019-03-12 00:00:00.000000','Otatitlán','119',30),(2210,'2019-03-11 00:00:00.000000','2019-03-12 00:00:00.000000','Oteapan','120',30),(2211,'2019-03-11 00:00:00.000000','2019-03-12 00:00:00.000000','Ozuluama de Mascareñas','121',30),(2212,'2019-03-11 00:00:00.000000','2019-03-12 00:00:00.000000','Pajapan','122',30),(2213,'2019-03-11 00:00:00.000000','2019-03-12 00:00:00.000000','Pánuco','123',30),(2214,'2019-03-11 00:00:00.000000','2019-03-12 00:00:00.000000','Papantla','124',30),(2215,'2019-03-11 00:00:00.000000','2019-03-12 00:00:00.000000','Paso del Macho','125',30),(2216,'2019-03-11 00:00:00.000000','2019-03-12 00:00:00.000000','Paso de Ovejas','126',30),(2217,'2019-03-11 00:00:00.000000','2019-03-12 00:00:00.000000','La Perla','127',30),(2218,'2019-03-11 00:00:00.000000','2019-03-12 00:00:00.000000','Perote','128',30),(2219,'2019-03-11 00:00:00.000000','2019-03-12 00:00:00.000000','Platón Sánchez','129',30),(2220,'2019-03-11 00:00:00.000000','2019-03-12 00:00:00.000000','Playa Vicente','130',30),(2221,'2019-03-11 00:00:00.000000','2019-03-12 00:00:00.000000','Poza Rica de Hidalgo','131',30),(2222,'2019-03-11 00:00:00.000000','2019-03-12 00:00:00.000000','Las Vigas de Ramírez','132',30),(2223,'2019-03-11 00:00:00.000000','2019-03-12 00:00:00.000000','Pueblo Viejo','133',30),(2224,'2019-03-11 00:00:00.000000','2019-03-12 00:00:00.000000','Puente Nacional','134',30),(2225,'2019-03-11 00:00:00.000000','2019-03-12 00:00:00.000000','Rafael Delgado','135',30),(2226,'2019-03-11 00:00:00.000000','2019-03-12 00:00:00.000000','Rafael Lucio','136',30),(2227,'2019-03-11 00:00:00.000000','2019-03-12 00:00:00.000000','Los Reyes','137',30),(2228,'2019-03-11 00:00:00.000000','2019-03-12 00:00:00.000000','Río Blanco','138',30),(2229,'2019-03-11 00:00:00.000000','2019-03-12 00:00:00.000000','Saltabarranca','139',30),(2230,'2019-03-11 00:00:00.000000','2019-03-12 00:00:00.000000','San Andrés Tenejapan','140',30),(2231,'2019-03-11 00:00:00.000000','2019-03-12 00:00:00.000000','San Andrés Tuxtla','141',30),(2232,'2019-03-11 00:00:00.000000','2019-03-12 00:00:00.000000','San Juan Evangelista','142',30),(2233,'2019-03-11 00:00:00.000000','2019-03-12 00:00:00.000000','Santiago Tuxtla','143',30),(2234,'2019-03-11 00:00:00.000000','2019-03-12 00:00:00.000000','Sayula de Alemán','144',30),(2235,'2019-03-11 00:00:00.000000','2019-03-12 00:00:00.000000','Soconusco','145',30),(2236,'2019-03-11 00:00:00.000000','2019-03-12 00:00:00.000000','Sochiapa','146',30),(2237,'2019-03-11 00:00:00.000000','2019-03-12 00:00:00.000000','Soledad Atzompa','147',30),(2238,'2019-03-11 00:00:00.000000','2019-03-12 00:00:00.000000','Soledad de Doblado','148',30),(2239,'2019-03-11 00:00:00.000000','2019-03-12 00:00:00.000000','Soteapan','149',30),(2240,'2019-03-11 00:00:00.000000','2019-03-12 00:00:00.000000','Tamalín','150',30),(2241,'2019-03-11 00:00:00.000000','2019-03-12 00:00:00.000000','Tamiahua','151',30),(2242,'2019-03-11 00:00:00.000000','2019-03-12 00:00:00.000000','Tampico Alto','152',30),(2243,'2019-03-11 00:00:00.000000','2019-03-12 00:00:00.000000','Tancoco','153',30),(2244,'2019-03-11 00:00:00.000000','2019-03-12 00:00:00.000000','Tantima','154',30),(2245,'2019-03-11 00:00:00.000000','2019-03-12 00:00:00.000000','Tantoyuca','155',30),(2246,'2019-03-11 00:00:00.000000','2019-03-12 00:00:00.000000','Tatatila','156',30),(2247,'2019-03-11 00:00:00.000000','2019-03-12 00:00:00.000000','Castillo de Teayo','157',30),(2248,'2019-03-11 00:00:00.000000','2019-03-12 00:00:00.000000','Tecolutla','158',30),(2249,'2019-03-11 00:00:00.000000','2019-03-12 00:00:00.000000','Tehuipango','159',30),(2250,'2019-03-11 00:00:00.000000','2019-03-12 00:00:00.000000','Álamo Temapache','160',30),(2251,'2019-03-11 00:00:00.000000','2019-03-12 00:00:00.000000','Tempoal','161',30),(2252,'2019-03-11 00:00:00.000000','2019-03-12 00:00:00.000000','Tenampa','162',30),(2253,'2019-03-11 00:00:00.000000','2019-03-12 00:00:00.000000','Tenochtitlán','163',30),(2254,'2019-03-11 00:00:00.000000','2019-03-12 00:00:00.000000','Teocelo','164',30),(2255,'2019-03-11 00:00:00.000000','2019-03-12 00:00:00.000000','Tepatlaxco','165',30),(2256,'2019-03-11 00:00:00.000000','2019-03-12 00:00:00.000000','Tepetlán','166',30),(2257,'2019-03-11 00:00:00.000000','2019-03-12 00:00:00.000000','Tepetzintla','167',30),(2258,'2019-03-11 00:00:00.000000','2019-03-12 00:00:00.000000','Tequila','168',30),(2259,'2019-03-11 00:00:00.000000','2019-03-12 00:00:00.000000','José Azueta','169',30),(2260,'2019-03-11 00:00:00.000000','2019-03-12 00:00:00.000000','Texcatepec','170',30),(2261,'2019-03-11 00:00:00.000000','2019-03-12 00:00:00.000000','Texhuacán','171',30),(2262,'2019-03-11 00:00:00.000000','2019-03-12 00:00:00.000000','Texistepec','172',30),(2263,'2019-03-11 00:00:00.000000','2019-03-12 00:00:00.000000','Tezonapa','173',30),(2264,'2019-03-11 00:00:00.000000','2019-03-12 00:00:00.000000','Tierra Blanca','174',30),(2265,'2019-03-11 00:00:00.000000','2019-03-12 00:00:00.000000','Tihuatlán','175',30),(2266,'2019-03-11 00:00:00.000000','2019-03-12 00:00:00.000000','Tlacojalpan','176',30),(2267,'2019-03-11 00:00:00.000000','2019-03-12 00:00:00.000000','Tlacolulan','177',30),(2268,'2019-03-11 00:00:00.000000','2019-03-12 00:00:00.000000','Tlacotalpan','178',30),(2269,'2019-03-11 00:00:00.000000','2019-03-12 00:00:00.000000','Tlacotepec de Mejía','179',30),(2270,'2019-03-11 00:00:00.000000','2019-03-12 00:00:00.000000','Tlachichilco','180',30),(2271,'2019-03-11 00:00:00.000000','2019-03-12 00:00:00.000000','Tlalixcoyan','181',30),(2272,'2019-03-11 00:00:00.000000','2019-03-12 00:00:00.000000','Tlalnelhuayocan','182',30),(2273,'2019-03-11 00:00:00.000000','2019-03-12 00:00:00.000000','Tlapacoyan','183',30),(2274,'2019-03-11 00:00:00.000000','2019-03-12 00:00:00.000000','Tlaquilpa','184',30),(2275,'2019-03-11 00:00:00.000000','2019-03-12 00:00:00.000000','Tlilapan','185',30),(2276,'2019-03-11 00:00:00.000000','2019-03-12 00:00:00.000000','Tomatlán','186',30),(2277,'2019-03-11 00:00:00.000000','2019-03-12 00:00:00.000000','Tonayán','187',30),(2278,'2019-03-11 00:00:00.000000','2019-03-12 00:00:00.000000','Totutla','188',30),(2279,'2019-03-11 00:00:00.000000','2019-03-12 00:00:00.000000','Tuxpan','189',30),(2280,'2019-03-11 00:00:00.000000','2019-03-12 00:00:00.000000','Tuxtilla','190',30),(2281,'2019-03-11 00:00:00.000000','2019-03-12 00:00:00.000000','Ursulo Galván','191',30),(2282,'2019-03-11 00:00:00.000000','2019-03-12 00:00:00.000000','Vega de Alatorre','192',30),(2283,'2019-03-11 00:00:00.000000','2019-03-12 00:00:00.000000','Veracruz','193',30),(2284,'2019-03-11 00:00:00.000000','2019-03-12 00:00:00.000000','Villa Aldama','194',30),(2285,'2019-03-11 00:00:00.000000','2019-03-12 00:00:00.000000','Xoxocotla','195',30),(2286,'2019-03-11 00:00:00.000000','2019-03-12 00:00:00.000000','Yanga','196',30),(2287,'2019-03-11 00:00:00.000000','2019-03-12 00:00:00.000000','Yecuatla','197',30),(2288,'2019-03-11 00:00:00.000000','2019-03-12 00:00:00.000000','Zacualpan','198',30),(2289,'2019-03-11 00:00:00.000000','2019-03-12 00:00:00.000000','Zaragoza','199',30),(2290,'2019-03-11 00:00:00.000000','2019-03-12 00:00:00.000000','Zentla','200',30),(2291,'2019-03-11 00:00:00.000000','2019-03-12 00:00:00.000000','Zongolica','201',30),(2292,'2019-03-11 00:00:00.000000','2019-03-12 00:00:00.000000','Zontecomatlán de López y Fuentes','202',30),(2293,'2019-03-11 00:00:00.000000','2019-03-12 00:00:00.000000','Zozocolco de Hidalgo','203',30),(2294,'2019-03-11 00:00:00.000000','2019-03-12 00:00:00.000000','Agua Dulce','204',30),(2295,'2019-03-11 00:00:00.000000','2019-03-12 00:00:00.000000','El Higo','205',30),(2296,'2019-03-11 00:00:00.000000','2019-03-12 00:00:00.000000','Nanchital de Lázaro Cárdenas del Río','206',30),(2297,'2019-03-11 00:00:00.000000','2019-03-12 00:00:00.000000','Tres Valles','207',30),(2298,'2019-03-11 00:00:00.000000','2019-03-12 00:00:00.000000','Carlos A. Carrillo','208',30),(2299,'2019-03-11 00:00:00.000000','2019-03-12 00:00:00.000000','Tatahuicapan de Juárez','209',30),(2300,'2019-03-11 00:00:00.000000','2019-03-12 00:00:00.000000','Uxpanapa','210',30),(2301,'2019-03-11 00:00:00.000000','2019-03-12 00:00:00.000000','San Rafael','211',30),(2302,'2019-03-11 00:00:00.000000','2019-03-12 00:00:00.000000','Santiago Sochiapan','212',30),(2303,'2019-03-11 00:00:00.000000','2019-03-12 00:00:00.000000','Abalá','001',31),(2304,'2019-03-11 00:00:00.000000','2019-03-12 00:00:00.000000','Acanceh','002',31),(2305,'2019-03-11 00:00:00.000000','2019-03-12 00:00:00.000000','Akil','003',31),(2306,'2019-03-11 00:00:00.000000','2019-03-12 00:00:00.000000','Baca','004',31),(2307,'2019-03-11 00:00:00.000000','2019-03-12 00:00:00.000000','Bokobá','005',31),(2308,'2019-03-11 00:00:00.000000','2019-03-12 00:00:00.000000','Buctzotz','006',31),(2309,'2019-03-11 00:00:00.000000','2019-03-12 00:00:00.000000','Cacalchén','007',31),(2310,'2019-03-11 00:00:00.000000','2019-03-12 00:00:00.000000','Calotmul','008',31),(2311,'2019-03-11 00:00:00.000000','2019-03-12 00:00:00.000000','Cansahcab','009',31),(2312,'2019-03-11 00:00:00.000000','2019-03-12 00:00:00.000000','Cantamayec','010',31),(2313,'2019-03-11 00:00:00.000000','2019-03-12 00:00:00.000000','Celestún','011',31),(2314,'2019-03-11 00:00:00.000000','2019-03-12 00:00:00.000000','Cenotillo','012',31),(2315,'2019-03-11 00:00:00.000000','2019-03-12 00:00:00.000000','Conkal','013',31),(2316,'2019-03-11 00:00:00.000000','2019-03-12 00:00:00.000000','Cuncunul','014',31),(2317,'2019-03-11 00:00:00.000000','2019-03-12 00:00:00.000000','Cuzamá','015',31),(2318,'2019-03-11 00:00:00.000000','2019-03-12 00:00:00.000000','Chacsinkín','016',31),(2319,'2019-03-11 00:00:00.000000','2019-03-12 00:00:00.000000','Chankom','017',31),(2320,'2019-03-11 00:00:00.000000','2019-03-12 00:00:00.000000','Chapab','018',31),(2321,'2019-03-11 00:00:00.000000','2019-03-12 00:00:00.000000','Chemax','019',31),(2322,'2019-03-11 00:00:00.000000','2019-03-12 00:00:00.000000','Chicxulub Pueblo','020',31),(2323,'2019-03-11 00:00:00.000000','2019-03-12 00:00:00.000000','Chichimilá','021',31),(2324,'2019-03-11 00:00:00.000000','2019-03-12 00:00:00.000000','Chikindzonot','022',31),(2325,'2019-03-11 00:00:00.000000','2019-03-12 00:00:00.000000','Chocholá','023',31),(2326,'2019-03-11 00:00:00.000000','2019-03-12 00:00:00.000000','Chumayel','024',31),(2327,'2019-03-11 00:00:00.000000','2019-03-12 00:00:00.000000','Dzán','025',31),(2328,'2019-03-11 00:00:00.000000','2019-03-12 00:00:00.000000','Dzemul','026',31),(2329,'2019-03-11 00:00:00.000000','2019-03-12 00:00:00.000000','Dzidzantún','027',31),(2330,'2019-03-11 00:00:00.000000','2019-03-12 00:00:00.000000','Dzilam de Bravo','028',31),(2331,'2019-03-11 00:00:00.000000','2019-03-12 00:00:00.000000','Dzilam González','029',31),(2332,'2019-03-11 00:00:00.000000','2019-03-12 00:00:00.000000','Dzitás','030',31),(2333,'2019-03-11 00:00:00.000000','2019-03-12 00:00:00.000000','Dzoncauich','031',31),(2334,'2019-03-11 00:00:00.000000','2019-03-12 00:00:00.000000','Espita','032',31),(2335,'2019-03-11 00:00:00.000000','2019-03-12 00:00:00.000000','Halachó','033',31),(2336,'2019-03-11 00:00:00.000000','2019-03-12 00:00:00.000000','Hocabá','034',31),(2337,'2019-03-11 00:00:00.000000','2019-03-12 00:00:00.000000','Hoctún','035',31),(2338,'2019-03-11 00:00:00.000000','2019-03-12 00:00:00.000000','Homún','036',31),(2339,'2019-03-11 00:00:00.000000','2019-03-12 00:00:00.000000','Huhí','037',31),(2340,'2019-03-11 00:00:00.000000','2019-03-12 00:00:00.000000','Hunucmá','038',31),(2341,'2019-03-11 00:00:00.000000','2019-03-12 00:00:00.000000','Ixil','039',31),(2342,'2019-03-11 00:00:00.000000','2019-03-12 00:00:00.000000','Izamal','040',31),(2343,'2019-03-11 00:00:00.000000','2019-03-12 00:00:00.000000','Kanasín','041',31),(2344,'2019-03-11 00:00:00.000000','2019-03-12 00:00:00.000000','Kantunil','042',31),(2345,'2019-03-11 00:00:00.000000','2019-03-12 00:00:00.000000','Kaua','043',31),(2346,'2019-03-11 00:00:00.000000','2019-03-12 00:00:00.000000','Kinchil','044',31),(2347,'2019-03-11 00:00:00.000000','2019-03-12 00:00:00.000000','Kopomá','045',31),(2348,'2019-03-11 00:00:00.000000','2019-03-12 00:00:00.000000','Mama','046',31),(2349,'2019-03-11 00:00:00.000000','2019-03-12 00:00:00.000000','Maní','047',31),(2350,'2019-03-11 00:00:00.000000','2019-03-12 00:00:00.000000','Maxcanú','048',31),(2351,'2019-03-11 00:00:00.000000','2019-03-12 00:00:00.000000','Mayapán','049',31),(2352,'2019-03-11 00:00:00.000000','2019-03-12 00:00:00.000000','Mérida','050',31),(2353,'2019-03-11 00:00:00.000000','2019-03-12 00:00:00.000000','Mocochá','051',31),(2354,'2019-03-11 00:00:00.000000','2019-03-12 00:00:00.000000','Motul','052',31),(2355,'2019-03-11 00:00:00.000000','2019-03-12 00:00:00.000000','Muna','053',31),(2356,'2019-03-11 00:00:00.000000','2019-03-12 00:00:00.000000','Muxupip','054',31),(2357,'2019-03-11 00:00:00.000000','2019-03-12 00:00:00.000000','Opichén','055',31),(2358,'2019-03-11 00:00:00.000000','2019-03-12 00:00:00.000000','Oxkutzcab','056',31),(2359,'2019-03-11 00:00:00.000000','2019-03-12 00:00:00.000000','Panabá','057',31),(2360,'2019-03-11 00:00:00.000000','2019-03-12 00:00:00.000000','Peto','058',31),(2361,'2019-03-11 00:00:00.000000','2019-03-12 00:00:00.000000','Progreso','059',31),(2362,'2019-03-11 00:00:00.000000','2019-03-12 00:00:00.000000','Quintana Roo','060',31),(2363,'2019-03-11 00:00:00.000000','2019-03-12 00:00:00.000000','Río Lagartos','061',31),(2364,'2019-03-11 00:00:00.000000','2019-03-12 00:00:00.000000','Sacalum','062',31),(2365,'2019-03-11 00:00:00.000000','2019-03-12 00:00:00.000000','Samahil','063',31),(2366,'2019-03-11 00:00:00.000000','2019-03-12 00:00:00.000000','Sanahcat','064',31),(2367,'2019-03-11 00:00:00.000000','2019-03-12 00:00:00.000000','San Felipe','065',31),(2368,'2019-03-11 00:00:00.000000','2019-03-12 00:00:00.000000','Santa Elena','066',31),(2369,'2019-03-11 00:00:00.000000','2019-03-12 00:00:00.000000','Seyé','067',31),(2370,'2019-03-11 00:00:00.000000','2019-03-12 00:00:00.000000','Sinanché','068',31),(2371,'2019-03-11 00:00:00.000000','2019-03-12 00:00:00.000000','Sotuta','069',31),(2372,'2019-03-11 00:00:00.000000','2019-03-12 00:00:00.000000','Sucilá','070',31),(2373,'2019-03-11 00:00:00.000000','2019-03-12 00:00:00.000000','Sudzal','071',31),(2374,'2019-03-11 00:00:00.000000','2019-03-12 00:00:00.000000','Suma','072',31),(2375,'2019-03-11 00:00:00.000000','2019-03-12 00:00:00.000000','Tahdziú','073',31),(2376,'2019-03-11 00:00:00.000000','2019-03-12 00:00:00.000000','Tahmek','074',31),(2377,'2019-03-11 00:00:00.000000','2019-03-12 00:00:00.000000','Teabo','075',31),(2378,'2019-03-11 00:00:00.000000','2019-03-12 00:00:00.000000','Tecoh','076',31),(2379,'2019-03-11 00:00:00.000000','2019-03-12 00:00:00.000000','Tekal de Venegas','077',31),(2380,'2019-03-11 00:00:00.000000','2019-03-12 00:00:00.000000','Tekantó','078',31),(2381,'2019-03-11 00:00:00.000000','2019-03-12 00:00:00.000000','Tekax','079',31),(2382,'2019-03-11 00:00:00.000000','2019-03-12 00:00:00.000000','Tekit','080',31),(2383,'2019-03-11 00:00:00.000000','2019-03-12 00:00:00.000000','Tekom','081',31),(2384,'2019-03-11 00:00:00.000000','2019-03-12 00:00:00.000000','Telchac Pueblo','082',31),(2385,'2019-03-11 00:00:00.000000','2019-03-12 00:00:00.000000','Telchac Puerto','083',31),(2386,'2019-03-11 00:00:00.000000','2019-03-12 00:00:00.000000','Temax','084',31),(2387,'2019-03-11 00:00:00.000000','2019-03-12 00:00:00.000000','Temozón','085',31),(2388,'2019-03-11 00:00:00.000000','2019-03-12 00:00:00.000000','Tepakán','086',31),(2389,'2019-03-11 00:00:00.000000','2019-03-12 00:00:00.000000','Tetiz','087',31),(2390,'2019-03-11 00:00:00.000000','2019-03-12 00:00:00.000000','Teya','088',31),(2391,'2019-03-11 00:00:00.000000','2019-03-12 00:00:00.000000','Ticul','089',31),(2392,'2019-03-11 00:00:00.000000','2019-03-12 00:00:00.000000','Timucuy','090',31),(2393,'2019-03-11 00:00:00.000000','2019-03-12 00:00:00.000000','Tinum','091',31),(2394,'2019-03-11 00:00:00.000000','2019-03-12 00:00:00.000000','Tixcacalcupul','092',31),(2395,'2019-03-11 00:00:00.000000','2019-03-12 00:00:00.000000','Tixkokob','093',31),(2396,'2019-03-11 00:00:00.000000','2019-03-12 00:00:00.000000','Tixmehuac','094',31),(2397,'2019-03-11 00:00:00.000000','2019-03-12 00:00:00.000000','Tixpéhual','095',31),(2398,'2019-03-11 00:00:00.000000','2019-03-12 00:00:00.000000','Tizimín','096',31),(2399,'2019-03-11 00:00:00.000000','2019-03-12 00:00:00.000000','Tunkás','097',31),(2400,'2019-03-11 00:00:00.000000','2019-03-12 00:00:00.000000','Tzucacab','098',31),(2401,'2019-03-11 00:00:00.000000','2019-03-12 00:00:00.000000','Uayma','099',31),(2402,'2019-03-11 00:00:00.000000','2019-03-12 00:00:00.000000','Ucú','100',31),(2403,'2019-03-11 00:00:00.000000','2019-03-12 00:00:00.000000','Umán','101',31),(2404,'2019-03-11 00:00:00.000000','2019-03-12 00:00:00.000000','Valladolid','102',31),(2405,'2019-03-11 00:00:00.000000','2019-03-12 00:00:00.000000','Xocchel','103',31),(2406,'2019-03-11 00:00:00.000000','2019-03-12 00:00:00.000000','Yaxcabá','104',31),(2407,'2019-03-11 00:00:00.000000','2019-03-12 00:00:00.000000','Yaxkukul','105',31),(2408,'2019-03-11 00:00:00.000000','2019-03-12 00:00:00.000000','Yobaín','106',31),(2409,'2019-03-11 00:00:00.000000','2019-03-12 00:00:00.000000','Apozol','001',32),(2410,'2019-03-11 00:00:00.000000','2019-03-12 00:00:00.000000','Apulco','002',32),(2411,'2019-03-11 00:00:00.000000','2019-03-12 00:00:00.000000','Atolinga','003',32),(2412,'2019-03-11 00:00:00.000000','2019-03-12 00:00:00.000000','Benito Juárez','004',32),(2413,'2019-03-11 00:00:00.000000','2019-03-12 00:00:00.000000','Calera','005',32),(2414,'2019-03-11 00:00:00.000000','2019-03-12 00:00:00.000000','Cañitas de Felipe Pescador','006',32),(2415,'2019-03-11 00:00:00.000000','2019-03-12 00:00:00.000000','Concepción del Oro','007',32),(2416,'2019-03-11 00:00:00.000000','2019-03-12 00:00:00.000000','Cuauhtémoc','008',32),(2417,'2019-03-11 00:00:00.000000','2019-03-12 00:00:00.000000','Chalchihuites','009',32),(2418,'2019-03-11 00:00:00.000000','2019-03-12 00:00:00.000000','Fresnillo','010',32),(2419,'2019-03-11 00:00:00.000000','2019-03-12 00:00:00.000000','Trinidad García de la Cadena','011',32),(2420,'2019-03-11 00:00:00.000000','2019-03-12 00:00:00.000000','Genaro Codina','012',32),(2421,'2019-03-11 00:00:00.000000','2019-03-12 00:00:00.000000','General Enrique Estrada','013',32),(2422,'2019-03-11 00:00:00.000000','2019-03-12 00:00:00.000000','General Francisco R. Murguía','014',32),(2423,'2019-03-11 00:00:00.000000','2019-03-12 00:00:00.000000','El Plateado de Joaquín Amaro','015',32),(2424,'2019-03-11 00:00:00.000000','2019-03-12 00:00:00.000000','General Pánfilo Natera','016',32),(2425,'2019-03-11 00:00:00.000000','2019-03-12 00:00:00.000000','Guadalupe','017',32),(2426,'2019-03-11 00:00:00.000000','2019-03-12 00:00:00.000000','Huanusco','018',32),(2427,'2019-03-11 00:00:00.000000','2019-03-12 00:00:00.000000','Jalpa','019',32),(2428,'2019-03-11 00:00:00.000000','2019-03-12 00:00:00.000000','Jerez','020',32),(2429,'2019-03-11 00:00:00.000000','2019-03-12 00:00:00.000000','Jiménez del Teul','021',32),(2430,'2019-03-11 00:00:00.000000','2019-03-12 00:00:00.000000','Juan Aldama','022',32),(2431,'2019-03-11 00:00:00.000000','2019-03-12 00:00:00.000000','Juchipila','023',32),(2432,'2019-03-11 00:00:00.000000','2019-03-12 00:00:00.000000','Loreto','024',32),(2433,'2019-03-11 00:00:00.000000','2019-03-12 00:00:00.000000','Luis Moya','025',32),(2434,'2019-03-11 00:00:00.000000','2019-03-12 00:00:00.000000','Mazapil','026',32),(2435,'2019-03-11 00:00:00.000000','2019-03-12 00:00:00.000000','Melchor Ocampo','027',32),(2436,'2019-03-11 00:00:00.000000','2019-03-12 00:00:00.000000','Mezquital del Oro','028',32),(2437,'2019-03-11 00:00:00.000000','2019-03-12 00:00:00.000000','Miguel Auza','029',32),(2438,'2019-03-11 00:00:00.000000','2019-03-12 00:00:00.000000','Momax','030',32),(2439,'2019-03-11 00:00:00.000000','2019-03-12 00:00:00.000000','Monte Escobedo','031',32),(2440,'2019-03-11 00:00:00.000000','2019-03-12 00:00:00.000000','Morelos','032',32),(2441,'2019-03-11 00:00:00.000000','2019-03-12 00:00:00.000000','Moyahua de Estrada','033',32),(2442,'2019-03-11 00:00:00.000000','2019-03-12 00:00:00.000000','Nochistlán de Mejía','034',32),(2443,'2019-03-11 00:00:00.000000','2019-03-12 00:00:00.000000','Noria de Ángeles','035',32),(2444,'2019-03-11 00:00:00.000000','2019-03-12 00:00:00.000000','Ojocaliente','036',32),(2445,'2019-03-11 00:00:00.000000','2019-03-12 00:00:00.000000','Pánuco','037',32),(2446,'2019-03-11 00:00:00.000000','2019-03-12 00:00:00.000000','Pinos','038',32),(2447,'2019-03-11 00:00:00.000000','2019-03-12 00:00:00.000000','Río Grande','039',32),(2448,'2019-03-11 00:00:00.000000','2019-03-12 00:00:00.000000','Sain Alto','040',32),(2449,'2019-03-11 00:00:00.000000','2019-03-12 00:00:00.000000','El Salvador','041',32),(2450,'2019-03-11 00:00:00.000000','2019-03-12 00:00:00.000000','Sombrerete','042',32),(2451,'2019-03-11 00:00:00.000000','2019-03-12 00:00:00.000000','Susticacán','043',32),(2452,'2019-03-11 00:00:00.000000','2019-03-12 00:00:00.000000','Tabasco','044',32),(2453,'2019-03-11 00:00:00.000000','2019-03-12 00:00:00.000000','Tepechitlán','045',32),(2454,'2019-03-11 00:00:00.000000','2019-03-12 00:00:00.000000','Tepetongo','046',32),(2455,'2019-03-11 00:00:00.000000','2019-03-12 00:00:00.000000','Teúl de González Ortega','047',32),(2456,'2019-03-11 00:00:00.000000','2019-03-12 00:00:00.000000','Tlaltenango de Sánchez Román','048',32),(2457,'2019-03-11 00:00:00.000000','2019-03-12 00:00:00.000000','Valparaíso','049',32),(2458,'2019-03-11 00:00:00.000000','2019-03-12 00:00:00.000000','Vetagrande','050',32),(2459,'2019-03-11 00:00:00.000000','2019-03-12 00:00:00.000000','Villa de Cos','051',32),(2460,'2019-03-11 00:00:00.000000','2019-03-12 00:00:00.000000','Villa García','052',32),(2461,'2019-03-11 00:00:00.000000','2019-03-12 00:00:00.000000','Villa González Ortega','053',32),(2462,'2019-03-11 00:00:00.000000','2019-03-12 00:00:00.000000','Villa Hidalgo','054',32),(2463,'2019-03-11 00:00:00.000000','2019-03-12 00:00:00.000000','Villanueva','055',32),(2464,'2019-03-11 00:00:00.000000','2019-03-12 00:00:00.000000','Zacatecas','056',32),(2465,'2019-03-11 00:00:00.000000','2019-03-12 00:00:00.000000','Trancoso','057',32),(2466,'2019-03-11 00:00:00.000000','2019-03-12 00:00:00.000000','Santa María de la Paz','058',32);
/*!40000 ALTER TABLE `declaracion_catmunicipios` ENABLE KEYS */;
UNLOCK TABLES;

--
-- Table structure for table `declaracion_catnaturalezamembresia`
--

DROP TABLE IF EXISTS `declaracion_catnaturalezamembresia`;
/*!40101 SET @saved_cs_client     = @@character_set_client */;
/*!40101 SET character_set_client = utf8 */;
CREATE TABLE `declaracion_catnaturalezamembresia` (
  `id` int(11) NOT NULL AUTO_INCREMENT,
  `naturaleza_membresia` varchar(255) NOT NULL,
  `created_at` datetime(6) NOT NULL,
  `updated_at` datetime(6) NOT NULL,
  `default` int(11) NOT NULL,
  `orden` int(11) NOT NULL,
  `codigo` varchar(45) NOT NULL,
  PRIMARY KEY (`id`)
) ENGINE=InnoDB AUTO_INCREMENT=8 DEFAULT CHARSET=latin1;
/*!40101 SET character_set_client = @saved_cs_client */;

--
-- Dumping data for table `declaracion_catnaturalezamembresia`
--

LOCK TABLES `declaracion_catnaturalezamembresia` WRITE;
/*!40000 ALTER TABLE `declaracion_catnaturalezamembresia` DISABLE KEYS */;
INSERT INTO `declaracion_catnaturalezamembresia` VALUES (1,'Consejo y/o juntas','2019-03-13 00:00:00.000000','2019-03-13 00:00:00.000000',0,1,'CSJ'),(2,'Asociaciones civiles','2019-03-13 00:00:00.000000','2019-03-13 00:00:00.000000',0,1,'ASC'),(3,'Organizaciones benéficas','2019-03-13 00:00:00.000000','2019-03-13 00:00:00.000000',0,1,'ORGB'),(4,'Partidos políticos','2019-03-13 00:00:00.000000','2019-03-13 00:00:00.000000',0,1,'PP'),(5,'Otros (especificar)','2019-03-13 00:00:00.000000','2019-03-13 00:00:00.000000',1,2,'OTRO'),(6,'Directorio','2019-03-13 00:00:00.000000','2019-03-13 00:00:00.000000',0,1,'DIR'),(7,'Junta','2019-03-13 00:00:00.000000','2019-03-13 00:00:00.000000',0,1,'JNT');
/*!40000 ALTER TABLE `declaracion_catnaturalezamembresia` ENABLE KEYS */;
UNLOCK TABLES;

--
-- Table structure for table `declaracion_catordenesgobierno`
--

DROP TABLE IF EXISTS `declaracion_catordenesgobierno`;
/*!40101 SET @saved_cs_client     = @@character_set_client */;
/*!40101 SET character_set_client = utf8 */;
CREATE TABLE `declaracion_catordenesgobierno` (
  `id` int(11) NOT NULL AUTO_INCREMENT,
  `orden_gobierno` varchar(255) NOT NULL,
  `created_at` datetime(6) NOT NULL,
  `updated_at` datetime(6) NOT NULL,
  `default` int(11) NOT NULL,
  `orden` int(11) NOT NULL,
  `codigo` varchar(45) NOT NULL,
  PRIMARY KEY (`id`)
) ENGINE=InnoDB AUTO_INCREMENT=4 DEFAULT CHARSET=latin1;
/*!40101 SET character_set_client = @saved_cs_client */;

--
-- Dumping data for table `declaracion_catordenesgobierno`
--

LOCK TABLES `declaracion_catordenesgobierno` WRITE;
/*!40000 ALTER TABLE `declaracion_catordenesgobierno` DISABLE KEYS */;
INSERT INTO `declaracion_catordenesgobierno` VALUES (1,'Federal','2019-03-12 00:00:00.000000','2019-03-12 00:00:00.000000',0,1,'FEDERAL'),(2,'Estatal','2019-03-12 00:00:00.000000','2019-03-12 00:00:00.000000',0,1,'ESTATAL'),(3,'Municipal alcaldia','2019-03-12 00:00:00.000000','2019-03-12 00:00:00.000000',0,1,'MUNICIPAL_ALCALDIA');
/*!40000 ALTER TABLE `declaracion_catordenesgobierno` ENABLE KEYS */;
UNLOCK TABLES;

--
-- Table structure for table `declaracion_catpaises`
--

DROP TABLE IF EXISTS `declaracion_catpaises`;
/*!40101 SET @saved_cs_client     = @@character_set_client */;
/*!40101 SET character_set_client = utf8 */;
CREATE TABLE `declaracion_catpaises` (
  `id` int(11) NOT NULL AUTO_INCREMENT,
  `pais` varchar(255) NOT NULL,
  `created_at` datetime(6) NOT NULL,
  `updated_at` datetime(6) NOT NULL,
  `default` int(11) NOT NULL,
  `orden` int(11) NOT NULL,
  `codigo` varchar(3) NOT NULL,
  PRIMARY KEY (`id`)
) ENGINE=InnoDB AUTO_INCREMENT=247 DEFAULT CHARSET=latin1;
/*!40101 SET character_set_client = @saved_cs_client */;

--
-- Dumping data for table `declaracion_catpaises`
--

LOCK TABLES `declaracion_catpaises` WRITE;
/*!40000 ALTER TABLE `declaracion_catpaises` DISABLE KEYS */;
INSERT INTO `declaracion_catpaises` VALUES (1,'Afghanistan','2019-04-01 00:00:00.000000','2019-04-01 00:00:00.000000',0,1,'AF'),(2,'Aland Islands','2019-04-01 00:00:00.000000','2019-04-01 00:00:00.000000',0,1,'AX'),(3,'Albania','2019-04-01 00:00:00.000000','2019-04-01 00:00:00.000000',0,1,'AL'),(4,'Algeria','2019-04-01 00:00:00.000000','2019-04-01 00:00:00.000000',0,1,'DZ'),(5,'American Samoa','2019-04-01 00:00:00.000000','2019-04-01 00:00:00.000000',0,1,'AS'),(6,'Andorra','2019-04-01 00:00:00.000000','2019-04-01 00:00:00.000000',0,1,'AD'),(7,'Angola','2019-04-01 00:00:00.000000','2019-04-01 00:00:00.000000',0,1,'AO'),(8,'Anguilla','2019-04-01 00:00:00.000000','2019-04-01 00:00:00.000000',0,1,'AI'),(9,'Antarctica','2019-04-01 00:00:00.000000','2019-04-01 00:00:00.000000',0,1,'AQ'),(10,'Antigua and Barbuda','2019-04-01 00:00:00.000000','2019-04-01 00:00:00.000000',0,1,'AG'),(11,'Argentina','2019-04-01 00:00:00.000000','2019-04-01 00:00:00.000000',0,1,'AR'),(12,'Armenia','2019-04-01 00:00:00.000000','2019-04-01 00:00:00.000000',0,1,'AM'),(13,'Aruba','2019-04-01 00:00:00.000000','2019-04-01 00:00:00.000000',0,1,'AW'),(14,'Australia','2019-04-01 00:00:00.000000','2019-04-01 00:00:00.000000',0,1,'AU'),(15,'Austria','2019-04-01 00:00:00.000000','2019-04-01 00:00:00.000000',0,1,'AT'),(16,'Azerbaijan','2019-04-01 00:00:00.000000','2019-04-01 00:00:00.000000',0,1,'AZ'),(17,'Bahamas','2019-04-01 00:00:00.000000','2019-04-01 00:00:00.000000',0,1,'BS'),(18,'Bahrain','2019-04-01 00:00:00.000000','2019-04-01 00:00:00.000000',0,1,'BH'),(19,'Bangladesh','2019-04-01 00:00:00.000000','2019-04-01 00:00:00.000000',0,1,'BD'),(20,'Barbados','2019-04-01 00:00:00.000000','2019-04-01 00:00:00.000000',0,1,'BB'),(21,'Belarus','2019-04-01 00:00:00.000000','2019-04-01 00:00:00.000000',0,1,'BY'),(22,'Belgium','2019-04-01 00:00:00.000000','2019-04-01 00:00:00.000000',0,1,'BE'),(23,'Belize','2019-04-01 00:00:00.000000','2019-04-01 00:00:00.000000',0,1,'BZ'),(24,'Benin','2019-04-01 00:00:00.000000','2019-04-01 00:00:00.000000',0,1,'BJ'),(25,'Bermuda','2019-04-01 00:00:00.000000','2019-04-01 00:00:00.000000',0,1,'BM'),(26,'Bhutan','2019-04-01 00:00:00.000000','2019-04-01 00:00:00.000000',0,1,'BT'),(27,'Bolivia, Plurinational State of','2019-04-01 00:00:00.000000','2019-04-01 00:00:00.000000',0,1,'BO'),(28,'Bosnia and Herzegovina','2019-04-01 00:00:00.000000','2019-04-01 00:00:00.000000',0,1,'BA'),(29,'Botswana','2019-04-01 00:00:00.000000','2019-04-01 00:00:00.000000',0,1,'BW'),(30,'Bouvet Island','2019-04-01 00:00:00.000000','2019-04-01 00:00:00.000000',0,1,'BV'),(31,'Brazil','2019-04-01 00:00:00.000000','2019-04-01 00:00:00.000000',0,1,'BR'),(32,'British Indian Ocean Territory','2019-04-01 00:00:00.000000','2019-04-01 00:00:00.000000',0,1,'IO'),(33,'Brunei Darussalam','2019-04-01 00:00:00.000000','2019-04-01 00:00:00.000000',0,1,'BN'),(34,'Bulgaria','2019-04-01 00:00:00.000000','2019-04-01 00:00:00.000000',0,1,'BG'),(35,'Burkina Faso','2019-04-01 00:00:00.000000','2019-04-01 00:00:00.000000',0,1,'BF'),(36,'Burundi','2019-04-01 00:00:00.000000','2019-04-01 00:00:00.000000',0,1,'BI'),(37,'Cambodia','2019-04-01 00:00:00.000000','2019-04-01 00:00:00.000000',0,1,'KH'),(38,'Cameroon','2019-04-01 00:00:00.000000','2019-04-01 00:00:00.000000',0,1,'CM'),(39,'Canada','2019-04-01 00:00:00.000000','2019-04-01 00:00:00.000000',0,1,'CA'),(40,'Cape Verde','2019-04-01 00:00:00.000000','2019-04-01 00:00:00.000000',0,1,'CV'),(41,'Cayman Islands','2019-04-01 00:00:00.000000','2019-04-01 00:00:00.000000',0,1,'KY'),(42,'Central African Republic','2019-04-01 00:00:00.000000','2019-04-01 00:00:00.000000',0,1,'CF'),(43,'Chad','2019-04-01 00:00:00.000000','2019-04-01 00:00:00.000000',0,1,'TD'),(44,'Chile','2019-04-01 00:00:00.000000','2019-04-01 00:00:00.000000',0,1,'CL'),(45,'China','2019-04-01 00:00:00.000000','2019-04-01 00:00:00.000000',0,1,'CN'),(46,'Christmas Island','2019-04-01 00:00:00.000000','2019-04-01 00:00:00.000000',0,1,'CX'),(47,'Cocos (Keeling) Islands','2019-04-01 00:00:00.000000','2019-04-01 00:00:00.000000',0,1,'CC'),(48,'Colombia','2019-04-01 00:00:00.000000','2019-04-01 00:00:00.000000',0,1,'CO'),(49,'Comoros','2019-04-01 00:00:00.000000','2019-04-01 00:00:00.000000',0,1,'KM'),(50,'Congo','2019-04-01 00:00:00.000000','2019-04-01 00:00:00.000000',0,1,'CG'),(51,'Congo, the Democratic Republic of the','2019-04-01 00:00:00.000000','2019-04-01 00:00:00.000000',0,1,'CD'),(52,'Cook Islands','2019-04-01 00:00:00.000000','2019-04-01 00:00:00.000000',0,1,'CK'),(53,'Costa Rica','2019-04-01 00:00:00.000000','2019-04-01 00:00:00.000000',0,1,'CR'),(54,'Cote d\'Ivoire','2019-04-01 00:00:00.000000','2019-04-01 00:00:00.000000',0,1,'CI'),(55,'Croatia','2019-04-01 00:00:00.000000','2019-04-01 00:00:00.000000',0,1,'HR'),(56,'Cuba','2019-04-01 00:00:00.000000','2019-04-01 00:00:00.000000',0,1,'CU'),(57,'Cyprus','2019-04-01 00:00:00.000000','2019-04-01 00:00:00.000000',0,1,'CY'),(58,'Czech Republic','2019-04-01 00:00:00.000000','2019-04-01 00:00:00.000000',0,1,'CZ'),(59,'Denmark','2019-04-01 00:00:00.000000','2019-04-01 00:00:00.000000',0,1,'DK'),(60,'Djibouti','2019-04-01 00:00:00.000000','2019-04-01 00:00:00.000000',0,1,'DJ'),(61,'Dominica','2019-04-01 00:00:00.000000','2019-04-01 00:00:00.000000',0,1,'DM'),(62,'Dominican Republic','2019-04-01 00:00:00.000000','2019-04-01 00:00:00.000000',0,1,'DO'),(63,'Ecuador','2019-04-01 00:00:00.000000','2019-04-01 00:00:00.000000',0,1,'EC'),(64,'Egypt','2019-04-01 00:00:00.000000','2019-04-01 00:00:00.000000',0,1,'EG'),(65,'El Salvador','2019-04-01 00:00:00.000000','2019-04-01 00:00:00.000000',0,1,'SV'),(66,'Equatorial Guinea','2019-04-01 00:00:00.000000','2019-04-01 00:00:00.000000',0,1,'GQ'),(67,'Eritrea','2019-04-01 00:00:00.000000','2019-04-01 00:00:00.000000',0,1,'ER'),(68,'Estonia','2019-04-01 00:00:00.000000','2019-04-01 00:00:00.000000',0,1,'EE'),(69,'Ethiopia','2019-04-01 00:00:00.000000','2019-04-01 00:00:00.000000',0,1,'ET'),(70,'Falkland Islands (Malvinas)','2019-04-01 00:00:00.000000','2019-04-01 00:00:00.000000',0,1,'FK'),(71,'Faroe Islands','2019-04-01 00:00:00.000000','2019-04-01 00:00:00.000000',0,1,'FO'),(72,'Fiji','2019-04-01 00:00:00.000000','2019-04-01 00:00:00.000000',0,1,'FJ'),(73,'Finland','2019-04-01 00:00:00.000000','2019-04-01 00:00:00.000000',0,1,'FI'),(74,'France','2019-04-01 00:00:00.000000','2019-04-01 00:00:00.000000',0,1,'FR'),(75,'French Guiana','2019-04-01 00:00:00.000000','2019-04-01 00:00:00.000000',0,1,'GF'),(76,'French Polynesia','2019-04-01 00:00:00.000000','2019-04-01 00:00:00.000000',0,1,'PF'),(77,'French Southern Territories','2019-04-01 00:00:00.000000','2019-04-01 00:00:00.000000',0,1,'TF'),(78,'Gabon','2019-04-01 00:00:00.000000','2019-04-01 00:00:00.000000',0,1,'GA'),(79,'Gambia','2019-04-01 00:00:00.000000','2019-04-01 00:00:00.000000',0,1,'GM'),(80,'Georgia','2019-04-01 00:00:00.000000','2019-04-01 00:00:00.000000',0,1,'GE'),(81,'Germany','2019-04-01 00:00:00.000000','2019-04-01 00:00:00.000000',0,1,'DE'),(82,'Ghana','2019-04-01 00:00:00.000000','2019-04-01 00:00:00.000000',0,1,'GH'),(83,'Gibraltar','2019-04-01 00:00:00.000000','2019-04-01 00:00:00.000000',0,1,'GI'),(84,'Greece','2019-04-01 00:00:00.000000','2019-04-01 00:00:00.000000',0,1,'GR'),(85,'Greenland','2019-04-01 00:00:00.000000','2019-04-01 00:00:00.000000',0,1,'GL'),(86,'Grenada','2019-04-01 00:00:00.000000','2019-04-01 00:00:00.000000',0,1,'GD'),(87,'Guadeloupe','2019-04-01 00:00:00.000000','2019-04-01 00:00:00.000000',0,1,'GP'),(88,'Guam','2019-04-01 00:00:00.000000','2019-04-01 00:00:00.000000',0,1,'GU'),(89,'Guatemala','2019-04-01 00:00:00.000000','2019-04-01 00:00:00.000000',0,1,'GT'),(90,'Guernsey','2019-04-01 00:00:00.000000','2019-04-01 00:00:00.000000',0,1,'GG'),(91,'Guinea','2019-04-01 00:00:00.000000','2019-04-01 00:00:00.000000',0,1,'GN'),(92,'Guinea-Bissau','2019-04-01 00:00:00.000000','2019-04-01 00:00:00.000000',0,1,'GW'),(93,'Guyana','2019-04-01 00:00:00.000000','2019-04-01 00:00:00.000000',0,1,'GY'),(94,'Haiti','2019-04-01 00:00:00.000000','2019-04-01 00:00:00.000000',0,1,'HT'),(95,'Heard Island and McDonald Islands','2019-04-01 00:00:00.000000','2019-04-01 00:00:00.000000',0,1,'HM'),(96,'Holy See (Vatican City State)','2019-04-01 00:00:00.000000','2019-04-01 00:00:00.000000',0,1,'VA'),(97,'Honduras','2019-04-01 00:00:00.000000','2019-04-01 00:00:00.000000',0,1,'HN'),(98,'Hong Kong','2019-04-01 00:00:00.000000','2019-04-01 00:00:00.000000',0,1,'HK'),(99,'Hungary','2019-04-01 00:00:00.000000','2019-04-01 00:00:00.000000',0,1,'HU'),(100,'Iceland','2019-04-01 00:00:00.000000','2019-04-01 00:00:00.000000',0,1,'IS'),(101,'India','2019-04-01 00:00:00.000000','2019-04-01 00:00:00.000000',0,1,'IN'),(102,'Indonesia','2019-04-01 00:00:00.000000','2019-04-01 00:00:00.000000',0,1,'ID'),(103,'Iran, Islamic Republic of','2019-04-01 00:00:00.000000','2019-04-01 00:00:00.000000',0,1,'IR'),(104,'Iraq','2019-04-01 00:00:00.000000','2019-04-01 00:00:00.000000',0,1,'IQ'),(105,'Ireland','2019-04-01 00:00:00.000000','2019-04-01 00:00:00.000000',0,1,'IE'),(106,'Isle of Man','2019-04-01 00:00:00.000000','2019-04-01 00:00:00.000000',0,1,'IM'),(107,'Israel','2019-04-01 00:00:00.000000','2019-04-01 00:00:00.000000',0,1,'IL'),(108,'Italy','2019-04-01 00:00:00.000000','2019-04-01 00:00:00.000000',0,1,'IT'),(109,'Jamaica','2019-04-01 00:00:00.000000','2019-04-01 00:00:00.000000',0,1,'JM'),(110,'Japan','2019-04-01 00:00:00.000000','2019-04-01 00:00:00.000000',0,1,'JP'),(111,'Jersey','2019-04-01 00:00:00.000000','2019-04-01 00:00:00.000000',0,1,'JE'),(112,'Jordan','2019-04-01 00:00:00.000000','2019-04-01 00:00:00.000000',0,1,'JO'),(113,'Kazakhstan','2019-04-01 00:00:00.000000','2019-04-01 00:00:00.000000',0,1,'KZ'),(114,'Kenya','2019-04-01 00:00:00.000000','2019-04-01 00:00:00.000000',0,1,'KE'),(115,'Kiribati','2019-04-01 00:00:00.000000','2019-04-01 00:00:00.000000',0,1,'KI'),(116,'Korea, Democratic People\'s Republic of','2019-04-01 00:00:00.000000','2019-04-01 00:00:00.000000',0,1,'KP'),(117,'Korea, Republic of','2019-04-01 00:00:00.000000','2019-04-01 00:00:00.000000',0,1,'KR'),(118,'Kuwait','2019-04-01 00:00:00.000000','2019-04-01 00:00:00.000000',0,1,'KW'),(119,'Kyrgyzstan','2019-04-01 00:00:00.000000','2019-04-01 00:00:00.000000',0,1,'KG'),(120,'Lao People\'s Democratic Republic','2019-04-01 00:00:00.000000','2019-04-01 00:00:00.000000',0,1,'LA'),(121,'Latvia','2019-04-01 00:00:00.000000','2019-04-01 00:00:00.000000',0,1,'LV'),(122,'Lebanon','2019-04-01 00:00:00.000000','2019-04-01 00:00:00.000000',0,1,'LB'),(123,'Lesotho','2019-04-01 00:00:00.000000','2019-04-01 00:00:00.000000',0,1,'LS'),(124,'Liberia','2019-04-01 00:00:00.000000','2019-04-01 00:00:00.000000',0,1,'LR'),(125,'Libyan Arab Jamahiriya','2019-04-01 00:00:00.000000','2019-04-01 00:00:00.000000',0,1,'LY'),(126,'Liechtenstein','2019-04-01 00:00:00.000000','2019-04-01 00:00:00.000000',0,1,'LI'),(127,'Lithuania','2019-04-01 00:00:00.000000','2019-04-01 00:00:00.000000',0,1,'LT'),(128,'Luxembourg','2019-04-01 00:00:00.000000','2019-04-01 00:00:00.000000',0,1,'LU'),(129,'Macao','2019-04-01 00:00:00.000000','2019-04-01 00:00:00.000000',0,1,'MO'),(130,'Macedonia, the former Yugoslav Republic of','2019-04-01 00:00:00.000000','2019-04-01 00:00:00.000000',0,1,'MK'),(131,'Madagascar','2019-04-01 00:00:00.000000','2019-04-01 00:00:00.000000',0,1,'MG'),(132,'Malawi','2019-04-01 00:00:00.000000','2019-04-01 00:00:00.000000',0,1,'MW'),(133,'Malaysia','2019-04-01 00:00:00.000000','2019-04-01 00:00:00.000000',0,1,'MY'),(134,'Maldives','2019-04-01 00:00:00.000000','2019-04-01 00:00:00.000000',0,1,'MV'),(135,'Mali','2019-04-01 00:00:00.000000','2019-04-01 00:00:00.000000',0,1,'ML'),(136,'Malta','2019-04-01 00:00:00.000000','2019-04-01 00:00:00.000000',0,1,'MT'),(137,'Marshall Islands','2019-04-01 00:00:00.000000','2019-04-01 00:00:00.000000',0,1,'MH'),(138,'Martinique','2019-04-01 00:00:00.000000','2019-04-01 00:00:00.000000',0,1,'MQ'),(139,'Mauritania','2019-04-01 00:00:00.000000','2019-04-01 00:00:00.000000',0,1,'MR'),(140,'Mauritius','2019-04-01 00:00:00.000000','2019-04-01 00:00:00.000000',0,1,'MU'),(141,'Mayotte','2019-04-01 00:00:00.000000','2019-04-01 00:00:00.000000',0,1,'YT'),(142,'México','2019-04-01 00:00:00.000000','2019-04-01 00:00:00.000000',1,1,'MX'),(143,'Micronesia, Federated States of','2019-04-01 00:00:00.000000','2019-04-01 00:00:00.000000',0,1,'FM'),(144,'Moldova, Republic of','2019-04-01 00:00:00.000000','2019-04-01 00:00:00.000000',0,1,'MD'),(145,'Monaco','2019-04-01 00:00:00.000000','2019-04-01 00:00:00.000000',0,1,'MC'),(146,'Mongolia','2019-04-01 00:00:00.000000','2019-04-01 00:00:00.000000',0,1,'MN'),(147,'Montenegro','2019-04-01 00:00:00.000000','2019-04-01 00:00:00.000000',0,1,'ME'),(148,'Montserrat','2019-04-01 00:00:00.000000','2019-04-01 00:00:00.000000',0,1,'MS'),(149,'Morocco','2019-04-01 00:00:00.000000','2019-04-01 00:00:00.000000',0,1,'MA'),(150,'Mozambique','2019-04-01 00:00:00.000000','2019-04-01 00:00:00.000000',0,1,'MZ'),(151,'Myanmar','2019-04-01 00:00:00.000000','2019-04-01 00:00:00.000000',0,1,'MM'),(152,'Namibia','2019-04-01 00:00:00.000000','2019-04-01 00:00:00.000000',0,1,'NA'),(153,'Nauru','2019-04-01 00:00:00.000000','2019-04-01 00:00:00.000000',0,1,'NR'),(154,'Nepal','2019-04-01 00:00:00.000000','2019-04-01 00:00:00.000000',0,1,'NP'),(155,'Netherlands','2019-04-01 00:00:00.000000','2019-04-01 00:00:00.000000',0,1,'NL'),(156,'Netherlands Antilles','2019-04-01 00:00:00.000000','2019-04-01 00:00:00.000000',0,1,'AN'),(157,'New Caledonia','2019-04-01 00:00:00.000000','2019-04-01 00:00:00.000000',0,1,'NC'),(158,'New Zealand','2019-04-01 00:00:00.000000','2019-04-01 00:00:00.000000',0,1,'NZ'),(159,'Nicaragua','2019-04-01 00:00:00.000000','2019-04-01 00:00:00.000000',0,1,'NI'),(160,'Niger','2019-04-01 00:00:00.000000','2019-04-01 00:00:00.000000',0,1,'NE'),(161,'Nigeria','2019-04-01 00:00:00.000000','2019-04-01 00:00:00.000000',0,1,'NG'),(162,'Niue','2019-04-01 00:00:00.000000','2019-04-01 00:00:00.000000',0,1,'NU'),(163,'Norfolk Island','2019-04-01 00:00:00.000000','2019-04-01 00:00:00.000000',0,1,'NF'),(164,'Northern Mariana Islands','2019-04-01 00:00:00.000000','2019-04-01 00:00:00.000000',0,1,'MP'),(165,'Norway','2019-04-01 00:00:00.000000','2019-04-01 00:00:00.000000',0,1,'NO'),(166,'Oman','2019-04-01 00:00:00.000000','2019-04-01 00:00:00.000000',0,1,'OM'),(167,'Pakistan','2019-04-01 00:00:00.000000','2019-04-01 00:00:00.000000',0,1,'PK'),(168,'Palau','2019-04-01 00:00:00.000000','2019-04-01 00:00:00.000000',0,1,'PW'),(169,'Palestinian Territory, Occupied','2019-04-01 00:00:00.000000','2019-04-01 00:00:00.000000',0,1,'PS'),(170,'Panama','2019-04-01 00:00:00.000000','2019-04-01 00:00:00.000000',0,1,'PA'),(171,'Papua New Guinea','2019-04-01 00:00:00.000000','2019-04-01 00:00:00.000000',0,1,'PG'),(172,'Paraguay','2019-04-01 00:00:00.000000','2019-04-01 00:00:00.000000',0,1,'PY'),(173,'Peru','2019-04-01 00:00:00.000000','2019-04-01 00:00:00.000000',0,1,'PE'),(174,'Philippines','2019-04-01 00:00:00.000000','2019-04-01 00:00:00.000000',0,1,'PH'),(175,'Pitcairn','2019-04-01 00:00:00.000000','2019-04-01 00:00:00.000000',0,1,'PN'),(176,'Poland','2019-04-01 00:00:00.000000','2019-04-01 00:00:00.000000',0,1,'PL'),(177,'Portugal','2019-04-01 00:00:00.000000','2019-04-01 00:00:00.000000',0,1,'PT'),(178,'Puerto Rico','2019-04-01 00:00:00.000000','2019-04-01 00:00:00.000000',0,1,'PR'),(179,'Qatar','2019-04-01 00:00:00.000000','2019-04-01 00:00:00.000000',0,1,'QA'),(180,'Reunion  Réunion','2019-04-01 00:00:00.000000','2019-04-01 00:00:00.000000',0,1,'RE'),(181,'Romania','2019-04-01 00:00:00.000000','2019-04-01 00:00:00.000000',0,1,'RO'),(182,'Russian Federation','2019-04-01 00:00:00.000000','2019-04-01 00:00:00.000000',0,1,'RU'),(183,'Rwanda','2019-04-01 00:00:00.000000','2019-04-01 00:00:00.000000',0,1,'RW'),(184,'Saint Barthélemy','2019-04-01 00:00:00.000000','2019-04-01 00:00:00.000000',0,1,'BL'),(185,'Saint Helena','2019-04-01 00:00:00.000000','2019-04-01 00:00:00.000000',0,1,'SH'),(186,'Saint Kitts and Nevis','2019-04-01 00:00:00.000000','2019-04-01 00:00:00.000000',0,1,'KN'),(187,'Saint Lucia','2019-04-01 00:00:00.000000','2019-04-01 00:00:00.000000',0,1,'LC'),(188,'Saint Martin (French part)','2019-04-01 00:00:00.000000','2019-04-01 00:00:00.000000',0,1,'MF'),(189,'Saint Pierre and Miquelon','2019-04-01 00:00:00.000000','2019-04-01 00:00:00.000000',0,1,'PM'),(190,'Saint Vincent and the Grenadines','2019-04-01 00:00:00.000000','2019-04-01 00:00:00.000000',0,1,'VC'),(191,'Samoa','2019-04-01 00:00:00.000000','2019-04-01 00:00:00.000000',0,1,'WS'),(192,'San Marino','2019-04-01 00:00:00.000000','2019-04-01 00:00:00.000000',0,1,'SM'),(193,'Sao Tome and Principe','2019-04-01 00:00:00.000000','2019-04-01 00:00:00.000000',0,1,'ST'),(194,'Saudi Arabia','2019-04-01 00:00:00.000000','2019-04-01 00:00:00.000000',0,1,'SA'),(195,'Senegal','2019-04-01 00:00:00.000000','2019-04-01 00:00:00.000000',0,1,'SN'),(196,'Serbia','2019-04-01 00:00:00.000000','2019-04-01 00:00:00.000000',0,1,'RS'),(197,'Seychelles','2019-04-01 00:00:00.000000','2019-04-01 00:00:00.000000',0,1,'SC'),(198,'Sierra Leone','2019-04-01 00:00:00.000000','2019-04-01 00:00:00.000000',0,1,'SL'),(199,'Singapore','2019-04-01 00:00:00.000000','2019-04-01 00:00:00.000000',0,1,'SG'),(200,'Slovakia','2019-04-01 00:00:00.000000','2019-04-01 00:00:00.000000',0,1,'SK'),(201,'Slovenia','2019-04-01 00:00:00.000000','2019-04-01 00:00:00.000000',0,1,'SI'),(202,'Solomon Islands','2019-04-01 00:00:00.000000','2019-04-01 00:00:00.000000',0,1,'SB'),(203,'Somalia','2019-04-01 00:00:00.000000','2019-04-01 00:00:00.000000',0,1,'SO'),(204,'South Africa','2019-04-01 00:00:00.000000','2019-04-01 00:00:00.000000',0,1,'ZA'),(205,'South Georgia and the South Sandwich Islands','2019-04-01 00:00:00.000000','2019-04-01 00:00:00.000000',0,1,'GS'),(206,'Spain','2019-04-01 00:00:00.000000','2019-04-01 00:00:00.000000',0,1,'ES'),(207,'Sri Lanka','2019-04-01 00:00:00.000000','2019-04-01 00:00:00.000000',0,1,'LK'),(208,'Sudan','2019-04-01 00:00:00.000000','2019-04-01 00:00:00.000000',0,1,'SD'),(209,'Suriname','2019-04-01 00:00:00.000000','2019-04-01 00:00:00.000000',0,1,'SR'),(210,'Svalbard and Jan Mayen','2019-04-01 00:00:00.000000','2019-04-01 00:00:00.000000',0,1,'SJ'),(211,'Swaziland','2019-04-01 00:00:00.000000','2019-04-01 00:00:00.000000',0,1,'SZ'),(212,'Sweden','2019-04-01 00:00:00.000000','2019-04-01 00:00:00.000000',0,1,'SE'),(213,'Switzerland','2019-04-01 00:00:00.000000','2019-04-01 00:00:00.000000',0,1,'CH'),(214,'Syrian Arab Republic','2019-04-01 00:00:00.000000','2019-04-01 00:00:00.000000',0,1,'SY'),(215,'Taiwan, Province of China','2019-04-01 00:00:00.000000','2019-04-01 00:00:00.000000',0,1,'TW'),(216,'Tajikistan','2019-04-01 00:00:00.000000','2019-04-01 00:00:00.000000',0,1,'TJ'),(217,'Tanzania, United Republic of','2019-04-01 00:00:00.000000','2019-04-01 00:00:00.000000',0,1,'TZ'),(218,'Thailand','2019-04-01 00:00:00.000000','2019-04-01 00:00:00.000000',0,1,'TH'),(219,'Timor-Leste','2019-04-01 00:00:00.000000','2019-04-01 00:00:00.000000',0,1,'TL'),(220,'Togo','2019-04-01 00:00:00.000000','2019-04-01 00:00:00.000000',0,1,'TG'),(221,'Tokelau','2019-04-01 00:00:00.000000','2019-04-01 00:00:00.000000',0,1,'TK'),(222,'Tonga','2019-04-01 00:00:00.000000','2019-04-01 00:00:00.000000',0,1,'TO'),(223,'Trinidad and Tobago','2019-04-01 00:00:00.000000','2019-04-01 00:00:00.000000',0,1,'TT'),(224,'Tunisia','2019-04-01 00:00:00.000000','2019-04-01 00:00:00.000000',0,1,'TN'),(225,'Turkey','2019-04-01 00:00:00.000000','2019-04-01 00:00:00.000000',0,1,'TR'),(226,'Turkmenistan','2019-04-01 00:00:00.000000','2019-04-01 00:00:00.000000',0,1,'TM'),(227,'Turks and Caicos Islands','2019-04-01 00:00:00.000000','2019-04-01 00:00:00.000000',0,1,'TC'),(228,'Tuvalu','2019-04-01 00:00:00.000000','2019-04-01 00:00:00.000000',0,1,'TV'),(229,'Uganda','2019-04-01 00:00:00.000000','2019-04-01 00:00:00.000000',0,1,'UG'),(230,'Ukraine','2019-04-01 00:00:00.000000','2019-04-01 00:00:00.000000',0,1,'UA'),(231,'United Arab Emirates','2019-04-01 00:00:00.000000','2019-04-01 00:00:00.000000',0,1,'AE'),(232,'United Kingdom','2019-04-01 00:00:00.000000','2019-04-01 00:00:00.000000',0,1,'GB'),(233,'United States','2019-04-01 00:00:00.000000','2019-04-01 00:00:00.000000',0,1,'US'),(234,'United States Minor Outlying Islands','2019-04-01 00:00:00.000000','2019-04-01 00:00:00.000000',0,1,'UM'),(235,'Uruguay','2019-04-01 00:00:00.000000','2019-04-01 00:00:00.000000',0,1,'UY'),(236,'Uzbekistan','2019-04-01 00:00:00.000000','2019-04-01 00:00:00.000000',0,1,'UZ'),(237,'Vanuatu','2019-04-01 00:00:00.000000','2019-04-01 00:00:00.000000',0,1,'VU'),(238,'Venezuela, Bolivarian Republic of','2019-04-01 00:00:00.000000','2019-04-01 00:00:00.000000',0,1,'VE'),(239,'Viet Nam','2019-04-01 00:00:00.000000','2019-04-01 00:00:00.000000',0,1,'VN'),(240,'Virgin Islands, British','2019-04-01 00:00:00.000000','2019-04-01 00:00:00.000000',0,1,'VG'),(241,'Virgin Islands, U.S.','2019-04-01 00:00:00.000000','2019-04-01 00:00:00.000000',0,1,'VI'),(242,'Wallis and Futuna','2019-04-01 00:00:00.000000','2019-04-01 00:00:00.000000',0,1,'WF'),(243,'Western Sahara','2019-04-01 00:00:00.000000','2019-04-01 00:00:00.000000',0,1,'EH'),(244,'Yemen','2019-04-01 00:00:00.000000','2019-04-01 00:00:00.000000',0,1,'YE'),(245,'Zambia','2019-04-01 00:00:00.000000','2019-04-01 00:00:00.000000',0,1,'ZM'),(246,'Zimbabwe','2019-04-01 00:00:00.000000','2019-04-01 00:00:00.000000',0,1,'ZW');
/*!40000 ALTER TABLE `declaracion_catpaises` ENABLE KEYS */;
UNLOCK TABLES;

--
-- Table structure for table `declaracion_catpoderes`
--

DROP TABLE IF EXISTS `declaracion_catpoderes`;
/*!40101 SET @saved_cs_client     = @@character_set_client */;
/*!40101 SET character_set_client = utf8 */;
CREATE TABLE `declaracion_catpoderes` (
  `id` int(11) NOT NULL AUTO_INCREMENT,
  `poder` varchar(255) NOT NULL,
  `created_at` datetime(6) NOT NULL,
  `updated_at` datetime(6) NOT NULL,
  `default` int(11) NOT NULL,
  `orden` int(11) NOT NULL,
  `codigo` varchar(45) NOT NULL,
  PRIMARY KEY (`id`)
) ENGINE=InnoDB AUTO_INCREMENT=5 DEFAULT CHARSET=latin1;
/*!40101 SET character_set_client = @saved_cs_client */;

--
-- Dumping data for table `declaracion_catpoderes`
--

LOCK TABLES `declaracion_catpoderes` WRITE;
/*!40000 ALTER TABLE `declaracion_catpoderes` DISABLE KEYS */;
INSERT INTO `declaracion_catpoderes` VALUES (1,'Ejecutivo','2019-03-12 00:00:00.000000','2019-03-12 00:00:00.000000',0,1,'EJECUTIVO'),(2,'Judicial','2019-03-12 00:00:00.000000','2019-03-12 00:00:00.000000',0,1,'LEGISLATIVO'),(3,'Legislativo','2019-03-12 00:00:00.000000','2019-03-12 00:00:00.000000',0,1,'JUDICIAL'),(4,'Organo autonomo','2019-03-12 00:00:00.000000','2019-03-12 00:00:00.000000',0,1,'ORGANO_AUTONOMO');
/*!40000 ALTER TABLE `declaracion_catpoderes` ENABLE KEYS */;
UNLOCK TABLES;

--
-- Table structure for table `declaracion_catpuestos`
--

DROP TABLE IF EXISTS `declaracion_catpuestos`;
/*!40101 SET @saved_cs_client     = @@character_set_client */;
/*!40101 SET character_set_client = utf8 */;
CREATE TABLE `declaracion_catpuestos` (
  `id` int(11) NOT NULL AUTO_INCREMENT,
  `puesto` varchar(100) DEFAULT NULL,
  `created_at` datetime(6) NOT NULL,
  `updated_at` datetime(6) NOT NULL,
  `default` int(11) NOT NULL,
  `orden` int(11) NOT NULL,
  `codigo` varchar(45) NOT NULL,
  PRIMARY KEY (`id`)
) ENGINE=InnoDB AUTO_INCREMENT=4 DEFAULT CHARSET=latin1;
/*!40101 SET character_set_client = @saved_cs_client */;

--
-- Dumping data for table `declaracion_catpuestos`
--

LOCK TABLES `declaracion_catpuestos` WRITE;
/*!40000 ALTER TABLE `declaracion_catpuestos` DISABLE KEYS */;
INSERT INTO `declaracion_catpuestos` VALUES (1,'SECRETARIA','2019-04-02 16:03:21.000000','2019-04-02 16:03:21.000000',0,1,''),(2,'DIRECCION DE TECNOLOGÍAS Y  PLATAFORMAS','2019-04-02 16:03:21.000000','2019-04-02 16:03:21.000000',0,1,''),(3,'DIRECCION DE INTELIGENCIA DE DATOS','2019-04-02 16:03:21.000000','2019-04-02 16:03:21.000000',1,1,'');
/*!40000 ALTER TABLE `declaracion_catpuestos` ENABLE KEYS */;
UNLOCK TABLES;

--
-- Table structure for table `declaracion_catregimenesmatrimoniales`
--

DROP TABLE IF EXISTS `declaracion_catregimenesmatrimoniales`;
/*!40101 SET @saved_cs_client     = @@character_set_client */;
/*!40101 SET character_set_client = utf8 */;
CREATE TABLE `declaracion_catregimenesmatrimoniales` (
  `id` int(11) NOT NULL AUTO_INCREMENT,
  `regimen_matrimonial` varchar(255) NOT NULL,
  `created_at` datetime(6) NOT NULL,
  `updated_at` datetime(6) NOT NULL,
  `default` int(11) NOT NULL,
  `orden` int(11) NOT NULL,
  `codigo` varchar(45) NOT NULL,
  PRIMARY KEY (`id`)
) ENGINE=InnoDB AUTO_INCREMENT=5 DEFAULT CHARSET=latin1;
/*!40101 SET character_set_client = @saved_cs_client */;

--
-- Dumping data for table `declaracion_catregimenesmatrimoniales`
--

LOCK TABLES `declaracion_catregimenesmatrimoniales` WRITE;
/*!40000 ALTER TABLE `declaracion_catregimenesmatrimoniales` DISABLE KEYS */;
INSERT INTO `declaracion_catregimenesmatrimoniales` VALUES (2,'SOCIEDAD CONYUGAL','2019-03-12 00:00:00.000000','2019-03-12 00:00:00.000000',0,1,'SOC'),(3,'SEPARACIÓN DE BIENES','2019-03-12 00:00:00.000000','2019-03-12 00:00:00.000000',0,1,'SBI'),(4,'OTRO','2019-03-12 00:00:00.000000','2019-03-12 00:00:00.000000',0,1,'OTR');
/*!40000 ALTER TABLE `declaracion_catregimenesmatrimoniales` ENABLE KEYS */;
UNLOCK TABLES;

--
-- Table structure for table `declaracion_catsectoresindustria`
--

DROP TABLE IF EXISTS `declaracion_catsectoresindustria`;
/*!40101 SET @saved_cs_client     = @@character_set_client */;
/*!40101 SET character_set_client = utf8 */;
CREATE TABLE `declaracion_catsectoresindustria` (
  `id` int(11) NOT NULL AUTO_INCREMENT,
  `sector_industria` varchar(255) NOT NULL,
  `created_at` datetime(6) NOT NULL,
  `updated_at` datetime(6) NOT NULL,
  `default` int(11) NOT NULL,
  `orden` int(11) NOT NULL,
  `codigo` varchar(45) NOT NULL,
  PRIMARY KEY (`id`)
) ENGINE=InnoDB AUTO_INCREMENT=38 DEFAULT CHARSET=latin1;
/*!40101 SET character_set_client = @saved_cs_client */;

--
-- Dumping data for table `declaracion_catsectoresindustria`
--

LOCK TABLES `declaracion_catsectoresindustria` WRITE;
/*!40000 ALTER TABLE `declaracion_catsectoresindustria` DISABLE KEYS */;
INSERT INTO `declaracion_catsectoresindustria` VALUES (21,'Agricultura','2019-03-12 00:00:00.000000','2019-03-12 00:00:00.000000',0,1,'AGRI'),(22,'Minería','2019-03-12 00:00:00.000000','2019-03-12 00:00:00.000000',0,1,'MIN'),(23,'Energía eléctrica','2019-03-12 00:00:00.000000','2019-03-12 00:00:00.000000',0,1,'EELECT'),(24,'Construcción','2019-03-12 00:00:00.000000','2019-03-12 00:00:00.000000',0,1,'CONS'),(25,'Industrias manufactureras','2019-03-12 00:00:00.000000','2019-03-12 00:00:00.000000',0,1,'INDMANU'),(26,'Comercio al por mayor','2019-03-12 00:00:00.000000','2019-03-12 00:00:00.000000',0,1,'CMAYOR'),(27,'Comercio al por menor','2019-03-12 00:00:00.000000','2019-03-12 00:00:00.000000',0,1,'CMENOR'),(28,'Transportes','2019-03-12 00:00:00.000000','2019-03-12 00:00:00.000000',0,1,'TRANS'),(29,'Medios masivos','2019-03-12 00:00:00.000000','2019-03-12 00:00:00.000000',0,1,'MEDIOM'),(30,'Servicios financieros','2019-03-12 00:00:00.000000','2019-03-12 00:00:00.000000',0,1,'SERVFIN'),(31,'Servicios inmobiliarios','2019-03-12 00:00:00.000000','2019-03-12 00:00:00.000000',0,1,'SERVINM'),(32,'Servicios profesionales','2019-03-12 00:00:00.000000','2019-03-12 00:00:00.000000',0,1,'SERVPROF'),(33,'Servicios corporativos','2019-03-12 00:00:00.000000','2019-03-12 00:00:00.000000',0,1,'SERVCORP'),(34,'Servicios de salud','2019-03-12 00:00:00.000000','2019-03-12 00:00:00.000000',0,1,'SERVS'),(35,'Servicios de esparcimiento','2019-03-12 00:00:00.000000','2019-03-12 00:00:00.000000',0,1,'SERVESPAR'),(36,'Servicios de alojamiento','2019-03-12 00:00:00.000000','2019-03-12 00:00:00.000000',0,1,'SERVALOJ'),(37,'Otro (Especifique)','2019-03-13 00:00:00.000000','2019-03-13 00:00:00.000000',1,1,'OTRO');
/*!40000 ALTER TABLE `declaracion_catsectoresindustria` ENABLE KEYS */;
UNLOCK TABLES;

--
-- Table structure for table `declaracion_cattipoparticipacion`
--

DROP TABLE IF EXISTS `declaracion_cattipoparticipacion`;
/*!40101 SET @saved_cs_client     = @@character_set_client */;
/*!40101 SET character_set_client = utf8 */;
CREATE TABLE `declaracion_cattipoparticipacion` (
  `id` int(11) NOT NULL AUTO_INCREMENT,
  `tipo_participacion` varchar(45) DEFAULT NULL,
  `created_at` datetime(6) NOT NULL,
  `updated_at` datetime(6) NOT NULL,
  `codigo` varchar(45) NOT NULL,
  PRIMARY KEY (`id`)
) ENGINE=InnoDB AUTO_INCREMENT=11 DEFAULT CHARSET=latin1;
/*!40101 SET character_set_client = @saved_cs_client */;

--
-- Dumping data for table `declaracion_cattipoparticipacion`
--

LOCK TABLES `declaracion_cattipoparticipacion` WRITE;
/*!40000 ALTER TABLE `declaracion_cattipoparticipacion` DISABLE KEYS */;
INSERT INTO `declaracion_cattipoparticipacion` VALUES (1,'Co-vendedor','2019-04-04 04:29:57.000000','2019-04-04 04:29:57.000000',''),(2,'Copropietario','2019-04-04 04:29:57.000000','2019-04-04 04:29:57.000000',''),(3,'Fidecomitente','2019-04-04 04:29:57.000000','2019-04-04 04:29:57.000000','FIDECOMITENTE'),(4,'Fidecomisario','2019-04-04 04:29:57.000000','2019-04-04 04:29:57.000000','FIDECOMISARIO'),(5,'Fiduciario','2019-04-04 04:29:57.000000','2019-04-04 04:29:57.000000','FIDUCIARIO'),(6,'Prestario o Deudor','2019-04-04 04:29:57.000000','2019-04-04 04:29:57.000000',''),(7,'Declarante','2019-04-04 04:29:57.000000','2019-04-04 04:29:57.000000',''),(8,'Copropietario','2019-04-04 04:29:57.000000','2019-04-04 04:29:57.000000',''),(9,'Comité Técnico','2019-04-04 04:29:57.000000','2019-04-04 04:29:57.000000','COMITE_TECNICO'),(10,'Propietario anterior','2019-03-26 18:13:24.000000','2019-03-26 18:13:24.000000','');
/*!40000 ALTER TABLE `declaracion_cattipoparticipacion` ENABLE KEYS */;
UNLOCK TABLES;

--
-- Table structure for table `declaracion_cattipopersona`
--

DROP TABLE IF EXISTS `declaracion_cattipopersona`;
/*!40101 SET @saved_cs_client     = @@character_set_client */;
/*!40101 SET character_set_client = utf8 */;
CREATE TABLE `declaracion_cattipopersona` (
  `id` int(11) NOT NULL AUTO_INCREMENT,
  `tipo_persona` varchar(45) DEFAULT NULL,
  `created_at` datetime(6) NOT NULL,
  `updated_at` datetime(6) NOT NULL,
  `default` int(11) NOT NULL,
  `orden` int(11) NOT NULL,
  `codigo` varchar(45) NOT NULL,
  PRIMARY KEY (`id`)
) ENGINE=InnoDB AUTO_INCREMENT=22 DEFAULT CHARSET=latin1;
/*!40101 SET character_set_client = @saved_cs_client */;

--
-- Dumping data for table `declaracion_cattipopersona`
--

LOCK TABLES `declaracion_cattipopersona` WRITE;
/*!40000 ALTER TABLE `declaracion_cattipopersona` DISABLE KEYS */;
INSERT INTO `declaracion_cattipopersona` VALUES (1,'Declarante','2019-04-02 14:56:48.000000','2019-04-02 14:56:48.000000',0,1,''),(2,'Dependiente','2019-04-02 14:56:48.000000','2019-04-02 14:56:48.000000',0,1,''),(3,'Empresa','2019-04-02 14:56:48.000000','2019-04-02 14:56:48.000000',0,1,''),(4,'Socio','2019-04-02 14:56:48.000000','2019-04-02 14:56:48.000000',0,1,'SCIO'),(5,'Cliente','2019-04-02 14:56:48.000000','2019-04-02 14:56:48.000000',0,1,''),(6,'Sociedad','2019-04-02 14:56:48.000000','2019-04-02 14:56:48.000000',0,1,''),(7,'Institucin','2019-04-02 14:56:48.000000','2019-04-02 14:56:48.000000',0,1,''),(8,'Fideicomisario','2019-04-04 04:47:28.000000','2019-04-04 04:47:28.000000',0,1,'FIDEICOMITENTE'),(9,'Fideicomitente','2019-04-04 04:47:38.000000','2019-04-04 04:47:38.000000',0,1,'FIDUCIARIO'),(10,'Fiduciario','2019-04-04 04:47:51.000000','2019-04-04 04:47:51.000000',0,1,'FIDEICOMISARIO'),(11,'Comité Técnico','2019-04-04 04:47:51.000000','2019-04-04 04:47:51.000000',0,1,'COMITE_TECNICO'),(12,'Copropietario','2019-04-04 09:37:44.000000','2019-04-04 09:37:44.000000',0,1,''),(13,'Propietario anterior','2019-04-04 09:37:57.000000','2019-04-04 09:37:57.000000',0,1,''),(14,'Prestatario','2019-04-04 21:28:02.000000','2019-04-04 21:28:02.000000',0,1,''),(15,'Accionista','2019-04-04 21:28:02.000000','2019-04-04 21:28:02.000000',0,1,'ACCI'),(16,'Comisario','2019-04-04 21:28:02.000000','2019-04-04 21:28:02.000000',0,1,'COMI'),(17,'Representante','2019-04-04 21:28:02.000000','2019-04-04 21:28:02.000000',0,1,'REPR'),(18,'Apoderado','2019-04-04 21:28:02.000000','2019-04-04 21:28:02.000000',0,1,'APOD'),(19,'Colaborador','2019-04-04 21:28:02.000000','2019-04-04 21:28:02.000000',0,1,'COLB'),(20,'Beneficiario','2019-04-04 21:28:02.000000','2019-04-04 21:28:02.000000',0,1,'BENE'),(21,'Otros','2019-04-04 21:28:02.000000','2019-04-04 21:28:02.000000',0,1,'OTRO');
/*!40000 ALTER TABLE `declaracion_cattipopersona` ENABLE KEYS */;
UNLOCK TABLES;

--
-- Table structure for table `declaracion_cattiposacreedores`
--

DROP TABLE IF EXISTS `declaracion_cattiposacreedores`;
/*!40101 SET @saved_cs_client     = @@character_set_client */;
/*!40101 SET character_set_client = utf8 */;
CREATE TABLE `declaracion_cattiposacreedores` (
  `id` int(11) NOT NULL AUTO_INCREMENT,
  `tipo_acreedor` varchar(255) NOT NULL,
  `created_at` datetime(6) NOT NULL,
  `updated_at` datetime(6) NOT NULL,
  `default` int(11) NOT NULL,
  `orden` int(11) NOT NULL,
  `codigo` varchar(45) NOT NULL,
  PRIMARY KEY (`id`)
) ENGINE=InnoDB AUTO_INCREMENT=5 DEFAULT CHARSET=latin1;
/*!40101 SET character_set_client = @saved_cs_client */;

--
-- Dumping data for table `declaracion_cattiposacreedores`
--

LOCK TABLES `declaracion_cattiposacreedores` WRITE;
/*!40000 ALTER TABLE `declaracion_cattiposacreedores` DISABLE KEYS */;
INSERT INTO `declaracion_cattiposacreedores` VALUES (1,'Institución financiera','2019-03-13 00:00:00.000000','2019-03-13 00:00:00.000000',0,1,'INSTF'),(2,'Persona moral no financiera','2019-03-13 00:00:00.000000','2019-03-13 00:00:00.000000',0,1,'PMNF'),(3,'Persona física','2019-03-13 00:00:00.000000','2019-03-13 00:00:00.000000',0,1,'PFIS'),(4,'Otro (especificar)','2019-03-13 00:00:00.000000','2019-03-13 00:00:00.000000',1,1,'OTRO');
/*!40000 ALTER TABLE `declaracion_cattiposacreedores` ENABLE KEYS */;
UNLOCK TABLES;

--
-- Table structure for table `declaracion_cattiposactividad`
--

DROP TABLE IF EXISTS `declaracion_cattiposactividad`;
/*!40101 SET @saved_cs_client     = @@character_set_client */;
/*!40101 SET character_set_client = utf8 */;
CREATE TABLE `declaracion_cattiposactividad` (
  `id` int(11) NOT NULL AUTO_INCREMENT,
  `tipo_actividad` varchar(255) NOT NULL,
  `created_at` datetime(6) NOT NULL,
  `updated_at` datetime(6) NOT NULL,
  `default` int(11) NOT NULL,
  `orden` int(11) NOT NULL,
  `codigo` varchar(45) NOT NULL,
  PRIMARY KEY (`id`)
) ENGINE=InnoDB AUTO_INCREMENT=8 DEFAULT CHARSET=latin1;
/*!40101 SET character_set_client = @saved_cs_client */;

--
-- Dumping data for table `declaracion_cattiposactividad`
--

LOCK TABLES `declaracion_cattiposactividad` WRITE;
/*!40000 ALTER TABLE `declaracion_cattiposactividad` DISABLE KEYS */;
INSERT INTO `declaracion_cattiposactividad` VALUES (1,'Arrendamiento','2019-03-13 00:00:00.000000','2019-03-13 00:00:00.000000',0,1,'AVS'),(2,'Regalía','2019-03-13 00:00:00.000000','2019-03-13 00:00:00.000000',0,1,'AL'),(3,'Sorteos','2019-03-13 00:00:00.000000','2019-03-13 00:00:00.000000',0,1,'BR'),(4,'Concursos','2019-03-13 00:00:00.000000','2019-03-13 00:00:00.000000',0,1,'COM'),(5,'Donaciones','2019-03-13 00:00:00.000000','2019-03-13 00:00:00.000000',0,1,'DEC'),(6,'Seguros de vida','2019-03-13 00:00:00.000000','2019-03-13 00:00:00.000000',0,1,'EDU'),(7,'Otro (Especifique)','2019-03-13 00:00:00.000000','2019-03-13 00:00:00.000000',1,1,'OTRO');
/*!40000 ALTER TABLE `declaracion_cattiposactividad` ENABLE KEYS */;
UNLOCK TABLES;

--
-- Table structure for table `declaracion_cattiposadeudos`
--

DROP TABLE IF EXISTS `declaracion_cattiposadeudos`;
/*!40101 SET @saved_cs_client     = @@character_set_client */;
/*!40101 SET character_set_client = utf8 */;
CREATE TABLE `declaracion_cattiposadeudos` (
  `id` int(11) NOT NULL AUTO_INCREMENT,
  `tipo_adeudo` varchar(255) NOT NULL,
  `created_at` datetime(6) NOT NULL,
  `updated_at` datetime(6) NOT NULL,
  `default` int(11) NOT NULL,
  `orden` int(11) NOT NULL,
  `codigo` varchar(45) NOT NULL,
  PRIMARY KEY (`id`)
) ENGINE=InnoDB AUTO_INCREMENT=8 DEFAULT CHARSET=latin1;
/*!40101 SET character_set_client = @saved_cs_client */;

--
-- Dumping data for table `declaracion_cattiposadeudos`
--

LOCK TABLES `declaracion_cattiposadeudos` WRITE;
/*!40000 ALTER TABLE `declaracion_cattiposadeudos` DISABLE KEYS */;
INSERT INTO `declaracion_cattiposadeudos` VALUES (1,'Crédito hipotecario','2019-03-13 00:00:00.000000','2019-03-13 00:00:00.000000',0,1,'CHIP'),(2,'Crédito automotriz','2019-03-13 00:00:00.000000','2019-03-13 00:00:00.000000',0,1,'CAUT'),(3,'Crédito personal','2019-03-13 00:00:00.000000','2019-03-13 00:00:00.000000',0,1,'CPER'),(4,'Tarjeta de crédito bancaria','2019-03-13 00:00:00.000000','2019-03-13 00:00:00.000000',0,1,'TCRN'),(5,'Tarjeta de crédito departamental','2019-03-13 00:00:00.000000','2019-03-13 00:00:00.000000',0,1,'TCRD'),(6,'Prestamo personal','2019-03-13 00:00:00.000000','2019-03-13 00:00:00.000000',0,1,'PRPE'),(7,'Otro (Especifique)','2019-03-13 00:00:00.000000','2019-03-13 00:00:00.000000',1,1,'OTRO');
/*!40000 ALTER TABLE `declaracion_cattiposadeudos` ENABLE KEYS */;
UNLOCK TABLES;

--
-- Table structure for table `declaracion_cattiposapoyos`
--

DROP TABLE IF EXISTS `declaracion_cattiposapoyos`;
/*!40101 SET @saved_cs_client     = @@character_set_client */;
/*!40101 SET character_set_client = utf8 */;
CREATE TABLE `declaracion_cattiposapoyos` (
  `id` int(11) NOT NULL AUTO_INCREMENT,
  `tipo_apoyo` varchar(255) NOT NULL,
  `created_at` datetime(6) NOT NULL,
  `updated_at` datetime(6) NOT NULL,
  `default` int(11) NOT NULL,
  `orden` int(11) NOT NULL,
  `codigo` varchar(45) NOT NULL,
  PRIMARY KEY (`id`)
) ENGINE=InnoDB AUTO_INCREMENT=5 DEFAULT CHARSET=latin1;
/*!40101 SET character_set_client = @saved_cs_client */;

--
-- Dumping data for table `declaracion_cattiposapoyos`
--

LOCK TABLES `declaracion_cattiposapoyos` WRITE;
/*!40000 ALTER TABLE `declaracion_cattiposapoyos` DISABLE KEYS */;
INSERT INTO `declaracion_cattiposapoyos` VALUES (1,'Subsidio','2019-03-13 00:00:00.000000','2019-03-13 00:00:00.000000',0,1,'SUB'),(2,'Servicio','2019-03-13 00:00:00.000000','2019-03-13 00:00:00.000000',0,1,'SER'),(3,'Obra','2019-03-13 00:00:00.000000','2019-03-13 00:00:00.000000',0,1,'OBRA'),(4,'Otro (Especifique)','2019-03-13 00:00:00.000000','2019-03-13 00:00:00.000000',1,1,'OTRO');
/*!40000 ALTER TABLE `declaracion_cattiposapoyos` ENABLE KEYS */;
UNLOCK TABLES;

--
-- Table structure for table `declaracion_cattiposbeneficios`
--

DROP TABLE IF EXISTS `declaracion_cattiposbeneficios`;
/*!40101 SET @saved_cs_client     = @@character_set_client */;
/*!40101 SET character_set_client = utf8 */;
CREATE TABLE `declaracion_cattiposbeneficios` (
  `id` int(11) NOT NULL AUTO_INCREMENT,
  `tipo_beneficio` varchar(255) NOT NULL,
  `created_at` datetime(6) NOT NULL,
  `updated_at` datetime(6) NOT NULL,
  `default` int(11) NOT NULL,
  `orden` int(11) NOT NULL,
  `codigo` varchar(45) NOT NULL,
  PRIMARY KEY (`id`)
) ENGINE=InnoDB AUTO_INCREMENT=5 DEFAULT CHARSET=latin1;
/*!40101 SET character_set_client = @saved_cs_client */;

--
-- Dumping data for table `declaracion_cattiposbeneficios`
--

LOCK TABLES `declaracion_cattiposbeneficios` WRITE;
/*!40000 ALTER TABLE `declaracion_cattiposbeneficios` DISABLE KEYS */;
INSERT INTO `declaracion_cattiposbeneficios` VALUES (1,'Sorteo','2019-03-13 00:00:00.000000','2019-03-13 00:00:00.000000',0,1,'S'),(2,'Concurso','2019-03-13 00:00:00.000000','2019-03-13 00:00:00.000000',0,1,'C'),(3,'Donación','2019-03-13 00:00:00.000000','2019-03-13 00:00:00.000000',0,1,'D'),(4,'Otro (Especifique)','2019-03-13 00:00:00.000000','2019-03-13 00:00:00.000000',1,1,'O');
/*!40000 ALTER TABLE `declaracion_cattiposbeneficios` ENABLE KEYS */;
UNLOCK TABLES;

--
-- Table structure for table `declaracion_cattiposbienes`
--

DROP TABLE IF EXISTS `declaracion_cattiposbienes`;
/*!40101 SET @saved_cs_client     = @@character_set_client */;
/*!40101 SET character_set_client = utf8 */;
CREATE TABLE `declaracion_cattiposbienes` (
  `id` int(11) NOT NULL AUTO_INCREMENT,
  `tipo_bien` varchar(255) NOT NULL,
  `created_at` datetime(6) NOT NULL,
  `updated_at` datetime(6) NOT NULL,
  `default` int(11) NOT NULL,
  `orden` int(11) NOT NULL,
  `codigo` varchar(45) NOT NULL,
  PRIMARY KEY (`id`)
) ENGINE=InnoDB AUTO_INCREMENT=4 DEFAULT CHARSET=latin1;
/*!40101 SET character_set_client = @saved_cs_client */;

--
-- Dumping data for table `declaracion_cattiposbienes`
--

LOCK TABLES `declaracion_cattiposbienes` WRITE;
/*!40000 ALTER TABLE `declaracion_cattiposbienes` DISABLE KEYS */;
INSERT INTO `declaracion_cattiposbienes` VALUES (1,'Mueble','2019-03-13 00:00:00.000000','2019-03-13 00:00:00.000000',0,1,'MUEBLE'),(2,'Inmueble','2019-03-13 00:00:00.000000','2019-03-13 00:00:00.000000',0,1,'INMUEBLE'),(3,'Vehiculo','2019-03-13 00:00:00.000000','2019-03-13 00:00:00.000000',0,1,'VEHICULO');
/*!40000 ALTER TABLE `declaracion_cattiposbienes` ENABLE KEYS */;
UNLOCK TABLES;

--
-- Table structure for table `declaracion_cattiposdeclaracion`
--

DROP TABLE IF EXISTS `declaracion_cattiposdeclaracion`;
/*!40101 SET @saved_cs_client     = @@character_set_client */;
/*!40101 SET character_set_client = utf8 */;
CREATE TABLE `declaracion_cattiposdeclaracion` (
  `id` int(11) NOT NULL AUTO_INCREMENT,
  `tipo_declaracion` varchar(255) NOT NULL,
  `created_at` datetime(6) NOT NULL,
  `updated_at` datetime(6) NOT NULL,
  `default` int(11) NOT NULL,
  `orden` int(11) NOT NULL,
  `codigo` varchar(45) NOT NULL,
  PRIMARY KEY (`id`)
) ENGINE=InnoDB AUTO_INCREMENT=5 DEFAULT CHARSET=latin1;
/*!40101 SET character_set_client = @saved_cs_client */;

--
-- Dumping data for table `declaracion_cattiposdeclaracion`
--

LOCK TABLES `declaracion_cattiposdeclaracion` WRITE;
/*!40000 ALTER TABLE `declaracion_cattiposdeclaracion` DISABLE KEYS */;
INSERT INTO `declaracion_cattiposdeclaracion` VALUES (1,'Declaración inicial','2019-03-13 00:00:00.000000','2019-03-13 00:00:00.000000',0,1,'INICIAL'),(2,'Declaración de modificación patrimonial','2019-03-13 00:00:00.000000','2019-03-13 00:00:00.000000',0,1,'MODIFICACION'),(3,'Declaración de conclusión','2019-03-13 00:00:00.000000','2019-03-13 00:00:00.000000',0,1,'CONCLUSION'),(4,'Declaración de actualización','2019-03-13 00:00:00.000000','2019-03-13 00:00:00.000000',0,1,'ACTUALIZACION');
/*!40000 ALTER TABLE `declaracion_cattiposdeclaracion` ENABLE KEYS */;
UNLOCK TABLES;

--
-- Table structure for table `declaracion_cattiposespecificosinversiones`
--

DROP TABLE IF EXISTS `declaracion_cattiposespecificosinversiones`;
/*!40101 SET @saved_cs_client     = @@character_set_client */;
/*!40101 SET character_set_client = utf8 */;
CREATE TABLE `declaracion_cattiposespecificosinversiones` (
  `id` int(11) NOT NULL AUTO_INCREMENT,
  `tipo_especifico_inversion` varchar(255) NOT NULL,
  `created_at` datetime(6) NOT NULL,
  `updated_at` datetime(6) NOT NULL,
  `default` int(11) NOT NULL,
  `orden` int(11) NOT NULL,
  `codigo` varchar(45) NOT NULL,
  PRIMARY KEY (`id`)
) ENGINE=InnoDB AUTO_INCREMENT=9 DEFAULT CHARSET=latin1;
/*!40101 SET character_set_client = @saved_cs_client */;

--
-- Dumping data for table `declaracion_cattiposespecificosinversiones`
--

LOCK TABLES `declaracion_cattiposespecificosinversiones` WRITE;
/*!40000 ALTER TABLE `declaracion_cattiposespecificosinversiones` DISABLE KEYS */;
INSERT INTO `declaracion_cattiposespecificosinversiones` VALUES (1,'Acción','2019-03-13 00:00:00.000000','2019-03-13 00:00:00.000000',0,1,'ACCS'),(2,'Bonos','2019-03-13 00:00:00.000000','2019-03-13 00:00:00.000000',0,1,'BONS'),(3,'Valores','2019-03-13 00:00:00.000000','2019-03-13 00:00:00.000000',0,1,'VALRS'),(4,'Títulos','2019-03-13 00:00:00.000000','2019-03-13 00:00:00.000000',0,1,'TITLS'),(5,'Cuentas de ahorro','2019-03-13 00:00:00.000000','2019-03-13 00:00:00.000000',0,1,'CONTSA'),(6,'Fondo de retiro','2019-03-13 00:00:00.000000','2019-03-13 00:00:00.000000',0,1,'FRET'),(7,'Fondo de inversión','2019-03-13 00:00:00.000000','2019-03-13 00:00:00.000000',0,1,'FINV'),(8,'Otro (especifique)','2019-03-13 00:00:00.000000','2019-03-13 00:00:00.000000',1,1,'OTRO');
/*!40000 ALTER TABLE `declaracion_cattiposespecificosinversiones` ENABLE KEYS */;
UNLOCK TABLES;

--
-- Table structure for table `declaracion_cattiposfideicomisos`
--

DROP TABLE IF EXISTS `declaracion_cattiposfideicomisos`;
/*!40101 SET @saved_cs_client     = @@character_set_client */;
/*!40101 SET character_set_client = utf8 */;
CREATE TABLE `declaracion_cattiposfideicomisos` (
  `id` int(11) NOT NULL AUTO_INCREMENT,
  `tipo_fideicomiso` varchar(255) NOT NULL,
  `created_at` datetime(6) NOT NULL,
  `updated_at` datetime(6) NOT NULL,
  `default` int(11) NOT NULL,
  `orden` int(11) NOT NULL,
  `codigo` varchar(45) NOT NULL,
  PRIMARY KEY (`id`)
) ENGINE=InnoDB AUTO_INCREMENT=4 DEFAULT CHARSET=latin1;
/*!40101 SET character_set_client = @saved_cs_client */;

--
-- Dumping data for table `declaracion_cattiposfideicomisos`
--

LOCK TABLES `declaracion_cattiposfideicomisos` WRITE;
/*!40000 ALTER TABLE `declaracion_cattiposfideicomisos` DISABLE KEYS */;
INSERT INTO `declaracion_cattiposfideicomisos` VALUES (1,'Público','2019-03-13 00:00:00.000000','2019-03-13 00:00:00.000000',0,1,''),(2,'Privado','2019-03-13 00:00:00.000000','2019-03-13 00:00:00.000000',0,1,''),(3,'Mixto','2019-03-13 00:00:00.000000','2019-03-13 00:00:00.000000',0,1,'');
/*!40000 ALTER TABLE `declaracion_cattiposfideicomisos` ENABLE KEYS */;
UNLOCK TABLES;

--
-- Table structure for table `declaracion_cattiposingresosvarios`
--

DROP TABLE IF EXISTS `declaracion_cattiposingresosvarios`;
/*!40101 SET @saved_cs_client     = @@character_set_client */;
/*!40101 SET character_set_client = utf8 */;
CREATE TABLE `declaracion_cattiposingresosvarios` (
  `id` int(11) NOT NULL AUTO_INCREMENT,
  `tipo_ingreso_varios` varchar(255) NOT NULL,
  `created_at` datetime(6) NOT NULL,
  `updated_at` datetime(6) NOT NULL,
  `default` int(11) NOT NULL,
  `orden` int(11) NOT NULL,
  `codigo` varchar(45) NOT NULL,
  PRIMARY KEY (`id`)
) ENGINE=InnoDB DEFAULT CHARSET=latin1;
/*!40101 SET character_set_client = @saved_cs_client */;

--
-- Dumping data for table `declaracion_cattiposingresosvarios`
--

LOCK TABLES `declaracion_cattiposingresosvarios` WRITE;
/*!40000 ALTER TABLE `declaracion_cattiposingresosvarios` DISABLE KEYS */;
/*!40000 ALTER TABLE `declaracion_cattiposingresosvarios` ENABLE KEYS */;
UNLOCK TABLES;

--
-- Table structure for table `declaracion_cattiposinmuebles`
--

DROP TABLE IF EXISTS `declaracion_cattiposinmuebles`;
/*!40101 SET @saved_cs_client     = @@character_set_client */;
/*!40101 SET character_set_client = utf8 */;
CREATE TABLE `declaracion_cattiposinmuebles` (
  `id` int(11) NOT NULL AUTO_INCREMENT,
  `tipo_inmueble` varchar(255) NOT NULL,
  `created_at` datetime(6) NOT NULL,
  `updated_at` datetime(6) NOT NULL,
  `default` int(11) NOT NULL,
  `orden` int(11) NOT NULL,
  `codigo` varchar(45) NOT NULL,
  PRIMARY KEY (`id`)
) ENGINE=InnoDB AUTO_INCREMENT=10 DEFAULT CHARSET=latin1;
/*!40101 SET character_set_client = @saved_cs_client */;

--
-- Dumping data for table `declaracion_cattiposinmuebles`
--

LOCK TABLES `declaracion_cattiposinmuebles` WRITE;
/*!40000 ALTER TABLE `declaracion_cattiposinmuebles` DISABLE KEYS */;
INSERT INTO `declaracion_cattiposinmuebles` VALUES (1,'Casa','2019-03-13 00:00:00.000000','2019-03-13 00:00:00.000000',0,1,'CASA'),(2,'Departamento','2019-03-13 00:00:00.000000','2019-03-13 00:00:00.000000',0,1,'DPTO'),(3,'Edificio','2019-03-13 00:00:00.000000','2019-03-13 00:00:00.000000',0,1,'EDIF'),(4,'Local comercial','2019-03-13 00:00:00.000000','2019-03-13 00:00:00.000000',0,1,'LOCC'),(5,'Bodega','2019-03-13 00:00:00.000000','2019-03-13 00:00:00.000000',0,1,'BODG'),(6,'Palco','2019-03-13 00:00:00.000000','2019-03-13 00:00:00.000000',0,1,'PALC'),(7,'Terreno','2019-03-13 00:00:00.000000','2019-03-13 00:00:00.000000',0,1,'TERR'),(8,'Rancho','2019-03-13 00:00:00.000000','2019-03-13 00:00:00.000000',0,1,'RACH'),(9,'Otro (especifique)','2019-03-13 00:00:00.000000','2019-03-13 00:00:00.000000',1,1,'OTRO');
/*!40000 ALTER TABLE `declaracion_cattiposinmuebles` ENABLE KEYS */;
UNLOCK TABLES;

--
-- Table structure for table `declaracion_cattiposinstituciones`
--

DROP TABLE IF EXISTS `declaracion_cattiposinstituciones`;
/*!40101 SET @saved_cs_client     = @@character_set_client */;
/*!40101 SET character_set_client = utf8 */;
CREATE TABLE `declaracion_cattiposinstituciones` (
  `id` int(11) NOT NULL AUTO_INCREMENT,
  `tipo_institucion` varchar(255) NOT NULL,
  `created_at` datetime(6) NOT NULL,
  `updated_at` datetime(6) NOT NULL,
  `default` int(11) NOT NULL,
  `orden` int(11) NOT NULL,
  `codigo` varchar(45) NOT NULL,
  PRIMARY KEY (`id`)
) ENGINE=InnoDB AUTO_INCREMENT=6 DEFAULT CHARSET=latin1;
/*!40101 SET character_set_client = @saved_cs_client */;

--
-- Dumping data for table `declaracion_cattiposinstituciones`
--

LOCK TABLES `declaracion_cattiposinstituciones` WRITE;
/*!40000 ALTER TABLE `declaracion_cattiposinstituciones` DISABLE KEYS */;
INSERT INTO `declaracion_cattiposinstituciones` VALUES (1,'Organizaciones civiles','2019-03-13 00:00:00.000000','2019-03-13 00:00:00.000000',0,1,'OSC'),(2,'Organizaciones benéficas','2019-03-13 00:00:00.000000','2019-03-13 00:00:00.000000',0,1,'OB'),(3,'Partidos políticos','2019-03-13 00:00:00.000000','2019-03-13 00:00:00.000000',0,1,'PP'),(4,'Gremios/Sindicatos','2019-03-13 00:00:00.000000','2019-03-13 00:00:00.000000',0,1,'GS'),(5,'Otro (Especifique)','2019-03-13 00:00:00.000000','2019-03-13 00:00:00.000000',1,1,'OTRO');
/*!40000 ALTER TABLE `declaracion_cattiposinstituciones` ENABLE KEYS */;
UNLOCK TABLES;

--
-- Table structure for table `declaracion_cattiposinstrumentos`
--

DROP TABLE IF EXISTS `declaracion_cattiposinstrumentos`;
/*!40101 SET @saved_cs_client     = @@character_set_client */;
/*!40101 SET character_set_client = utf8 */;
CREATE TABLE `declaracion_cattiposinstrumentos` (
  `id` int(11) NOT NULL AUTO_INCREMENT,
  `created_at` datetime(6) NOT NULL,
  `updated_at` datetime(6) NOT NULL,
  `valor` varchar(255) NOT NULL,
  `clave` varchar(15) NOT NULL,
  PRIMARY KEY (`id`)
) ENGINE=InnoDB AUTO_INCREMENT=8 DEFAULT CHARSET=latin1;
/*!40101 SET character_set_client = @saved_cs_client */;

--
-- Dumping data for table `declaracion_cattiposinstrumentos`
--

LOCK TABLES `declaracion_cattiposinstrumentos` WRITE;
/*!40000 ALTER TABLE `declaracion_cattiposinstrumentos` DISABLE KEYS */;
INSERT INTO `declaracion_cattiposinstrumentos` VALUES (1,'2019-03-12 00:00:00.000000','2019-03-12 00:00:00.000000','Capital','CAP'),(2,'2019-03-12 00:00:00.000000','2019-03-12 00:00:00.000000','Fondos de inversión','FIN'),(3,'2019-03-12 00:00:00.000000','2019-03-12 00:00:00.000000','Organizaciones privadas','OPR'),(4,'2019-03-12 00:00:00.000000','2019-03-12 00:00:00.000000','Seguro de separación individualizado','SSI'),(5,'2019-03-12 00:00:00.000000','2019-03-12 00:00:00.000000','Valores Busátiles','VBU'),(6,'2019-03-12 00:00:00.000000','2019-03-12 00:00:00.000000','Bonos','BON'),(7,'2019-03-12 00:00:00.000000','2019-03-12 00:00:00.000000','Otros','OTRO');
/*!40000 ALTER TABLE `declaracion_cattiposinstrumentos` ENABLE KEYS */;
UNLOCK TABLES;

--
-- Table structure for table `declaracion_cattiposinversiones`
--

DROP TABLE IF EXISTS `declaracion_cattiposinversiones`;
/*!40101 SET @saved_cs_client     = @@character_set_client */;
/*!40101 SET character_set_client = utf8 */;
CREATE TABLE `declaracion_cattiposinversiones` (
  `id` int(11) NOT NULL AUTO_INCREMENT,
  `tipo_inversion` varchar(255) NOT NULL,
  `created_at` datetime(6) NOT NULL,
  `updated_at` datetime(6) NOT NULL,
  `default` int(11) NOT NULL,
  `orden` int(11) NOT NULL,
  `codigo` varchar(45) NOT NULL,
  PRIMARY KEY (`id`)
) ENGINE=InnoDB AUTO_INCREMENT=8 DEFAULT CHARSET=latin1;
/*!40101 SET character_set_client = @saved_cs_client */;

--
-- Dumping data for table `declaracion_cattiposinversiones`
--

LOCK TABLES `declaracion_cattiposinversiones` WRITE;
/*!40000 ALTER TABLE `declaracion_cattiposinversiones` DISABLE KEYS */;
INSERT INTO `declaracion_cattiposinversiones` VALUES (1,'Bancaria','2019-03-13 00:00:00.000000','2019-03-13 00:00:00.000000',0,1,'BANC'),(2,'Fondos de inversión','2019-03-13 00:00:00.000000','2019-03-13 00:00:00.000000',0,1,'FINV'),(3,'Organizaciones privadas y/o mercantiles','2019-03-13 00:00:00.000000','2019-03-13 00:00:00.000000',0,1,'ORPM'),(4,'Posesión de moneda y/o metales','2019-03-13 00:00:00.000000','2019-03-13 00:00:00.000000',0,1,'POMM'),(5,'Seguros','2019-03-13 00:00:00.000000','2019-03-13 00:00:00.000000',0,1,'SEGR'),(6,'Valores bursátiles','2019-03-13 00:00:00.000000','2019-03-13 00:00:00.000000',0,1,'VBUR'),(7,'Afores y otros','2019-03-13 00:00:00.000000','2019-03-13 00:00:00.000000',0,1,'AFOT');
/*!40000 ALTER TABLE `declaracion_cattiposinversiones` ENABLE KEYS */;
UNLOCK TABLES;

--
-- Table structure for table `declaracion_cattiposmetales`
--

DROP TABLE IF EXISTS `declaracion_cattiposmetales`;
/*!40101 SET @saved_cs_client     = @@character_set_client */;
/*!40101 SET character_set_client = utf8 */;
CREATE TABLE `declaracion_cattiposmetales` (
  `id` int(11) NOT NULL AUTO_INCREMENT,
  `tipo_metal` varchar(255) NOT NULL,
  `created_at` datetime(6) NOT NULL,
  `updated_at` datetime(6) NOT NULL,
  `default` int(11) NOT NULL,
  `orden` int(11) NOT NULL,
  `codigo` varchar(45) NOT NULL,
  PRIMARY KEY (`id`)
) ENGINE=InnoDB AUTO_INCREMENT=5 DEFAULT CHARSET=latin1;
/*!40101 SET character_set_client = @saved_cs_client */;

--
-- Dumping data for table `declaracion_cattiposmetales`
--

LOCK TABLES `declaracion_cattiposmetales` WRITE;
/*!40000 ALTER TABLE `declaracion_cattiposmetales` DISABLE KEYS */;
INSERT INTO `declaracion_cattiposmetales` VALUES (1,'Oro','2019-03-13 00:00:00.000000','2019-03-13 00:00:00.000000',0,1,'ORO'),(2,'Plata','2019-03-13 00:00:00.000000','2019-03-13 00:00:00.000000',0,1,'PLATA'),(3,'Cobre','2019-03-13 00:00:00.000000','2019-03-13 00:00:00.000000',0,1,'COBRE'),(4,'Otro (Especifique)','2019-03-13 00:00:00.000000','2019-03-13 00:00:00.000000',1,1,'OTRO');
/*!40000 ALTER TABLE `declaracion_cattiposmetales` ENABLE KEYS */;
UNLOCK TABLES;

--
-- Table structure for table `declaracion_cattiposmuebles`
--

DROP TABLE IF EXISTS `declaracion_cattiposmuebles`;
/*!40101 SET @saved_cs_client     = @@character_set_client */;
/*!40101 SET character_set_client = utf8 */;
CREATE TABLE `declaracion_cattiposmuebles` (
  `id` int(11) NOT NULL AUTO_INCREMENT,
  `tipo_mueble` varchar(255) NOT NULL,
  `created_at` datetime(6) NOT NULL,
  `updated_at` datetime(6) NOT NULL,
  `default` int(11) NOT NULL,
  `orden` int(11) NOT NULL,
  `codigo` varchar(45) NOT NULL,
  PRIMARY KEY (`id`)
) ENGINE=InnoDB AUTO_INCREMENT=10 DEFAULT CHARSET=latin1;
/*!40101 SET character_set_client = @saved_cs_client */;

--
-- Dumping data for table `declaracion_cattiposmuebles`
--

LOCK TABLES `declaracion_cattiposmuebles` WRITE;
/*!40000 ALTER TABLE `declaracion_cattiposmuebles` DISABLE KEYS */;
INSERT INTO `declaracion_cattiposmuebles` VALUES (1,'Automóvil/motocicleta','2019-03-13 00:00:00.000000','2019-03-13 00:00:00.000000',0,1,'AUMOT'),(2,'Aeronave','2019-03-13 00:00:00.000000','2019-03-13 00:00:00.000000',0,1,'AERN'),(3,'Barco/Yate','2019-03-13 00:00:00.000000','2019-03-13 00:00:00.000000',0,1,'BARYA'),(4,'Manaje de casa( muebles y accesorios de casa)','2019-03-13 00:00:00.000000','2019-03-13 00:00:00.000000',0,0,'MECA'),(5,'Aparatos electrónicos y electrodomésticos','2019-03-13 00:00:00.000000','2019-03-13 00:00:00.000000',0,0,'APAE'),(6,'Joyas','2019-03-13 00:00:00.000000','2019-03-13 00:00:00.000000',0,0,'JOYA'),(7,'Colecciones','2019-03-13 00:00:00.000000','2019-03-13 00:00:00.000000',0,0,'COLEC'),(8,'Obra de arte','2019-03-13 00:00:00.000000','2019-03-13 00:00:00.000000',0,0,'OBRA'),(9,'Otro (especifique)','2019-03-13 00:00:00.000000','2019-03-13 00:00:00.000000',1,0,'OTRO');
/*!40000 ALTER TABLE `declaracion_cattiposmuebles` ENABLE KEYS */;
UNLOCK TABLES;

--
-- Table structure for table `declaracion_cattiposoperaciones`
--

DROP TABLE IF EXISTS `declaracion_cattiposoperaciones`;
/*!40101 SET @saved_cs_client     = @@character_set_client */;
/*!40101 SET character_set_client = utf8 */;
CREATE TABLE `declaracion_cattiposoperaciones` (
  `id` int(11) NOT NULL AUTO_INCREMENT,
  `tipo_operacion` varchar(255) NOT NULL,
  `created_at` datetime(6) NOT NULL,
  `updated_at` datetime(6) NOT NULL,
  `default` int(11) NOT NULL,
  `orden` int(11) NOT NULL,
  `codigo` varchar(45) NOT NULL,
  PRIMARY KEY (`id`)
) ENGINE=InnoDB AUTO_INCREMENT=5 DEFAULT CHARSET=latin1;
/*!40101 SET character_set_client = @saved_cs_client */;

--
-- Dumping data for table `declaracion_cattiposoperaciones`
--

LOCK TABLES `declaracion_cattiposoperaciones` WRITE;
/*!40000 ALTER TABLE `declaracion_cattiposoperaciones` DISABLE KEYS */;
INSERT INTO `declaracion_cattiposoperaciones` VALUES (1,'Agregar','2019-03-13 00:00:00.000000','2019-03-13 00:00:00.000000',0,1,'AGREGAR'),(2,'Modificar','2019-03-13 00:00:00.000000','2019-03-13 00:00:00.000000',0,1,'MODIFICAR'),(3,'Sin cambio','2019-03-13 00:00:00.000000','2019-03-13 00:00:00.000000',0,1,'SIN_CAMBIO'),(4,'Baja','2019-03-13 00:00:00.000000','2019-03-13 00:00:00.000000',0,1,'BAJA');
/*!40000 ALTER TABLE `declaracion_cattiposoperaciones` ENABLE KEYS */;
UNLOCK TABLES;

--
-- Table structure for table `declaracion_cattipospasivos`
--

DROP TABLE IF EXISTS `declaracion_cattipospasivos`;
/*!40101 SET @saved_cs_client     = @@character_set_client */;
/*!40101 SET character_set_client = utf8 */;
CREATE TABLE `declaracion_cattipospasivos` (
  `id` int(11) NOT NULL AUTO_INCREMENT,
  `tipo_pasivo` varchar(255) NOT NULL,
  `created_at` datetime(6) NOT NULL,
  `updated_at` datetime(6) NOT NULL,
  `default` int(11) NOT NULL,
  `orden` int(11) NOT NULL,
  `codigo` varchar(45) NOT NULL,
  PRIMARY KEY (`id`)
) ENGINE=InnoDB AUTO_INCREMENT=3 DEFAULT CHARSET=latin1;
/*!40101 SET character_set_client = @saved_cs_client */;

--
-- Dumping data for table `declaracion_cattipospasivos`
--

LOCK TABLES `declaracion_cattipospasivos` WRITE;
/*!40000 ALTER TABLE `declaracion_cattipospasivos` DISABLE KEYS */;
INSERT INTO `declaracion_cattipospasivos` VALUES (1,'Deudas','2019-03-13 00:00:00.000000','2019-03-13 00:00:00.000000',0,1,''),(2,'Otras obligaciones','2019-03-13 00:00:00.000000','2019-03-13 00:00:00.000000',0,1,'');
/*!40000 ALTER TABLE `declaracion_cattipospasivos` ENABLE KEYS */;
UNLOCK TABLES;

--
-- Table structure for table `declaracion_cattiposrelacionespersonales`
--

DROP TABLE IF EXISTS `declaracion_cattiposrelacionespersonales`;
/*!40101 SET @saved_cs_client     = @@character_set_client */;
/*!40101 SET character_set_client = utf8 */;
CREATE TABLE `declaracion_cattiposrelacionespersonales` (
  `id` int(11) NOT NULL AUTO_INCREMENT,
  `tipo_relacion` varchar(255) NOT NULL,
  `created_at` datetime(6) NOT NULL,
  `updated_at` datetime(6) NOT NULL,
  `default` int(11) NOT NULL,
  `orden` int(11) NOT NULL,
  `grupo_familia` int(11) DEFAULT NULL,
  `codigo` varchar(45) NOT NULL,
  PRIMARY KEY (`id`)
) ENGINE=InnoDB AUTO_INCREMENT=39 DEFAULT CHARSET=latin1;
/*!40101 SET character_set_client = @saved_cs_client */;

--
-- Dumping data for table `declaracion_cattiposrelacionespersonales`
--

LOCK TABLES `declaracion_cattiposrelacionespersonales` WRITE;
/*!40000 ALTER TABLE `declaracion_cattiposrelacionespersonales` DISABLE KEYS */;
INSERT INTO `declaracion_cattiposrelacionespersonales` VALUES (1,'Pareja','2019-03-13 00:00:00.000000','2019-03-13 00:00:00.000000',0,1,3,'PAREJA'),(2,'Cónyuge','2019-03-13 00:00:00.000000','2019-03-13 00:00:00.000000',0,1,1,'CONYUGE'),(3,'Cónyuge','2019-03-13 00:00:00.000000','2019-03-13 00:00:00.000000',0,1,2,'CONY'),(4,'Cónyuge','2019-03-13 00:00:00.000000','2019-03-13 00:00:00.000000',0,1,4,'CY'),(5,'Concubina/Concubinario/unión libre','2019-03-13 00:00:00.000000','2019-03-13 00:00:00.000000',0,1,1,'CONCUBINA_CONCUBINARIO_UNION_LIBRE'),(6,'Concubina o concubinario','2019-03-13 00:00:00.000000','2019-03-13 00:00:00.000000',0,1,2,'CONB'),(7,'Concubinario(a)','2019-03-13 00:00:00.000000','2019-03-13 00:00:00.000000',0,1,4,'CON'),(8,'Dependiente económico','2019-03-13 00:00:00.000000','2019-03-13 00:00:00.000000',0,1,3,'DEPENDIENTE_ECONOMICO'),(9,'Dependiente económico','2019-03-13 00:00:00.000000','2019-03-13 00:00:00.000000',0,1,0,''),(10,'Sociedad de Convivencia','2019-03-13 00:00:00.000000','2019-03-13 00:00:00.000000',0,1,1,'SOCIEDAD_DE_CONVIVENCIA'),(11,'Declarante','2019-03-13 00:00:00.000000','2019-03-13 00:00:00.000000',0,1,3,'DECLARANTE'),(12,'Declarante','2019-03-13 00:00:00.000000','2019-03-13 00:00:00.000000',0,1,4,'DC'),(13,'Abuelo(a)','2019-03-13 00:00:00.000000','2019-03-13 00:00:00.000000',0,1,2,'ABU'),(14,'Bisabuelo(a)','2019-03-13 00:00:00.000000','2019-03-13 00:00:00.000000',0,1,2,'BISA'),(15,'Bisnieto(a)','2019-03-13 00:00:00.000000','2019-03-13 00:00:00.000000',0,1,2,'BISN'),(16,'Concuño(a)','2019-03-13 00:00:00.000000','2019-03-13 00:00:00.000000',0,1,2,'CONC'),(17,'Cuñado(a)','2019-03-13 00:00:00.000000','2019-03-13 00:00:00.000000',0,1,2,'CUN'),(18,'Hermano(a)','2019-03-13 00:00:00.000000','2019-03-13 00:00:00.000000',0,1,2,'HER'),(19,'Hijo(a)','2019-03-13 00:00:00.000000','2019-03-13 00:00:00.000000',0,1,2,'HIJ'),(20,'Madre','2019-03-13 00:00:00.000000','2019-03-13 00:00:00.000000',0,1,2,'MAD'),(21,'Padre','2019-03-13 00:00:00.000000','2019-03-13 00:00:00.000000',0,1,2,'PAD'),(22,'Primo(a)','2019-03-13 00:00:00.000000','2019-03-13 00:00:00.000000',0,1,2,'PRI'),(23,'Sobrino(a)','2019-03-13 00:00:00.000000','2019-03-13 00:00:00.000000',0,1,2,'SOB'),(24,'Suegro(a)','2019-03-13 00:00:00.000000','2019-03-13 00:00:00.000000',0,1,2,'SUE'),(25,'Tatarabuelo(a)','2019-03-13 00:00:00.000000','2019-03-13 00:00:00.000000',0,1,2,'TATA'),(26,'Tataranieto(a)','2019-03-13 00:00:00.000000','2019-03-13 00:00:00.000000',0,1,2,'TATN'),(27,'Tio(a)','2019-03-13 00:00:00.000000','2019-03-13 00:00:00.000000',0,1,2,'TIOA'),(28,'Nieto(a)','2019-03-13 00:00:00.000000','2019-03-13 00:00:00.000000',0,1,2,'NIE'),(29,'Ninguno','2019-03-13 00:00:00.000000','2019-03-13 00:00:00.000000',0,1,2,'NIN'),(30,'Conviviente','2019-03-13 00:00:00.000000','2019-03-13 00:00:00.000000',0,1,4,'CONV'),(31,'Cuñado','2019-03-13 00:00:00.000000','2019-03-13 00:00:00.000000',0,1,4,'CU'),(32,'Padre','2019-03-13 00:00:00.000000','2019-03-13 00:00:00.000000',0,1,4,'PAD'),(33,'Madre','2019-03-13 00:00:00.000000','2019-03-13 00:00:00.000000',0,1,4,'MAD'),(34,'Tío(a)','2019-03-13 00:00:00.000000','2019-03-13 00:00:00.000000',0,1,4,'TIO'),(35,'Ahijado(a)','2019-03-13 00:00:00.000000','2019-03-13 00:00:00.000000',0,1,4,'AHI'),(36,'Nuera','2019-03-13 00:00:00.000000','2019-03-13 00:00:00.000000',0,1,4,'NUE'),(37,'Yerno','2019-03-13 00:00:00.000000','2019-03-13 00:00:00.000000',0,1,4,'YER'),(38,'Otro(a)','2019-03-13 00:00:00.000000','2019-03-13 00:00:00.000000',1,1,0,'OTRO');
/*!40000 ALTER TABLE `declaracion_cattiposrelacionespersonales` ENABLE KEYS */;
UNLOCK TABLES;

--
-- Table structure for table `declaracion_cattiposrepresentaciones`
--

DROP TABLE IF EXISTS `declaracion_cattiposrepresentaciones`;
/*!40101 SET @saved_cs_client     = @@character_set_client */;
/*!40101 SET character_set_client = utf8 */;
CREATE TABLE `declaracion_cattiposrepresentaciones` (
  `id` int(11) NOT NULL AUTO_INCREMENT,
  `tipo_representacion` varchar(255) NOT NULL,
  `created_at` datetime(6) NOT NULL,
  `updated_at` datetime(6) NOT NULL,
  `default` int(11) NOT NULL,
  `orden` int(11) NOT NULL,
  `codigo` varchar(45) NOT NULL,
  PRIMARY KEY (`id`)
) ENGINE=InnoDB AUTO_INCREMENT=3 DEFAULT CHARSET=latin1;
/*!40101 SET character_set_client = @saved_cs_client */;

--
-- Dumping data for table `declaracion_cattiposrepresentaciones`
--

LOCK TABLES `declaracion_cattiposrepresentaciones` WRITE;
/*!40000 ALTER TABLE `declaracion_cattiposrepresentaciones` DISABLE KEYS */;
INSERT INTO `declaracion_cattiposrepresentaciones` VALUES (1,'REPRESENTANTE','2019-03-13 00:00:00.000000','2019-03-13 00:00:00.000000',0,1,'REPRESENTANTE'),(2,'REPRESENTADO','2019-03-13 00:00:00.000000','2019-03-13 00:00:00.000000',0,1,'REPRESENTADO');
/*!40000 ALTER TABLE `declaracion_cattiposrepresentaciones` ENABLE KEYS */;
UNLOCK TABLES;

--
-- Table structure for table `declaracion_cattipostitulares`
--

DROP TABLE IF EXISTS `declaracion_cattipostitulares`;
/*!40101 SET @saved_cs_client     = @@character_set_client */;
/*!40101 SET character_set_client = utf8 */;
CREATE TABLE `declaracion_cattipostitulares` (
  `id` int(11) NOT NULL AUTO_INCREMENT,
  `tipo_titular` varchar(255) NOT NULL,
  `created_at` datetime(6) NOT NULL,
  `updated_at` datetime(6) NOT NULL,
  `default` int(11) NOT NULL,
  `orden` int(11) NOT NULL,
  `codigo` varchar(45) NOT NULL,
  PRIMARY KEY (`id`)
) ENGINE=InnoDB AUTO_INCREMENT=28 DEFAULT CHARSET=latin1;
/*!40101 SET character_set_client = @saved_cs_client */;

--
-- Dumping data for table `declaracion_cattipostitulares`
--

LOCK TABLES `declaracion_cattipostitulares` WRITE;
/*!40000 ALTER TABLE `declaracion_cattipostitulares` DISABLE KEYS */;
INSERT INTO `declaracion_cattipostitulares` VALUES (1,'Declarante','2019-03-13 00:00:00.000000','2019-03-13 00:00:00.000000',0,1,'DEC'),(2,'Delcarante y cónyuge','2019-03-13 00:00:00.000000','2019-03-13 00:00:00.000000',0,1,''),(3,'Delcarante en coporpiedad con terceros','2019-03-13 00:00:00.000000','2019-03-13 00:00:00.000000',0,1,''),(4,'Delcarante y cónyuge en coporpiedad con terceros','2019-03-13 00:00:00.000000','2019-03-13 00:00:00.000000',0,1,''),(5,'Delcarante y concubina o concubinario','2019-03-13 00:00:00.000000','2019-03-13 00:00:00.000000',0,1,''),(6,'Delcarante y concubina o concubinario en coporpiedad con terceros','2019-03-13 00:00:00.000000','2019-03-13 00:00:00.000000',0,1,''),(7,'Cónyuge','2019-03-13 00:00:00.000000','2019-03-13 00:00:00.000000',0,1,'CYG'),(8,'Cónyuge en coporpiedad con terceros','2019-03-13 00:00:00.000000','2019-03-13 00:00:00.000000',0,1,''),(9,'Concubina o concubinario','2019-03-13 00:00:00.000000','2019-03-13 00:00:00.000000',0,1,'CBN'),(10,'Concubina o concubinario en coporpiedad con terceros','2019-03-13 00:00:00.000000','2019-03-13 00:00:00.000000',0,1,''),(11,'Conviviente','2019-03-13 00:00:00.000000','2019-03-13 00:00:00.000000',0,1,'CVV'),(12,'Declarante y conviviente','2019-03-13 00:00:00.000000','2019-03-13 00:00:00.000000',0,1,''),(13,'Declarante y conviviente en copropiedad con terceros','2019-03-13 00:00:00.000000','2019-03-13 00:00:00.000000',0,1,''),(14,'Conviviente y dependiente economico','2019-03-13 00:00:00.000000','2019-03-13 00:00:00.000000',0,1,''),(15,'Conviviente y dependiente economico en copropiedad con terceros','2019-03-13 00:00:00.000000','2019-03-13 00:00:00.000000',0,1,''),(16,'Dependiente economico','2019-03-13 00:00:00.000000','2019-03-13 00:00:00.000000',0,1,'DEN'),(17,'Declarante y dependiente economico','2019-03-13 00:00:00.000000','2019-03-13 00:00:00.000000',0,1,''),(18,'Declarante y dependiente economico en copropiedad con terceros','2019-03-13 00:00:00.000000','2019-03-13 00:00:00.000000',0,1,''),(19,'Dependiente economico en copropiedad con terceros','2019-03-13 00:00:00.000000','2019-03-13 00:00:00.000000',0,1,''),(20,'Declarante, conyugye y dependiente economico','2019-03-13 00:00:00.000000','2019-03-13 00:00:00.000000',0,1,''),(21,'Declarante, concubina O concubinario y dependiente economico','2019-03-13 00:00:00.000000','2019-03-13 00:00:00.000000',0,1,''),(22,'Conyugue y dependiente economico','2019-03-13 00:00:00.000000','2019-03-13 00:00:00.000000',0,1,''),(23,'Concubina o concubinario y dependiente economico','2019-03-13 00:00:00.000000','2019-03-13 00:00:00.000000',0,1,''),(24,'Conyugue y dependiente economicoen copropiedad con terceros','2019-03-13 00:00:00.000000','2019-03-13 00:00:00.000000',0,1,''),(25,'Concubina o concubinario y dependiente economico en copropiedad con terceros','2019-03-13 00:00:00.000000','2019-03-13 00:00:00.000000',0,1,''),(26,'Copropiedad con terceros','2019-03-13 00:00:00.000000','2019-03-13 00:00:00.000000',0,1,'CTER'),(27,'Otro (Especifique)','2019-03-13 00:00:00.000000','2019-03-13 00:00:00.000000',1,1,'OTRO');
/*!40000 ALTER TABLE `declaracion_cattipostitulares` ENABLE KEYS */;
UNLOCK TABLES;

--
-- Table structure for table `declaracion_cattipovia`
--

DROP TABLE IF EXISTS `declaracion_cattipovia`;
/*!40101 SET @saved_cs_client     = @@character_set_client */;
/*!40101 SET character_set_client = utf8 */;
CREATE TABLE `declaracion_cattipovia` (
  `id` int(11) NOT NULL AUTO_INCREMENT,
  `tipo_via` varchar(45) DEFAULT NULL,
  `created_at` datetime(6) NOT NULL,
  `updated_at` datetime(6) NOT NULL,
  `default` int(11) NOT NULL,
  `orden` int(11) NOT NULL,
  `codigo` varchar(45) NOT NULL,
  PRIMARY KEY (`id`)
) ENGINE=InnoDB AUTO_INCREMENT=22 DEFAULT CHARSET=latin1;
/*!40101 SET character_set_client = @saved_cs_client */;

--
-- Dumping data for table `declaracion_cattipovia`
--

LOCK TABLES `declaracion_cattipovia` WRITE;
/*!40000 ALTER TABLE `declaracion_cattipovia` DISABLE KEYS */;
INSERT INTO `declaracion_cattipovia` VALUES (1,'Ampliación','2019-04-04 23:27:57.000000','2019-04-04 23:27:57.000000',0,1,''),(2,'Andador','2019-04-04 23:27:57.000000','2019-04-04 23:27:57.000000',0,1,''),(3,'Avenida','2019-04-04 23:27:57.000000','2019-04-04 23:27:57.000000',0,1,''),(4,'Boulevard','2019-04-04 23:27:57.000000','2019-04-04 23:27:57.000000',0,1,''),(5,'Calle','2019-04-04 23:27:57.000000','2019-04-04 23:27:57.000000',0,1,''),(6,'Callejón','2019-04-04 23:27:57.000000','2019-04-04 23:27:57.000000',0,1,''),(7,'Calzada','2019-04-04 23:27:57.000000','2019-04-04 23:27:57.000000',0,1,''),(8,'Cerrada','2019-04-04 23:27:57.000000','2019-04-04 23:27:57.000000',0,1,''),(9,'Circuito','2019-04-04 23:27:57.000000','2019-04-04 23:27:57.000000',0,1,''),(10,'Circunvalación','2019-04-04 23:27:57.000000','2019-04-04 23:27:57.000000',0,1,''),(11,'Continuación','2019-04-04 23:27:57.000000','2019-04-04 23:27:57.000000',0,1,''),(12,'Corredor','2019-04-04 23:27:57.000000','2019-04-04 23:27:57.000000',0,1,''),(13,'Diagonal','2019-04-04 23:27:57.000000','2019-04-04 23:27:57.000000',0,1,''),(14,'Eje Vial','2019-04-04 23:27:57.000000','2019-04-04 23:27:57.000000',0,1,''),(15,'Pasaje','2019-04-04 23:27:57.000000','2019-04-04 23:27:57.000000',0,1,''),(16,'Peatonal','2019-04-04 23:27:57.000000','2019-04-04 23:27:57.000000',0,1,''),(17,'Periférico','2019-04-04 23:27:57.000000','2019-04-04 23:27:57.000000',0,1,''),(18,'Privada','2019-04-04 23:27:57.000000','2019-04-04 23:27:57.000000',0,1,''),(19,'Prolongación','2019-04-04 23:27:57.000000','2019-04-04 23:27:57.000000',0,1,''),(20,'Retorno','2019-04-04 23:27:57.000000','2019-04-04 23:27:57.000000',0,1,''),(21,'Viaducto','2019-04-04 23:27:57.000000','2019-04-04 23:27:57.000000',0,1,'');
/*!40000 ALTER TABLE `declaracion_cattipovia` ENABLE KEYS */;
UNLOCK TABLES;

--
-- Table structure for table `declaracion_cattitulartiposrelaciones`
--

DROP TABLE IF EXISTS `declaracion_cattitulartiposrelaciones`;
/*!40101 SET @saved_cs_client     = @@character_set_client */;
/*!40101 SET character_set_client = utf8 */;
CREATE TABLE `declaracion_cattitulartiposrelaciones` (
  `id` int(11) NOT NULL AUTO_INCREMENT,
  `tipo_relacion` varchar(255) NOT NULL,
  `created_at` datetime(6) NOT NULL,
  `updated_at` datetime(6) NOT NULL,
  `default` int(11) NOT NULL,
  `orden` int(11) NOT NULL,
  `codigo` varchar(45) NOT NULL,
  PRIMARY KEY (`id`)
) ENGINE=InnoDB AUTO_INCREMENT=5 DEFAULT CHARSET=latin1;
/*!40101 SET character_set_client = @saved_cs_client */;

--
-- Dumping data for table `declaracion_cattitulartiposrelaciones`
--

LOCK TABLES `declaracion_cattitulartiposrelaciones` WRITE;
/*!40000 ALTER TABLE `declaracion_cattitulartiposrelaciones` DISABLE KEYS */;
INSERT INTO `declaracion_cattitulartiposrelaciones` VALUES (1,'Copropietarios de bienes no comerciales','2019-03-13 00:00:00.000000','2019-03-13 00:00:00.000000',0,1,'CBNC'),(2,'Garantes de Préstamos Recibidos','2019-03-13 00:00:00.000000','2019-03-13 00:00:00.000000',0,1,'GPR'),(3,'Otorgantes/Depositarios de Garantías','2019-03-13 00:00:00.000000','2019-03-13 00:00:00.000000',0,1,'ODG'),(4,'Otro (especifique)','2019-03-13 00:00:00.000000','2019-03-13 00:00:00.000000',1,1,'OTRO');
/*!40000 ALTER TABLE `declaracion_cattitulartiposrelaciones` ENABLE KEYS */;
UNLOCK TABLES;

--
-- Table structure for table `declaracion_catunidadesmedida`
--

DROP TABLE IF EXISTS `declaracion_catunidadesmedida`;
/*!40101 SET @saved_cs_client     = @@character_set_client */;
/*!40101 SET character_set_client = utf8 */;
CREATE TABLE `declaracion_catunidadesmedida` (
  `id` int(11) NOT NULL AUTO_INCREMENT,
  `created_at` datetime(6) NOT NULL,
  `updated_at` datetime(6) NOT NULL,
  `valor` varchar(255) DEFAULT NULL,
  `clave` varchar(255) DEFAULT NULL,
  PRIMARY KEY (`id`)
) ENGINE=InnoDB DEFAULT CHARSET=latin1;
/*!40101 SET character_set_client = @saved_cs_client */;

--
-- Dumping data for table `declaracion_catunidadesmedida`
--

LOCK TABLES `declaracion_catunidadesmedida` WRITE;
/*!40000 ALTER TABLE `declaracion_catunidadesmedida` DISABLE KEYS */;
/*!40000 ALTER TABLE `declaracion_catunidadesmedida` ENABLE KEYS */;
UNLOCK TABLES;

--
-- Table structure for table `declaracion_catunidadestemporales`
--

DROP TABLE IF EXISTS `declaracion_catunidadestemporales`;
/*!40101 SET @saved_cs_client     = @@character_set_client */;
/*!40101 SET character_set_client = utf8 */;
CREATE TABLE `declaracion_catunidadestemporales` (
  `id` int(11) NOT NULL AUTO_INCREMENT,
  `unidad_temporal` varchar(45) DEFAULT NULL,
  `created_at` datetime(6) NOT NULL,
  `updated_at` datetime(6) NOT NULL,
  `default` int(11) NOT NULL,
  `orden` int(11) NOT NULL,
  `codigo` varchar(45) NOT NULL,
  PRIMARY KEY (`id`)
) ENGINE=InnoDB AUTO_INCREMENT=4 DEFAULT CHARSET=latin1;
/*!40101 SET character_set_client = @saved_cs_client */;

--
-- Dumping data for table `declaracion_catunidadestemporales`
--

LOCK TABLES `declaracion_catunidadestemporales` WRITE;
/*!40000 ALTER TABLE `declaracion_catunidadestemporales` DISABLE KEYS */;
INSERT INTO `declaracion_catunidadestemporales` VALUES (1,'Días','2019-04-04 18:55:52.000000','2019-04-04 18:55:52.000000',0,1,''),(2,'Meses','2019-04-04 18:55:52.000000','2019-04-04 18:55:52.000000',0,1,''),(3,'Años','2019-04-04 18:55:52.000000','2019-04-04 18:55:52.000000',0,1,'');
/*!40000 ALTER TABLE `declaracion_catunidadestemporales` ENABLE KEYS */;
UNLOCK TABLES;

--
-- Table structure for table `declaracion_clientesprincipales`
--

DROP TABLE IF EXISTS `declaracion_clientesprincipales`;
/*!40101 SET @saved_cs_client     = @@character_set_client */;
/*!40101 SET character_set_client = utf8 */;
CREATE TABLE `declaracion_clientesprincipales` (
  `id` int(11) NOT NULL AUTO_INCREMENT,
  `porcentaje_facturacion_cliente` int(11) DEFAULT NULL,
  `created_at` datetime(6) NOT NULL,
  `updated_at` datetime(6) NOT NULL,
  `nombre_encargado` varchar(255) DEFAULT NULL,
  `realizaActividadLucrativa` tinyint(1) DEFAULT NULL,
  `monto` int(11) DEFAULT NULL,
  `cat_tipos_operaciones_id` int(11) DEFAULT NULL,
  `cat_tipos_relaciones_personales_id` int(11) DEFAULT NULL,
  `declaraciones_id` int(11) NOT NULL,
  `info_personal_var_id` int(11) NOT NULL,
  `moneda_id` int(11) DEFAULT NULL,
  `observaciones_id` int(11) NOT NULL,
  PRIMARY KEY (`id`),
  KEY `declaracion_clientes_cat_tipos_operacione_8ab9ba69_fk_declaraci` (`cat_tipos_operaciones_id`),
  KEY `declaracion_clientes_cat_tipos_relaciones_7223a8f6_fk_declaraci` (`cat_tipos_relaciones_personales_id`),
  KEY `declaracion_clientes_declaraciones_id_147d7ff6_fk_declaraci` (`declaraciones_id`),
  KEY `declaracion_clientes_info_personal_var_id_6079b942_fk_declaraci` (`info_personal_var_id`),
  KEY `declaracion_clientes_moneda_id_91342f75_fk_declaraci` (`moneda_id`),
  KEY `declaracion_clientes_observaciones_id_97d3ca01_fk_declaraci` (`observaciones_id`),
  CONSTRAINT `declaracion_clientes_cat_tipos_operacione_8ab9ba69_fk_declaraci` FOREIGN KEY (`cat_tipos_operaciones_id`) REFERENCES `declaracion_cattiposoperaciones` (`id`),
  CONSTRAINT `declaracion_clientes_cat_tipos_relaciones_7223a8f6_fk_declaraci` FOREIGN KEY (`cat_tipos_relaciones_personales_id`) REFERENCES `declaracion_cattiposrelacionespersonales` (`id`),
  CONSTRAINT `declaracion_clientes_declaraciones_id_147d7ff6_fk_declaraci` FOREIGN KEY (`declaraciones_id`) REFERENCES `declaracion_declaraciones` (`id`),
  CONSTRAINT `declaracion_clientes_info_personal_var_id_6079b942_fk_declaraci` FOREIGN KEY (`info_personal_var_id`) REFERENCES `declaracion_infopersonalvar` (`id`),
  CONSTRAINT `declaracion_clientes_moneda_id_91342f75_fk_declaraci` FOREIGN KEY (`moneda_id`) REFERENCES `declaracion_catmonedas` (`id`),
  CONSTRAINT `declaracion_clientes_observaciones_id_97d3ca01_fk_declaraci` FOREIGN KEY (`observaciones_id`) REFERENCES `declaracion_observaciones` (`id`)
) ENGINE=InnoDB AUTO_INCREMENT=17 DEFAULT CHARSET=latin1;
/*!40101 SET character_set_client = @saved_cs_client */;

--
-- Dumping data for table `declaracion_clientesprincipales`
--

LOCK TABLES `declaracion_clientesprincipales` WRITE;
/*!40000 ALTER TABLE `declaracion_clientesprincipales` DISABLE KEYS */;
INSERT INTO `declaracion_clientesprincipales` VALUES (1,NULL,'2020-05-02 18:49:05.148626','2020-05-02 18:49:05.148659',NULL,1,5000,1,8,1,14,101,27),(2,NULL,'2020-05-02 20:57:47.226307','2020-05-02 20:57:47.226325',NULL,1,30000,1,1,3,35,101,59),(3,NULL,'2020-05-03 04:36:59.016449','2020-05-03 04:36:59.016467',NULL,1,1230,1,1,2,55,101,86),(4,NULL,'2020-05-04 01:32:24.601585','2020-05-04 01:32:24.601602',NULL,1,5456,1,NULL,4,71,101,101),(5,0,'2020-05-07 17:46:07.492606','2020-05-07 17:46:07.492623',NULL,1,1019101910,1,11,12,144,101,219),(6,0,'2020-05-07 18:31:01.888796','2020-05-07 18:31:01.888813',NULL,1,300,1,NULL,6,156,101,230),(7,0,'2020-05-07 19:07:06.570236','2020-05-07 19:07:06.570253',NULL,1,1200000,1,11,10,168,101,240),(8,0,'2020-05-07 22:56:06.789454','2020-05-07 22:56:06.789471',NULL,1,5000,NULL,NULL,13,187,101,268),(9,0,'2020-05-12 03:54:44.115433','2020-05-12 03:54:44.115450',NULL,1,5000,1,1,11,208,101,290),(10,0,'2020-05-15 19:30:04.957883','2020-05-15 19:30:04.957900',NULL,1,9,1,11,14,232,101,325),(11,0,'2020-05-15 20:11:47.602449','2020-05-15 20:11:47.602465',NULL,1,2888,1,1,15,254,101,358),(12,0,'2020-05-15 20:47:42.444599','2020-05-15 20:47:42.444616',NULL,1,5000,1,1,17,277,101,386),(13,0,'2020-05-15 21:06:52.476254','2020-05-15 21:06:52.476270',NULL,1,200,1,1,16,289,101,397),(14,0,'2020-05-16 02:53:33.776539','2020-05-16 02:53:33.776556',NULL,1,300,1,11,19,309,101,429),(15,0,'2020-05-16 03:20:42.051201','2020-05-16 03:20:42.051217',NULL,1,200,1,1,20,328,101,453),(16,0,'2020-05-16 03:41:49.687366','2020-05-16 03:41:49.687415',NULL,1,10000,1,11,21,347,101,477);
/*!40000 ALTER TABLE `declaracion_clientesprincipales` ENABLE KEYS */;
UNLOCK TABLES;

--
-- Table structure for table `declaracion_conyugedependientes`
--

DROP TABLE IF EXISTS `declaracion_conyugedependientes`;
/*!40101 SET @saved_cs_client     = @@character_set_client */;
/*!40101 SET character_set_client = utf8 */;
CREATE TABLE `declaracion_conyugedependientes` (
  `id` int(11) NOT NULL AUTO_INCREMENT,
  `medio_contacto` varchar(255) NOT NULL,
  `habita_domicilio` tinyint(1) DEFAULT NULL,
  `ingresos_propios` tinyint(1) DEFAULT NULL,
  `ocupacion_profesion` varchar(255) NOT NULL,
  `proveedor_contratista` tinyint(1) DEFAULT NULL,
  `otro_sector` varchar(255) NOT NULL,
  `created_at` datetime(6) NOT NULL,
  `updated_at` datetime(6) NOT NULL,
  `otra_relacion` varchar(255) NOT NULL,
  `otra_relacion_familiar` varchar(255) NOT NULL,
  `es_pareja` tinyint(1) DEFAULT NULL,
  `es_extranjero` tinyint(1) DEFAULT NULL,
  `actividadLaboral_id` int(11) DEFAULT NULL,
  `actividadLaboralSector_id` int(11) DEFAULT NULL,
  `cat_tipos_operaciones_id` int(11) DEFAULT NULL,
  `cat_tipos_relaciones_personales_id` int(11) DEFAULT NULL,
  `declaraciones_id` int(11) NOT NULL,
  `declarante_infopersonalvar_id` int(11) NOT NULL,
  `dependiente_infopersonalvar_id` int(11) NOT NULL,
  `observaciones_id` int(11) NOT NULL,
  PRIMARY KEY (`id`),
  KEY `declaracion_conyuged_actividadLaboral_id_450b8484_fk_declaraci` (`actividadLaboral_id`),
  KEY `declaracion_conyuged_actividadLaboralSect_dd29cd69_fk_declaraci` (`actividadLaboralSector_id`),
  KEY `declaracion_conyuged_cat_tipos_operacione_f431eb09_fk_declaraci` (`cat_tipos_operaciones_id`),
  KEY `declaracion_conyuged_cat_tipos_relaciones_efff6ef0_fk_declaraci` (`cat_tipos_relaciones_personales_id`),
  KEY `declaracion_conyuged_declaraciones_id_9c8c7844_fk_declaraci` (`declaraciones_id`),
  KEY `declaracion_conyuged_declarante_infoperso_2bee774e_fk_declaraci` (`declarante_infopersonalvar_id`),
  KEY `declaracion_conyuged_dependiente_infopers_dad7aa87_fk_declaraci` (`dependiente_infopersonalvar_id`),
  KEY `declaracion_conyuged_observaciones_id_b340bffa_fk_declaraci` (`observaciones_id`),
  CONSTRAINT `declaracion_conyuged_actividadLaboralSect_dd29cd69_fk_declaraci` FOREIGN KEY (`actividadLaboralSector_id`) REFERENCES `declaracion_encargos` (`id`),
  CONSTRAINT `declaracion_conyuged_actividadLaboral_id_450b8484_fk_declaraci` FOREIGN KEY (`actividadLaboral_id`) REFERENCES `declaracion_catambitoslaborales` (`id`),
  CONSTRAINT `declaracion_conyuged_cat_tipos_operacione_f431eb09_fk_declaraci` FOREIGN KEY (`cat_tipos_operaciones_id`) REFERENCES `declaracion_cattiposoperaciones` (`id`),
  CONSTRAINT `declaracion_conyuged_cat_tipos_relaciones_efff6ef0_fk_declaraci` FOREIGN KEY (`cat_tipos_relaciones_personales_id`) REFERENCES `declaracion_cattiposrelacionespersonales` (`id`),
  CONSTRAINT `declaracion_conyuged_declaraciones_id_9c8c7844_fk_declaraci` FOREIGN KEY (`declaraciones_id`) REFERENCES `declaracion_declaraciones` (`id`),
  CONSTRAINT `declaracion_conyuged_declarante_infoperso_2bee774e_fk_declaraci` FOREIGN KEY (`declarante_infopersonalvar_id`) REFERENCES `declaracion_infopersonalvar` (`id`),
  CONSTRAINT `declaracion_conyuged_dependiente_infopers_dad7aa87_fk_declaraci` FOREIGN KEY (`dependiente_infopersonalvar_id`) REFERENCES `declaracion_infopersonalvar` (`id`),
  CONSTRAINT `declaracion_conyuged_observaciones_id_b340bffa_fk_declaraci` FOREIGN KEY (`observaciones_id`) REFERENCES `declaracion_observaciones` (`id`)
) ENGINE=InnoDB AUTO_INCREMENT=40 DEFAULT CHARSET=latin1;
/*!40101 SET character_set_client = @saved_cs_client */;

--
-- Dumping data for table `declaracion_conyugedependientes`
--

LOCK TABLES `declaracion_conyugedependientes` WRITE;
/*!40000 ALTER TABLE `declaracion_conyugedependientes` DISABLE KEYS */;
INSERT INTO `declaracion_conyugedependientes` VALUES (1,'',1,0,'',0,'','2020-05-02 18:17:38.646303','2020-05-02 18:17:38.646320','','',1,0,1,1,1,2,1,1,2,14),(2,'',0,1,'',0,'','2020-05-02 19:42:17.781015','2020-05-02 19:42:17.781032','','',0,1,2,3,1,33,2,19,20,36),(3,'',1,0,'',0,'','2020-05-02 20:18:17.330774','2020-05-02 20:18:17.330790','','',1,1,2,4,1,2,2,19,22,42),(4,'',0,0,'',0,'','2020-05-02 20:37:59.553805','2020-05-02 20:37:59.553821','','',1,1,3,6,1,2,3,21,23,46),(5,'',0,0,'',0,'','2020-05-03 00:17:21.349821','2020-05-03 00:17:21.349837','','',0,1,2,7,NULL,33,1,1,40,62),(6,'',1,0,'',0,'','2020-05-03 01:49:16.470565','2020-05-03 01:49:16.470582','','',1,0,3,9,1,2,4,41,42,71),(7,'',1,1,'',0,'','2020-05-03 01:50:13.602741','2020-05-03 01:50:13.602758','','',0,0,3,10,1,19,4,41,43,72),(8,'',0,0,'',0,'','2020-05-05 16:30:37.441941','2020-05-05 16:30:37.441958','','',1,1,3,11,1,2,5,76,77,110),(9,'',1,0,'',0,'','2020-05-05 18:55:49.957769','2020-05-07 17:56:59.481869','','',1,1,2,13,2,5,6,78,79,119),(10,'',1,1,'',0,'','2020-05-05 18:59:39.699284','2020-05-07 17:57:16.718638','','',0,0,3,14,1,33,6,78,80,120),(11,'',0,0,'',0,'','2020-05-05 19:58:36.945241','2020-05-05 21:17:29.652658','','',1,1,NULL,16,NULL,2,7,85,86,133),(12,'',0,1,'',0,'','2020-05-05 20:54:41.458361','2020-05-05 21:17:46.529655','','',0,0,3,17,1,19,7,85,96,141),(13,'',1,0,'',0,'','2020-05-05 21:49:19.532508','2020-05-05 21:49:19.532526','','',1,0,2,19,1,2,8,97,98,150),(14,'',1,1,'',0,'','2020-05-05 22:13:00.606747','2020-05-05 22:13:00.606765','','',0,0,3,20,1,19,8,97,108,158),(15,'',1,0,'',0,'','2020-05-05 23:03:40.099717','2020-05-05 23:03:40.099738','','',1,0,2,22,1,2,9,109,110,167),(16,'',1,1,'',0,'','2020-05-05 23:22:16.244645','2020-05-05 23:22:16.244661','','',0,0,3,23,NULL,19,9,109,118,174),(17,'',0,0,'',0,'','2020-05-05 23:39:25.480976','2020-05-05 23:39:25.480992','','',1,1,NULL,25,NULL,2,10,119,120,183),(18,'',0,1,'',0,'','2020-05-07 17:18:09.288282','2020-05-07 17:18:09.288299','','',1,1,3,27,1,2,12,127,128,204),(19,'',1,1,'',0,'','2020-05-07 17:19:25.553074','2020-05-07 17:19:25.553092','','',0,1,3,28,1,19,12,127,129,205),(20,'',0,1,'',0,'','2020-05-07 18:32:32.905822','2020-05-07 18:32:32.905840','','',0,0,6,29,1,19,10,119,157,231),(21,'',0,0,'',0,'','2020-05-07 22:16:27.589000','2020-05-07 22:16:27.589015','','',1,1,2,31,1,2,13,170,171,251),(22,'',0,0,'',0,'','2020-05-07 22:32:38.846857','2020-05-07 22:32:38.846875','','',0,1,3,32,NULL,20,13,170,175,255),(23,'',0,0,'',0,'','2020-05-12 00:45:52.390157','2020-05-12 00:46:06.414737','','',1,1,6,34,1,NULL,11,126,192,275),(24,'',0,1,'',0,'','2020-05-12 00:48:17.293318','2020-05-12 00:48:17.293334','','',0,1,NULL,35,1,35,11,126,193,276),(25,'',1,1,'',0,'','2020-05-15 18:23:31.851617','2020-05-15 18:23:31.851633','','',1,1,1,37,1,2,14,210,211,306),(26,'',1,0,'',0,'','2020-05-15 18:25:58.542558','2020-05-15 18:25:58.542575','','',0,1,2,38,1,19,14,210,212,307),(27,'',0,0,'',0,'','2020-05-15 19:06:52.742048','2020-05-15 19:06:52.742064','','',0,1,2,39,NULL,13,3,21,226,317),(28,'',0,0,'',0,'','2020-05-15 19:52:08.262381','2020-05-15 19:52:08.262398','','',1,1,1,42,1,5,15,237,239,341),(29,'',1,1,'',0,'','2020-05-15 19:54:42.992440','2020-05-15 19:54:42.992456','','',0,1,2,43,1,13,15,237,240,342),(30,'',0,0,'',0,'','2020-05-15 20:05:02.169617','2020-05-15 20:05:02.169634','','',1,1,2,44,1,2,16,238,249,351),(31,'',1,1,'',0,'','2020-05-15 20:06:00.335694','2020-05-15 20:06:00.335711','','',0,1,6,45,1,19,16,238,250,352),(32,'',0,0,'',0,'','2020-05-15 20:28:08.447810','2020-05-15 20:28:08.447826','','',1,1,1,47,1,5,17,259,260,369),(33,'',0,0,'',0,'','2020-05-15 20:29:26.380587','2020-05-15 20:29:26.380603','','',0,1,2,48,1,19,17,259,261,370),(34,'',1,1,'',0,'','2020-05-16 02:32:48.092411','2020-05-16 02:32:48.092428','','',1,1,1,50,1,2,19,295,296,415),(35,'',1,1,'',0,'','2020-05-16 02:33:31.328187','2020-05-16 02:33:31.328203','','',0,1,6,51,1,35,19,295,297,416),(36,'',1,1,'',0,'','2020-05-16 03:01:36.552831','2020-05-16 03:01:36.552848','','',1,1,2,53,1,2,20,314,315,439),(37,'',1,1,'',0,'','2020-05-16 03:03:12.443398','2020-05-16 03:03:12.443414','','',0,1,1,54,1,17,20,314,316,440),(38,'',1,1,'',0,'','2020-05-16 03:27:28.263598','2020-05-16 03:27:28.263614','','',1,1,6,56,1,2,21,333,334,463),(39,'',1,1,'',0,'','2020-05-16 03:28:55.066624','2020-05-16 03:28:55.066640','','',0,1,1,57,1,17,21,333,335,464);
/*!40000 ALTER TABLE `declaracion_conyugedependientes` ENABLE KEYS */;
UNLOCK TABLES;

--
-- Table structure for table `declaracion_datoscurriculares`
--

DROP TABLE IF EXISTS `declaracion_datoscurriculares`;
/*!40101 SET @saved_cs_client     = @@character_set_client */;
/*!40101 SET character_set_client = utf8 */;
CREATE TABLE `declaracion_datoscurriculares` (
  `id` int(11) NOT NULL AUTO_INCREMENT,
  `institucion_educativa` varchar(255) NOT NULL,
  `carrera_o_area` varchar(255) NOT NULL,
  `conclusion` date DEFAULT NULL,
  `cedula_profesional` varchar(255) NOT NULL,
  `diploma` varchar(255) NOT NULL,
  `created_at` datetime(6) NOT NULL,
  `updated_at` datetime(6) NOT NULL,
  `cat_documentos_obtenidos_id` int(11) DEFAULT NULL,
  `cat_entidades_federativas_id` int(11) DEFAULT NULL,
  `cat_estatus_estudios_id` int(11) DEFAULT NULL,
  `cat_grados_academicos_id` int(11) DEFAULT NULL,
  `cat_pais_id` int(11) DEFAULT NULL,
  `cat_tipos_operaciones_id` int(11) DEFAULT NULL,
  `declaraciones_id` int(11) NOT NULL,
  `municipio_id` int(11) DEFAULT NULL,
  `observaciones_id` int(11) NOT NULL,
  PRIMARY KEY (`id`),
  KEY `declaracion_datoscur_cat_documentos_obten_50cd4b12_fk_declaraci` (`cat_documentos_obtenidos_id`),
  KEY `declaracion_datoscur_cat_entidades_federa_4c423d71_fk_declaraci` (`cat_entidades_federativas_id`),
  KEY `declaracion_datoscur_cat_estatus_estudios_66ccf80f_fk_declaraci` (`cat_estatus_estudios_id`),
  KEY `declaracion_datoscur_cat_grados_academico_f9f94605_fk_declaraci` (`cat_grados_academicos_id`),
  KEY `declaracion_datoscur_cat_pais_id_1974b772_fk_declaraci` (`cat_pais_id`),
  KEY `declaracion_datoscur_cat_tipos_operacione_e16bc423_fk_declaraci` (`cat_tipos_operaciones_id`),
  KEY `declaracion_datoscur_declaraciones_id_ce4fc49f_fk_declaraci` (`declaraciones_id`),
  KEY `declaracion_datoscur_municipio_id_8892a053_fk_declaraci` (`municipio_id`),
  KEY `declaracion_datoscur_observaciones_id_9b7a7cb2_fk_declaraci` (`observaciones_id`),
  CONSTRAINT `declaracion_datoscur_cat_documentos_obten_50cd4b12_fk_declaraci` FOREIGN KEY (`cat_documentos_obtenidos_id`) REFERENCES `declaracion_catdocumentosobtenidos` (`id`),
  CONSTRAINT `declaracion_datoscur_cat_entidades_federa_4c423d71_fk_declaraci` FOREIGN KEY (`cat_entidades_federativas_id`) REFERENCES `declaracion_catentidadesfederativas` (`id`),
  CONSTRAINT `declaracion_datoscur_cat_estatus_estudios_66ccf80f_fk_declaraci` FOREIGN KEY (`cat_estatus_estudios_id`) REFERENCES `declaracion_catestatusestudios` (`id`),
  CONSTRAINT `declaracion_datoscur_cat_grados_academico_f9f94605_fk_declaraci` FOREIGN KEY (`cat_grados_academicos_id`) REFERENCES `declaracion_catgradosacademicos` (`id`),
  CONSTRAINT `declaracion_datoscur_cat_pais_id_1974b772_fk_declaraci` FOREIGN KEY (`cat_pais_id`) REFERENCES `declaracion_catpaises` (`id`),
  CONSTRAINT `declaracion_datoscur_cat_tipos_operacione_e16bc423_fk_declaraci` FOREIGN KEY (`cat_tipos_operaciones_id`) REFERENCES `declaracion_cattiposoperaciones` (`id`),
  CONSTRAINT `declaracion_datoscur_declaraciones_id_ce4fc49f_fk_declaraci` FOREIGN KEY (`declaraciones_id`) REFERENCES `declaracion_declaraciones` (`id`),
  CONSTRAINT `declaracion_datoscur_municipio_id_8892a053_fk_declaraci` FOREIGN KEY (`municipio_id`) REFERENCES `declaracion_catmunicipios` (`id`),
  CONSTRAINT `declaracion_datoscur_observaciones_id_9b7a7cb2_fk_declaraci` FOREIGN KEY (`observaciones_id`) REFERENCES `declaracion_observaciones` (`id`)
) ENGINE=InnoDB AUTO_INCREMENT=22 DEFAULT CHARSET=latin1;
/*!40101 SET character_set_client = @saved_cs_client */;

--
-- Dumping data for table `declaracion_datoscurriculares`
--

LOCK TABLES `declaracion_datoscurriculares` WRITE;
/*!40000 ALTER TABLE `declaracion_datoscurriculares` DISABLE KEYS */;
INSERT INTO `declaracion_datoscurriculares` VALUES (1,'UNID','Tecnologías de Información y Comunicación','2018-09-10','','','2020-05-02 17:13:22.418791','2020-05-02 17:15:31.527245',4,NULL,2,5,142,1,1,NULL,12),(2,'UNIVERSIDAD TECNOLÓGICA DE MONTERREY','Ingenería en Tecnológias de la Información y la comunicación','2016-05-14','','','2020-05-02 18:57:56.443662','2020-05-02 18:57:56.443677',4,NULL,2,5,142,1,2,NULL,34),(3,'CETI','Desarrollo Electrónico','2016-10-18','','','2020-05-02 20:31:37.214358','2020-05-02 20:31:37.214388',4,NULL,2,5,142,1,3,NULL,43),(4,'UAM','Informatica','1986-05-09','','','2020-05-03 01:45:58.035232','2020-05-03 01:45:58.035247',4,NULL,2,7,142,1,4,NULL,68),(5,'PRIMARIA','CARRERA','1958-12-19','','','2020-05-05 16:29:48.260961','2020-05-05 16:29:48.260976',1,NULL,1,1,142,1,5,NULL,109),(6,'UNIVERSIDAD DE GUADALAJARA','ABOGADO','2005-01-18','','','2020-05-05 18:37:56.229670','2020-05-07 17:47:34.890653',4,NULL,2,5,142,1,6,NULL,116),(7,'UNIVERSIDAD DE GUADALAJARA','Ingeniería en Computación','2006-03-18','','','2020-05-05 19:45:35.770459','2020-05-05 21:16:08.948495',4,NULL,2,5,142,1,7,NULL,130),(8,'Centro Universitario UTEG','INGENIERÍA EN COMPUTACIÓN','2011-10-06','','','2020-05-05 21:37:08.535203','2020-05-05 21:37:08.535218',4,NULL,2,5,142,1,8,NULL,147),(9,'Centro Universitario UTEG','INGENIERÍA EN COMPUTACIÓN','1999-07-17','','','2020-05-05 22:53:15.397396','2020-05-05 23:23:04.486265',4,NULL,2,5,142,1,9,NULL,164),(10,'UNIVERSIDAD DE GUADALAJARA','Ingeniería en Computación','2011-03-19','','','2020-05-05 23:35:43.911982','2020-05-05 23:35:43.911999',4,NULL,2,5,142,1,10,NULL,180),(11,'UAM','Informatica','1994-11-17','','','2020-05-07 17:12:48.778783','2020-05-07 17:12:48.778799',4,NULL,2,5,142,1,12,NULL,201),(12,'Universidad Autónoma de México','Ingeniera en redes','2015-10-16','','','2020-05-07 22:06:15.590240','2020-05-07 22:06:15.590255',4,NULL,2,6,142,1,13,NULL,248),(13,'UNIVERSIDAD TECNOLÓGICA DE MONTERREY','INGENERIA EN DESARROLLO DE SOFTWARE','2019-03-19','','','2020-05-11 22:56:01.714933','2020-05-12 00:23:29.903515',4,NULL,2,4,142,1,11,NULL,272),(14,'UAM','Informatica','1958-04-17','','','2020-05-15 14:23:07.611695','2020-05-15 17:57:41.026986',4,NULL,2,7,142,1,14,NULL,298),(15,'UNID','Tecnologías de Información y Comunicación','1958-11-18','','','2020-05-15 19:40:33.884149','2020-05-15 19:40:33.884164',2,NULL,3,1,142,1,15,NULL,332),(16,'uam-a','Informatica','1953-03-06','','','2020-05-15 19:46:34.624664','2020-05-15 19:46:54.416277',2,NULL,2,5,142,1,16,NULL,338),(17,'Universidad Interamericana para el Desarrollo','Tecnologías de Información y Comunicación','1940-09-02','','','2020-05-15 20:23:59.151002','2020-05-15 20:23:59.151017',1,NULL,1,2,142,1,17,NULL,366),(18,'UAM','Informatica','1993-06-04','','','2020-05-15 22:46:57.522714','2020-05-15 22:46:57.522728',4,NULL,2,7,142,1,18,NULL,405),(19,'uam-a','Informatica','1942-02-05','','','2020-05-16 02:26:21.077565','2020-05-16 02:26:21.077580',3,NULL,1,2,142,1,19,NULL,412),(20,'UAM','Informatica','2005-11-20','','','2020-05-16 02:57:37.717489','2020-05-16 02:57:37.717505',4,NULL,2,7,142,1,20,NULL,436),(21,'uam-a','Informatica','1959-10-17','','','2020-05-16 03:24:59.625089','2020-05-16 03:24:59.625105',2,NULL,2,2,142,1,21,NULL,460);
/*!40000 ALTER TABLE `declaracion_datoscurriculares` ENABLE KEYS */;
UNLOCK TABLES;

--
-- Table structure for table `declaracion_declaraciones`
--

DROP TABLE IF EXISTS `declaracion_declaraciones`;
/*!40101 SET @saved_cs_client     = @@character_set_client */;
/*!40101 SET character_set_client = utf8 */;
CREATE TABLE `declaracion_declaraciones` (
  `id` int(11) NOT NULL AUTO_INCREMENT,
  `folio` char(32) NOT NULL,
  `fecha_recepcion` datetime(6) DEFAULT NULL,
  `fecha_declaracion` date DEFAULT NULL,
  `created_at` datetime(6) NOT NULL,
  `updated_at` datetime(6) NOT NULL,
  `avance` int(11) NOT NULL,
  `sello` longtext NOT NULL,
  `datos_publicos` tinyint(1) DEFAULT NULL,
  `cat_estatus_id` int(11) NOT NULL,
  `cat_tipos_declaracion_id` int(11) DEFAULT NULL,
  `info_personal_fija_id` int(11) NOT NULL,
  PRIMARY KEY (`id`),
  KEY `declaracion_declarac_cat_estatus_id_02b4ac18_fk_declaraci` (`cat_estatus_id`),
  KEY `declaracion_declarac_cat_tipos_declaracio_9358630c_fk_declaraci` (`cat_tipos_declaracion_id`),
  KEY `declaracion_declarac_info_personal_fija_i_df3b9808_fk_declaraci` (`info_personal_fija_id`),
  CONSTRAINT `declaracion_declarac_cat_estatus_id_02b4ac18_fk_declaraci` FOREIGN KEY (`cat_estatus_id`) REFERENCES `declaracion_catestatusdeclaracion` (`id`),
  CONSTRAINT `declaracion_declarac_cat_tipos_declaracio_9358630c_fk_declaraci` FOREIGN KEY (`cat_tipos_declaracion_id`) REFERENCES `declaracion_cattiposdeclaracion` (`id`),
  CONSTRAINT `declaracion_declarac_info_personal_fija_i_df3b9808_fk_declaraci` FOREIGN KEY (`info_personal_fija_id`) REFERENCES `declaracion_infopersonalfija` (`id`)
) ENGINE=InnoDB AUTO_INCREMENT=22 DEFAULT CHARSET=latin1;
/*!40101 SET character_set_client = @saved_cs_client */;

--
-- Dumping data for table `declaracion_declaraciones`
--

LOCK TABLES `declaracion_declaraciones` WRITE;
/*!40000 ALTER TABLE `declaracion_declaraciones` DISABLE KEYS */;
INSERT INTO `declaracion_declaraciones` VALUES (1,'0660c6e78a1d473a8d545423cdb11ccc','2020-05-03 01:34:33.660451','2020-05-02','2020-05-02 17:08:33.842747','2020-05-03 01:34:33.660515',100,'',1,4,1,1),(2,'8c059546b5bb459caa513070876a1101','2020-05-03 04:39:17.934149','2020-05-02','2020-05-02 18:56:38.451760','2020-05-03 04:39:17.934218',100,'',1,4,1,2),(3,'69fed29e57654b769ba0a36689ccbb89','2020-05-15 19:09:50.781689','2020-05-02','2020-05-02 20:06:11.846239','2020-05-15 19:09:50.781754',100,'',1,4,1,3),(4,'2dc9e09fba06490d86234cfcd37f88af','2020-05-04 01:35:44.890137','2020-05-03','2020-05-03 01:44:36.467485','2020-05-04 01:35:44.890201',100,'',1,4,1,4),(5,'d458965699a64b00af6612999ed28587',NULL,'2020-05-04','2020-05-04 20:25:41.668296','2020-05-05 16:30:38.212790',17,'',0,1,1,1),(6,'58aaf5c757f14549b1d2e7df26b02891','2020-05-07 18:38:33.159128','2020-05-05','2020-05-05 18:34:12.015097','2020-05-07 18:38:33.159193',100,'',1,4,1,5),(7,'d9001e03c84d4be7a6af038e8212bf57','2020-05-05 21:22:19.323089','2020-05-05','2020-05-05 19:40:59.725761','2020-05-05 21:22:19.323154',100,'',1,4,1,7),(8,'077acd028f93490e8b464a66f4337026','2020-05-05 22:16:21.171825','2020-05-05','2020-05-05 21:33:51.796772','2020-05-05 22:16:21.171889',100,'',1,4,1,8),(9,'deaee3bc18344bad8df8a81435918948','2020-05-05 23:25:37.897313','2020-05-05','2020-05-05 22:50:29.829893','2020-05-05 23:25:37.897420',100,'',1,4,1,9),(10,'1bc14788d0594b5aab0f1a6a2d119a79','2020-05-07 23:12:49.696894','2020-05-05','2020-05-05 23:34:13.224441','2020-05-07 23:12:49.696961',100,'',1,4,1,10),(11,'3f387fa1565d4c74a68081e531c3ba35',NULL,'2020-05-06','2020-05-06 04:33:26.790545','2020-05-15 19:40:06.242458',98,'',0,1,1,2),(12,'6f5aff7224f741b1abb675fdf774f35d','2020-05-07 17:53:31.522308','2020-05-07','2020-05-07 17:11:51.771241','2020-05-07 17:53:31.522381',100,'',1,4,1,11),(13,'1488afd5c0c64696987ecc88fd0617e6','2020-05-07 22:59:44.001344','2020-05-07','2020-05-07 22:04:16.733026','2020-05-07 22:59:44.001459',100,'',1,4,1,12),(14,'592b63e4111a43d7b60bdf00c5220ff6','2020-05-15 19:38:19.871684','2020-05-15','2020-05-15 02:32:58.648825','2020-05-15 19:38:19.871749',100,'',1,4,2,11),(15,'87701b9449374a21a5d43e8d05a69504','2020-05-15 20:20:16.045596','2020-05-15','2020-05-15 19:38:26.608663','2020-05-15 20:20:16.045660',100,'',1,4,3,3),(16,'6cdc83a37e50403481ad2d13020b8a0b','2020-05-15 21:08:46.734071','2020-05-15','2020-05-15 19:45:39.024263','2020-05-15 21:08:46.734136',100,'',1,4,3,11),(17,'9019a44760f0476fb01e4f0c5ed30833','2020-05-15 20:51:51.943715','2020-05-15','2020-05-15 20:23:17.616170','2020-05-15 20:51:51.943781',100,'',1,4,4,3),(18,'fc57f4a66c7a42bcae75baa3af1546dc',NULL,'2020-05-15','2020-05-15 22:29:39.743726','2020-05-15 22:59:54.347402',12,'',0,1,1,4),(19,'3cba5658a1be4b43b5f9adab0270c61c','2020-05-16 02:56:02.789329','2020-05-15','2020-05-15 23:03:11.976760','2020-05-16 02:56:02.789429',100,'',1,4,3,12),(20,'e935cc2367c94184804ee730f98b7189','2020-05-16 03:23:08.391160','2020-05-16','2020-05-16 02:56:24.536478','2020-05-16 03:23:08.391221',100,'',1,4,3,12),(21,'6d8204ff439a46fb851ae9a2cdcdd66b','2020-05-16 03:43:47.474972','2020-05-16','2020-05-16 03:23:38.462035','2020-05-16 03:43:47.475033',100,'',1,4,4,12);
/*!40000 ALTER TABLE `declaracion_declaraciones` ENABLE KEYS */;
UNLOCK TABLES;

--
-- Table structure for table `declaracion_declaracionfiscal`
--

DROP TABLE IF EXISTS `declaracion_declaracionfiscal`;
/*!40101 SET @saved_cs_client     = @@character_set_client */;
/*!40101 SET character_set_client = utf8 */;
CREATE TABLE `declaracion_declaracionfiscal` (
  `id` int(11) NOT NULL AUTO_INCREMENT,
  `archivo_xml` varchar(100) DEFAULT NULL,
  `archivo_pdf` varchar(100) DEFAULT NULL,
  `declaraciones_id` int(11) DEFAULT NULL,
  PRIMARY KEY (`id`),
  KEY `declaracion_declarac_declaraciones_id_dda251b7_fk_declaraci` (`declaraciones_id`),
  CONSTRAINT `declaracion_declarac_declaraciones_id_dda251b7_fk_declaraci` FOREIGN KEY (`declaraciones_id`) REFERENCES `declaracion_declaraciones` (`id`)
) ENGINE=InnoDB AUTO_INCREMENT=28 DEFAULT CHARSET=latin1;
/*!40101 SET character_set_client = @saved_cs_client */;

--
-- Dumping data for table `declaracion_declaracionfiscal`
--

LOCK TABLES `declaracion_declaracionfiscal` WRITE;
/*!40000 ALTER TABLE `declaracion_declaracionfiscal` DISABLE KEYS */;
INSERT INTO `declaracion_declaracionfiscal` VALUES (1,'','declaracion_fiscal/pdf/Comunicado_4_OST_20200417.pdf',1),(2,'','declaracion_fiscal/pdf/Comunicado_4_OST_20200417_nzLE2ec.pdf',2),(3,'','declaracion_fiscal/pdf/JUNTA_DE_ACLARACIONES_LSCC-03-SEAJAL-CA-2020_Censurado.pdf',4),(6,'','declaracion_fiscal/pdf/Declaración_Ricardo.pdf',7),(7,'','declaracion_fiscal/pdf/DECLARACIÓN_OSCAR_MONTANER.pdf',8),(8,'','declaracion_fiscal/pdf/Declaración_Julio_Pérez.pdf',9),(9,'','declaracion_fiscal/pdf/sample.pdf',10),(11,'','declaracion_fiscal/pdf/sample_2.pdf',6),(12,'','declaracion_fiscal/pdf/ACTA_JUNTA_DE_ACLARACIONES_materiallimpieza.pdf',12),(13,'','',6),(14,'','',6),(15,'','',10),(16,'','',10),(17,'','declaracion_fiscal/pdf/Circular_OIC_-_01_-_2020.pdf',13),(18,'','declaracion_fiscal/pdf/FORMATO_DE_MODIFICACIÓN_PATRIMONIAL.pdf',3),(19,'','declaracion_fiscal/pdf/FALLO_LICITACIÓN_SIN_CONCURRENCIA_LSCC-03-SEAJAL-2020.pdf',14),(20,'','declaracion_fiscal/pdf/FORMATO_DE_MODIFICACIÓN_PATRIMONIAL_DInUrNo.pdf',15),(21,'','declaracion_fiscal/pdf/FORMATO_DE_MODIFICACIÓN_PATRIMONIAL_Z48XYOf.pdf',17),(22,'','declaracion_fiscal/pdf/FORMATO_DE_MODIFICACIÓN_PATRIMONIAL_rYcoWtq.pdf',17),(23,'','declaracion_fiscal/pdf/FORMATO_DE_MODIFICACIÓN_PATRIMONIAL_3hCgBn1.pdf',17),(24,'','declaracion_fiscal/pdf/FALLO_LPLSC-05-SESAJ-CA-2020.pdf',16),(25,'','declaracion_fiscal/pdf/FALLO_LPLSC-05-SESAJ-CA-2020_qTsr8Po.pdf',19),(26,'','declaracion_fiscal/pdf/FALLO_LPLSC-05-SESAJ-CA-2020_CXw8Jx3.pdf',20),(27,'','declaracion_fiscal/pdf/FALLO_LICITACIÓN_SIN_CONCURRENCIA_LSCC-03-SEAJAL-2020_BeEcrha.pdf',21);
/*!40000 ALTER TABLE `declaracion_declaracionfiscal` ENABLE KEYS */;
UNLOCK TABLES;

--
-- Table structure for table `declaracion_deudasotros`
--

DROP TABLE IF EXISTS `declaracion_deudasotros`;
/*!40101 SET @saved_cs_client     = @@character_set_client */;
/*!40101 SET character_set_client = utf8 */;
CREATE TABLE `declaracion_deudasotros` (
  `id` int(11) NOT NULL AUTO_INCREMENT,
  `otra_operacion` varchar(255) NOT NULL,
  `otro_tipo_acreedor` varchar(255) NOT NULL,
  `otro_tipo_adeudo` varchar(255) NOT NULL,
  `numero_cuenta` varchar(255) NOT NULL,
  `fecha_generacion` date DEFAULT NULL,
  `monto_original` int(11) DEFAULT NULL,
  `tasa_interes` int(11) DEFAULT NULL,
  `saldo_pendiente` int(11) DEFAULT NULL,
  `monto_abonado` int(11) DEFAULT NULL,
  `plazo` int(11) DEFAULT NULL,
  `otro_titular` varchar(255) NOT NULL,
  `porcentaje_adeudo` int(11) DEFAULT NULL,
  `garantia` tinyint(1) DEFAULT NULL,
  `nombre_garantes` varchar(255) NOT NULL,
  `created_at` datetime(6) NOT NULL,
  `updated_at` datetime(6) NOT NULL,
  `acreedor_nombre` varchar(255) DEFAULT NULL,
  `acreedor_rfc` varchar(255) DEFAULT NULL,
  `acreedor_infopersonalvar_id` int(11) NOT NULL,
  `cat_monedas_id` int(11) DEFAULT NULL,
  `cat_paises_id` int(11) DEFAULT NULL,
  `cat_tipos_acreedores_id` int(11) DEFAULT NULL,
  `cat_tipos_adeudos_id` int(11) DEFAULT NULL,
  `cat_tipos_operaciones_id` int(11) DEFAULT NULL,
  `cat_tipos_pasivos_id` int(11) DEFAULT NULL,
  `cat_tipos_titulares_id` int(11) DEFAULT NULL,
  `cat_unidades_temporales_id` int(11) DEFAULT NULL,
  `declaraciones_id` int(11) NOT NULL,
  `observaciones_id` int(11) NOT NULL,
  PRIMARY KEY (`id`),
  KEY `declaracion_deudasot_acreedor_infopersona_2d15b68b_fk_declaraci` (`acreedor_infopersonalvar_id`),
  KEY `declaracion_deudasot_cat_monedas_id_cc17183f_fk_declaraci` (`cat_monedas_id`),
  KEY `declaracion_deudasot_cat_paises_id_33c78190_fk_declaraci` (`cat_paises_id`),
  KEY `declaracion_deudasot_cat_tipos_acreedores_5287dc71_fk_declaraci` (`cat_tipos_acreedores_id`),
  KEY `declaracion_deudasot_cat_tipos_adeudos_id_e73d9123_fk_declaraci` (`cat_tipos_adeudos_id`),
  KEY `declaracion_deudasot_cat_tipos_operacione_6508c122_fk_declaraci` (`cat_tipos_operaciones_id`),
  KEY `declaracion_deudasot_cat_tipos_pasivos_id_2289f5d6_fk_declaraci` (`cat_tipos_pasivos_id`),
  KEY `declaracion_deudasot_cat_tipos_titulares__b12ef02a_fk_declaraci` (`cat_tipos_titulares_id`),
  KEY `declaracion_deudasot_cat_unidades_tempora_3a4d00cc_fk_declaraci` (`cat_unidades_temporales_id`),
  KEY `declaracion_deudasot_declaraciones_id_50e8cf5f_fk_declaraci` (`declaraciones_id`),
  KEY `declaracion_deudasot_observaciones_id_ad9eaf9a_fk_declaraci` (`observaciones_id`),
  CONSTRAINT `declaracion_deudasot_acreedor_infopersona_2d15b68b_fk_declaraci` FOREIGN KEY (`acreedor_infopersonalvar_id`) REFERENCES `declaracion_infopersonalvar` (`id`),
  CONSTRAINT `declaracion_deudasot_cat_monedas_id_cc17183f_fk_declaraci` FOREIGN KEY (`cat_monedas_id`) REFERENCES `declaracion_catmonedas` (`id`),
  CONSTRAINT `declaracion_deudasot_cat_paises_id_33c78190_fk_declaraci` FOREIGN KEY (`cat_paises_id`) REFERENCES `declaracion_catpaises` (`id`),
  CONSTRAINT `declaracion_deudasot_cat_tipos_acreedores_5287dc71_fk_declaraci` FOREIGN KEY (`cat_tipos_acreedores_id`) REFERENCES `declaracion_cattiposacreedores` (`id`),
  CONSTRAINT `declaracion_deudasot_cat_tipos_adeudos_id_e73d9123_fk_declaraci` FOREIGN KEY (`cat_tipos_adeudos_id`) REFERENCES `declaracion_cattiposadeudos` (`id`),
  CONSTRAINT `declaracion_deudasot_cat_tipos_operacione_6508c122_fk_declaraci` FOREIGN KEY (`cat_tipos_operaciones_id`) REFERENCES `declaracion_cattiposoperaciones` (`id`),
  CONSTRAINT `declaracion_deudasot_cat_tipos_pasivos_id_2289f5d6_fk_declaraci` FOREIGN KEY (`cat_tipos_pasivos_id`) REFERENCES `declaracion_cattipospasivos` (`id`),
  CONSTRAINT `declaracion_deudasot_cat_tipos_titulares__b12ef02a_fk_declaraci` FOREIGN KEY (`cat_tipos_titulares_id`) REFERENCES `declaracion_cattipostitulares` (`id`),
  CONSTRAINT `declaracion_deudasot_cat_unidades_tempora_3a4d00cc_fk_declaraci` FOREIGN KEY (`cat_unidades_temporales_id`) REFERENCES `declaracion_catunidadestemporales` (`id`),
  CONSTRAINT `declaracion_deudasot_declaraciones_id_50e8cf5f_fk_declaraci` FOREIGN KEY (`declaraciones_id`) REFERENCES `declaracion_declaraciones` (`id`),
  CONSTRAINT `declaracion_deudasot_observaciones_id_ad9eaf9a_fk_declaraci` FOREIGN KEY (`observaciones_id`) REFERENCES `declaracion_observaciones` (`id`)
) ENGINE=InnoDB AUTO_INCREMENT=20 DEFAULT CHARSET=latin1;
/*!40101 SET character_set_client = @saved_cs_client */;

--
-- Dumping data for table `declaracion_deudasotros`
--

LOCK TABLES `declaracion_deudasotros` WRITE;
/*!40000 ALTER TABLE `declaracion_deudasotros` DISABLE KEYS */;
INSERT INTO `declaracion_deudasotros` VALUES (1,'','','','121231241241','2008-01-01',30000,NULL,33000,NULL,0,'',NULL,0,'','2020-05-02 18:41:29.890025','2020-05-02 18:41:29.890040','Institutcion de prestamos OP','INSP120101AAA',10,101,11,1,2,1,1,1,NULL,1,21),(2,'','','','9990992','2009-01-01',100000,NULL,40000,NULL,0,'',NULL,0,'','2020-05-02 20:50:24.320544','2020-05-02 20:50:24.320559','Bancomer','BNAA100201JDK',31,101,142,1,1,1,1,1,NULL,3,53),(3,'','','','894889009','2019-01-01',1000,NULL,1000,NULL,0,'',NULL,0,'','2020-05-03 04:30:49.398744','2020-05-03 04:30:49.398759','Bancomer','BAAN010101256',51,101,142,1,3,1,1,1,NULL,2,80),(4,'','','','86876868','1959-12-01',7000,NULL,345555,NULL,0,'',NULL,0,'','2020-05-03 20:51:58.941436','2020-05-03 20:52:23.664246','banorte','PERK381016AN3',67,101,142,1,6,1,1,1,NULL,4,95),(5,'','LIVERPOOL','','567890000045678','2017-11-22',7000,NULL,2000,NULL,0,'',NULL,0,'','2020-05-05 19:26:39.385742','2020-05-07 18:14:55.629947','OPERADORA COMERCIAL LIVERPOOL SA DE CV','LVM9009567UB8',83,101,142,4,5,NULL,1,1,NULL,6,123),(6,'','','','1234567800','2017-10-29',369046,NULL,358611,NULL,0,'',NULL,0,'','2020-05-05 20:48:35.444934','2020-05-05 21:19:48.479155','INFONAVIT','INF7205011ZA',94,101,142,1,1,1,1,1,NULL,7,139),(7,'','','','','1940-01-01',NULL,NULL,NULL,NULL,0,'',NULL,0,'','2020-05-05 22:08:38.469166','2020-05-05 22:08:38.469181',NULL,NULL,106,101,142,NULL,NULL,NULL,1,NULL,NULL,8,156),(8,'','','','','1940-01-01',NULL,NULL,NULL,NULL,0,'',NULL,0,'','2020-05-05 23:14:32.421033','2020-05-05 23:14:32.421049',NULL,NULL,116,101,142,NULL,NULL,NULL,1,NULL,NULL,9,172),(9,'','','','1415678909','2009-03-05',45000000,NULL,35000000,NULL,0,'',NULL,0,'','2020-05-05 23:42:59.877826','2020-05-07 18:48:18.295290','INFONAVIT','INF7205011ZA',124,101,142,1,1,1,1,1,NULL,10,187),(10,'','','','231312aasddsa','1991-03-25',200000,0,140000,0,0,'',0,0,'','2020-05-07 17:36:54.538930','2020-05-07 17:36:54.538958',NULL,NULL,139,101,142,NULL,3,1,1,1,NULL,12,212),(11,'','','','7889558','2010-01-01',4589,0,2580,0,0,'',0,0,'','2020-05-07 22:46:46.844600','2020-05-07 22:46:46.844615','Omar Olan Oscar','SOOS010101853',183,101,142,3,1,1,1,1,NULL,13,262),(12,'','','','58444-AD89','2018-01-01',1500,0,600,0,0,'',0,0,'','2020-05-12 03:30:20.436938','2020-05-12 03:30:20.436953','88.INSTITUCION','TIIN010101569',204,101,142,1,1,1,1,1,NULL,11,284),(13,'','','','ipe34567','2020-03-01',230000,0,200000,0,0,'',0,0,'','2020-05-15 19:20:46.547490','2020-05-15 19:20:46.547505','ipejal','PERK381016AN3',228,101,142,1,3,1,1,NULL,NULL,14,319),(14,'','','','797686756890','1940-01-01',5000,0,1000,0,0,'',0,0,'','2020-05-15 20:04:47.350688','2020-05-15 20:04:47.350703','Otto Elite','PIRK781006AN7',248,101,142,1,2,1,1,1,NULL,15,350),(15,'','','','123124213','1940-01-01',5000,0,600,0,0,'',0,0,'','2020-05-15 20:42:12.078676','2020-05-15 20:42:12.078691','Institutcion de prestamos OP','PIRK781006AN7',269,101,142,2,3,2,1,1,NULL,17,378),(16,'','','','ipkal99101','1985-12-21',4000,0,1000,0,0,'',0,0,'','2020-05-15 20:54:22.916653','2020-05-15 20:54:22.916668','banorte','PERK381016AN3',285,101,142,1,3,1,1,NULL,NULL,16,391),(17,'','','','OPPP0110101','1993-09-10',12000,0,10000,0,0,'',0,0,'','2020-05-16 02:48:49.766729','2020-05-16 02:48:49.766744','banorte','PERK381016AN3',305,101,142,1,3,1,1,1,NULL,19,423),(18,'','','','JKLS19001','1985-09-16',20000,0,0,0,0,'',0,0,'','2020-05-16 03:16:11.380874','2020-05-16 03:16:11.380896','banorte','PERK381016AN3',324,101,142,2,3,1,1,1,NULL,20,447),(19,'','','','ads das as adq121','1955-12-16',2000,0,0,0,0,'',0,0,'','2020-05-16 03:37:40.249806','2020-05-16 03:37:40.249821','banorte',NULL,343,101,142,1,3,1,1,8,NULL,21,471);
/*!40000 ALTER TABLE `declaracion_deudasotros` ENABLE KEYS */;
UNLOCK TABLES;

--
-- Table structure for table `declaracion_domicilios`
--

DROP TABLE IF EXISTS `declaracion_domicilios`;
/*!40101 SET @saved_cs_client     = @@character_set_client */;
/*!40101 SET character_set_client = utf8 */;
CREATE TABLE `declaracion_domicilios` (
  `id` int(11) NOT NULL AUTO_INCREMENT,
  `cp` varchar(255) NOT NULL,
  `colonia` varchar(255) NOT NULL,
  `nombre_via` varchar(255) NOT NULL,
  `num_exterior` varchar(255) NOT NULL,
  `num_interior` varchar(255) NOT NULL,
  `created_at` datetime(6) NOT NULL,
  `updated_at` datetime(6) NOT NULL,
  `ciudadLocalidad` varchar(100) DEFAULT NULL,
  `estadoProvincia` varchar(100) DEFAULT NULL,
  `cat_entidades_federativas_id` int(11) DEFAULT NULL,
  `cat_pais_id` int(11) DEFAULT NULL,
  `cat_tipo_via_id` int(11) DEFAULT NULL,
  `municipio_id` int(11) DEFAULT NULL,
  PRIMARY KEY (`id`),
  KEY `declaracion_domicili_cat_entidades_federa_456c9653_fk_declaraci` (`cat_entidades_federativas_id`),
  KEY `declaracion_domicili_cat_pais_id_930ca211_fk_declaraci` (`cat_pais_id`),
  KEY `declaracion_domicili_cat_tipo_via_id_bc93edfc_fk_declaraci` (`cat_tipo_via_id`),
  KEY `declaracion_domicili_municipio_id_7055d0b1_fk_declaraci` (`municipio_id`),
  CONSTRAINT `declaracion_domicili_cat_entidades_federa_456c9653_fk_declaraci` FOREIGN KEY (`cat_entidades_federativas_id`) REFERENCES `declaracion_catentidadesfederativas` (`id`),
  CONSTRAINT `declaracion_domicili_cat_pais_id_930ca211_fk_declaraci` FOREIGN KEY (`cat_pais_id`) REFERENCES `declaracion_catpaises` (`id`),
  CONSTRAINT `declaracion_domicili_cat_tipo_via_id_bc93edfc_fk_declaraci` FOREIGN KEY (`cat_tipo_via_id`) REFERENCES `declaracion_cattipovia` (`id`),
  CONSTRAINT `declaracion_domicili_municipio_id_7055d0b1_fk_declaraci` FOREIGN KEY (`municipio_id`) REFERENCES `declaracion_catmunicipios` (`id`)
) ENGINE=InnoDB AUTO_INCREMENT=296 DEFAULT CHARSET=latin1;
/*!40101 SET character_set_client = @saved_cs_client */;

--
-- Dumping data for table `declaracion_domicilios`
--

LOCK TABLES `declaracion_domicilios` WRITE;
/*!40000 ALTER TABLE `declaracion_domicilios` DISABLE KEYS */;
INSERT INTO `declaracion_domicilios` VALUES (1,'22312','Moderna','Morelos','333','','2020-05-02 17:08:33.639776','2020-05-02 17:09:49.412220',NULL,NULL,14,142,NULL,576),(2,'','','','','','2020-05-02 18:14:17.872202','2020-05-02 18:14:17.872222',NULL,NULL,NULL,142,NULL,NULL),(3,'40023','Moderna','Morelos','500','','2020-05-02 18:17:38.469177','2020-05-02 20:01:25.999265',NULL,NULL,14,142,NULL,576),(4,'44021','La normal','Dolores','440','','2020-05-02 18:33:47.363340','2020-05-02 18:33:47.363361',NULL,NULL,14,142,NULL,576),(5,'','','','','','2020-05-02 18:35:55.493962','2020-05-02 18:35:55.493979',NULL,NULL,14,142,NULL,NULL),(6,'','','','','','2020-05-02 18:39:33.633441','2020-05-02 18:39:33.633459',NULL,NULL,NULL,NULL,NULL,NULL),(7,'','','','','','2020-05-02 18:41:29.789808','2020-05-02 18:41:29.789824',NULL,NULL,NULL,NULL,NULL,NULL),(8,'40192','Mezacaliza','Mariano Otero','1212','','2020-05-02 18:43:21.027587','2020-05-02 18:43:21.027604',NULL,NULL,14,142,NULL,576),(9,'','','','','','2020-05-02 18:46:16.147257','2020-05-02 18:46:16.147276',NULL,NULL,14,142,NULL,NULL),(10,'','','','','','2020-05-02 18:48:03.479009','2020-05-02 18:48:03.479027',NULL,NULL,NULL,NULL,NULL,NULL),(11,'','','','','','2020-05-02 18:49:05.031604','2020-05-02 18:49:05.031620',NULL,NULL,14,142,NULL,NULL),(12,'','','','','','2020-05-02 18:51:45.835896','2020-05-02 18:51:45.835913',NULL,NULL,NULL,NULL,NULL,NULL),(13,'','','','','','2020-05-02 18:51:45.852526','2020-05-02 18:51:45.852543',NULL,NULL,NULL,NULL,NULL,NULL),(14,'','','','','','2020-05-02 18:51:45.902638','2020-05-02 18:51:45.902655',NULL,NULL,NULL,NULL,NULL,NULL),(15,'45750','Sauz','Isla mexcaltitang','45750','10','2020-05-02 18:56:38.319642','2020-05-02 18:57:24.115799',NULL,NULL,14,142,NULL,657),(16,'','Jardines del bosque','Av. de los arcos','767','','2020-05-02 19:25:32.023738','2020-05-02 19:25:53.792814',NULL,NULL,14,142,NULL,576),(17,'44860','La cruz','Arteaga','450','','2020-05-02 19:42:17.628992','2020-05-02 19:42:17.629009',NULL,NULL,14,142,NULL,656),(18,'40093','La normal','Dolores','123','','2020-05-02 20:06:11.709474','2020-05-02 20:30:52.951761',NULL,NULL,14,142,NULL,576),(19,'45750','Sauz','Isla mexcaltitang','45750','10','2020-05-02 20:18:17.245513','2020-05-02 20:18:17.245530',NULL,NULL,14,142,NULL,657),(20,'40029','Bosques','Arcos','767','','2020-05-02 20:32:46.417503','2020-05-02 20:32:46.417520',NULL,NULL,14,142,NULL,576),(21,'','','','','','2020-05-02 20:34:03.591158','2020-05-02 20:34:03.591175',NULL,NULL,NULL,142,NULL,NULL),(22,'40029','La normal','Dolores','123','','2020-05-02 20:37:59.410090','2020-05-02 20:37:59.410107',NULL,NULL,14,142,NULL,576),(23,'40019','La normal','Dolores','123','','2020-05-02 20:43:54.404749','2020-05-02 20:43:54.404765',NULL,NULL,14,142,NULL,576),(24,'','','','','','2020-05-02 20:46:22.751925','2020-05-02 20:46:22.751943',NULL,NULL,14,142,NULL,NULL),(25,'','','','','','2020-05-02 20:49:02.751769','2020-05-02 20:49:02.751785',NULL,NULL,NULL,NULL,NULL,NULL),(26,'','','','','','2020-05-02 20:50:24.228623','2020-05-02 20:50:24.228639',NULL,NULL,NULL,NULL,NULL,NULL),(27,'40093','Loma dorada','Calle dorada','555','','2020-05-02 20:51:56.443016','2020-05-02 20:51:56.443032',NULL,NULL,14,142,NULL,638),(28,'','','','','','2020-05-02 20:54:47.144215','2020-05-02 20:54:47.144231',NULL,NULL,14,142,NULL,NULL),(29,'','','','','','2020-05-02 20:56:25.681191','2020-05-02 20:56:25.681207',NULL,NULL,NULL,NULL,NULL,NULL),(30,'','','','','','2020-05-02 20:57:47.159589','2020-05-02 20:57:47.159605',NULL,NULL,14,142,NULL,NULL),(31,'','','','','','2020-05-02 21:00:08.706816','2020-05-02 21:00:08.706832',NULL,NULL,NULL,NULL,NULL,NULL),(32,'','','','','','2020-05-02 21:00:08.731815','2020-05-02 21:00:08.731832',NULL,NULL,NULL,NULL,NULL,NULL),(33,'','','','','','2020-05-02 21:00:08.806950','2020-05-02 21:00:08.806967',NULL,NULL,NULL,NULL,NULL,NULL),(34,'4856','Las lomas','Torres boded','589','','2020-05-03 00:17:21.223591','2020-05-03 00:17:21.223609',NULL,NULL,14,142,NULL,600),(35,'45138','3 de mayo','andador 45','45','12','2020-05-03 01:44:36.364359','2020-05-03 01:45:12.271300',NULL,NULL,14,142,NULL,657),(36,'45138','arcos','avenida arcos','767','','2020-05-03 01:47:09.940318','2020-05-03 01:47:09.940335',NULL,NULL,14,142,NULL,554),(37,'','','','','','2020-05-03 01:48:08.847998','2020-05-03 01:48:08.848015',NULL,NULL,NULL,142,NULL,NULL),(38,'45138','jardines','andador 45','45','','2020-05-03 01:49:16.343479','2020-05-03 01:49:16.343496',NULL,NULL,14,142,NULL,555),(39,'45138','jardines','andador 45','45','','2020-05-03 01:50:13.526545','2020-05-03 01:50:13.526562',NULL,NULL,14,142,NULL,553),(40,'','','','','','2020-05-03 03:03:24.640073','2020-05-03 03:03:24.640092',NULL,NULL,NULL,142,NULL,NULL),(41,'44596','LA CRUZ','Arteaga','450','2','2020-05-03 03:53:38.689208','2020-05-03 03:53:38.689225',NULL,NULL,14,142,NULL,550),(42,'','','','','','2020-05-03 03:55:01.511416','2020-05-03 03:55:01.511433',NULL,NULL,14,142,NULL,NULL),(43,'','','','','','2020-05-03 04:29:24.387455','2020-05-03 04:29:24.387473',NULL,NULL,NULL,NULL,NULL,NULL),(44,'','','','','','2020-05-03 04:30:49.348617','2020-05-03 04:30:49.348633',NULL,NULL,NULL,NULL,NULL,NULL),(45,'4589','La cruz','Artega','450','859','2020-05-03 04:32:04.130797','2020-05-03 04:32:04.130814',NULL,NULL,14,142,NULL,612),(46,'','','','','','2020-05-03 04:33:41.168649','2020-05-03 04:33:41.168666',NULL,NULL,14,142,NULL,NULL),(47,'','','','','','2020-05-03 04:36:01.822765','2020-05-03 04:36:01.822783',NULL,NULL,NULL,NULL,NULL,NULL),(48,'','','','','','2020-05-03 04:36:58.983030','2020-05-03 04:36:58.983059',NULL,NULL,14,142,NULL,NULL),(49,'','','','','','2020-05-03 04:38:32.062533','2020-05-03 04:38:32.062551',NULL,NULL,NULL,NULL,NULL,NULL),(50,'','','','','','2020-05-03 04:38:32.079193','2020-05-03 04:38:32.079209',NULL,NULL,NULL,NULL,NULL,NULL),(51,'','','','','','2020-05-03 04:38:32.095837','2020-05-03 04:38:32.095854',NULL,NULL,NULL,NULL,NULL,NULL),(52,'44638','jardines','andador 45','24','','2020-05-03 20:33:49.011871','2020-05-03 20:33:49.011887',NULL,NULL,14,142,NULL,555),(53,'','','','','','2020-05-03 20:35:14.192439','2020-05-03 20:35:14.192459',NULL,NULL,14,142,NULL,NULL),(54,'','','','','','2020-05-03 20:46:12.932220','2020-05-03 20:46:12.932236',NULL,NULL,NULL,NULL,NULL,NULL),(55,'','','','','','2020-05-03 20:51:58.891217','2020-05-03 20:52:23.613059',NULL,NULL,NULL,NULL,NULL,NULL),(56,'44638','jardines','dasff','34','','2020-05-03 20:53:12.043552','2020-05-03 20:53:12.043569',NULL,NULL,14,142,NULL,554),(57,'','','','','','2020-05-04 00:29:27.451507','2020-05-04 00:29:27.451524',NULL,NULL,14,142,NULL,NULL),(58,'','','','','','2020-05-04 01:31:32.126686','2020-05-04 01:31:32.126703',NULL,NULL,NULL,NULL,NULL,NULL),(59,'','','','','','2020-05-04 01:32:24.551522','2020-05-04 01:32:24.551538',NULL,NULL,14,142,NULL,NULL),(60,'','','','','','2020-05-04 01:34:41.564520','2020-05-04 01:34:41.564537',NULL,NULL,NULL,NULL,NULL,NULL),(61,'','','','','','2020-05-04 01:34:41.589538','2020-05-04 01:34:41.589554',NULL,NULL,NULL,NULL,NULL,NULL),(62,'','','','','','2020-05-04 01:34:41.615084','2020-05-04 01:34:41.615101',NULL,NULL,NULL,NULL,NULL,NULL),(63,'4500','COLONIA','CALLE','NUM EXTERIOR','NUMERO INTERIOR','2020-05-04 20:25:41.582397','2020-05-05 16:29:12.779349',NULL,NULL,14,142,NULL,538),(64,'12331','WQDWQ','DQW','1223','1331','2020-05-05 16:30:37.389856','2020-05-05 16:30:37.389873',NULL,NULL,14,142,NULL,552),(65,'44100','Lomas de lo más lindo del mundo','Sendero sinuoso','123456','2','2020-05-05 18:34:11.941159','2020-05-07 17:46:58.551896',NULL,NULL,14,142,NULL,576),(66,'44520','Jardines del Bosque','Av. de los Arcos','767','','2020-05-05 18:43:52.279927','2020-05-07 17:48:20.463670',NULL,NULL,14,142,NULL,576),(67,'','','','','','2020-05-05 18:55:34.523468','2020-05-07 17:49:06.269540',NULL,NULL,NULL,142,NULL,NULL),(68,'44563','Tabachines','Isla Gomera','456','','2020-05-05 18:55:49.880779','2020-05-07 17:56:59.405569',NULL,NULL,14,142,NULL,576),(69,'45405','Insurgentes','Licurgo','70','','2020-05-05 18:59:39.522771','2020-05-07 17:57:16.667401',NULL,NULL,14,142,NULL,576),(70,'','','','','','2020-05-05 19:26:39.343894','2020-05-07 18:14:55.596561',NULL,NULL,NULL,NULL,NULL,NULL),(71,'44000','El Olvido','Camino Escondido','119','','2020-05-05 19:26:52.469102','2020-05-07 18:18:29.438961',NULL,NULL,14,142,NULL,541),(72,'44545','JARDINES DE SAN FRANCISCO','PRESA LAUREL','70','','2020-05-05 19:40:59.661263','2020-05-05 21:14:21.057635',NULL,NULL,14,142,NULL,576),(73,'44520','Jardines del BosqueG','Av. de los Arcos','767','','2020-05-05 19:48:59.152797','2020-05-05 21:16:29.853811',NULL,NULL,14,142,NULL,576),(74,'','','','','','2020-05-05 19:57:27.521030','2020-05-05 21:16:56.124709',NULL,NULL,NULL,142,NULL,NULL),(75,'','','','','','2020-05-05 19:58:36.768152','2020-05-05 21:17:29.559064',NULL,NULL,14,142,NULL,NULL),(76,'44545','JARDINES DE SAN FRANCISCO','PRESA LAUREL','80','','2020-05-05 20:15:33.339837','2020-05-05 21:18:32.855952',NULL,NULL,14,142,NULL,576),(77,'','','','','','2020-05-05 20:24:03.644073','2020-05-05 21:18:47.969509',NULL,NULL,14,142,NULL,NULL),(78,'','','','','','2020-05-05 20:43:43.967134','2020-05-05 21:19:18.854880',NULL,NULL,NULL,NULL,NULL,NULL),(79,'','','','','','2020-05-05 20:48:35.377918','2020-05-05 21:19:48.428974',NULL,NULL,NULL,NULL,NULL,NULL),(80,'','','','','','2020-05-05 20:48:47.652151','2020-05-05 21:19:56.237006',NULL,NULL,14,142,NULL,NULL),(81,'44520','JARDINES DE SAN FRANCISCO','PRESA LAUREL','767','','2020-05-05 20:54:41.382110','2020-05-05 21:17:46.453442',NULL,NULL,14,142,NULL,576),(82,'45410','LOMA DORADA','LOMA CARAPAN','8465','102','2020-05-05 21:33:51.638484','2020-05-05 21:34:45.688309',NULL,NULL,14,142,NULL,638),(83,'44520','Jardines del Bosque','Av. de los Arcos','767','','2020-05-05 21:38:43.240784','2020-05-05 21:38:43.240801',NULL,NULL,14,142,NULL,576),(84,'','','','','','2020-05-05 21:44:35.853064','2020-05-05 21:44:35.853083',NULL,NULL,NULL,142,NULL,NULL),(85,'45410','LOMA DORADA','LOMA CARAPAN','8465','102','2020-05-05 21:49:19.455597','2020-05-05 21:49:19.455614',NULL,NULL,14,142,NULL,638),(86,'45410','LOMA DORADA','LOMA CARAPAN','8465','102','2020-05-05 21:56:49.097190','2020-05-05 21:56:49.097207',NULL,NULL,14,142,NULL,638),(87,'','','','','','2020-05-05 22:02:50.834845','2020-05-05 22:02:50.834862',NULL,NULL,14,142,NULL,NULL),(88,'','','','','','2020-05-05 22:08:24.827316','2020-05-05 22:08:24.827334',NULL,NULL,NULL,NULL,NULL,NULL),(89,'','','','','','2020-05-05 22:08:38.435719','2020-05-05 22:08:38.435735',NULL,NULL,NULL,NULL,NULL,NULL),(90,'','','','','','2020-05-05 22:08:45.400532','2020-05-05 22:08:45.400549',NULL,NULL,14,142,NULL,NULL),(91,'45410','LOMA DORADA','LOMA CARAPAN','8465','102','2020-05-05 22:13:00.555481','2020-05-05 22:13:00.555498',NULL,NULL,14,142,NULL,638),(92,'44521','MEZQUITAN','COLIMA','35','','2020-05-05 22:50:29.698525','2020-05-05 22:52:15.281471',NULL,NULL,14,142,NULL,576),(93,'44520','Jardines del Bosque','Av. de los Arcos','767','','2020-05-05 22:57:03.830978','2020-05-05 22:57:03.831010',NULL,NULL,14,142,NULL,576),(94,'','','','','','2020-05-05 22:59:35.774382','2020-05-05 22:59:35.774412',NULL,NULL,NULL,142,NULL,NULL),(95,'44521','MEZQUITAN','COLIMA','35','','2020-05-05 23:03:40.022355','2020-05-05 23:03:40.022387',NULL,NULL,14,142,NULL,576),(96,'44521','MEZQUITAN','COLIMA','35','','2020-05-05 23:10:57.967684','2020-05-05 23:10:57.967702',NULL,NULL,14,142,NULL,576),(97,'','','','','','2020-05-05 23:14:21.405556','2020-05-05 23:14:21.405574',NULL,NULL,NULL,NULL,NULL,NULL),(98,'','','','','','2020-05-05 23:14:32.370899','2020-05-05 23:14:32.370917',NULL,NULL,NULL,NULL,NULL,NULL),(99,'','','','','','2020-05-05 23:14:46.471594','2020-05-05 23:14:46.471610',NULL,NULL,14,142,NULL,NULL),(100,'44521','MEZQUITAN','COLIMA','35','','2020-05-05 23:22:16.184956','2020-05-05 23:22:16.184973',NULL,NULL,15,142,NULL,576),(101,'45400','PRADOS DE TONALÁ','NEFTALI ELIAS TORRES','30','','2020-05-05 23:34:13.141830','2020-05-07 18:28:21.143433',NULL,NULL,15,142,NULL,638),(102,'44520','Jardines del Bosque','Av. de los Arcos','767','','2020-05-05 23:37:05.053083','2020-05-05 23:37:05.053099',NULL,NULL,15,142,NULL,576),(103,'','','','','','2020-05-05 23:39:16.190131','2020-05-05 23:39:16.190149',NULL,NULL,15,142,NULL,NULL),(104,'','','','','','2020-05-05 23:39:25.370520','2020-05-05 23:39:25.370536',NULL,NULL,32,142,NULL,NULL),(105,'','','','','','2020-05-05 23:42:50.820353','2020-05-05 23:42:50.820386',NULL,NULL,32,NULL,NULL,NULL),(106,'','','','','','2020-05-05 23:42:59.844330','2020-05-07 18:48:18.245132',NULL,NULL,26,NULL,NULL,NULL),(107,'45400','PRADOS DE TONALÁ','NEFTALI ELIAS TORRES','30','','2020-05-05 23:43:08.209046','2020-05-07 18:52:25.055778',NULL,NULL,14,142,NULL,638),(108,'44568','Juan Manuela Vallarta','Libra','356','','2020-05-06 04:33:26.677756','2020-05-12 15:57:25.168793',NULL,NULL,14,142,NULL,657),(109,'45100','jardines','andador 45','24','','2020-05-07 17:11:51.676354','2020-05-07 17:12:17.133188',NULL,NULL,14,142,NULL,657),(110,'45100','jardines','avenida arcos','24','','2020-05-07 17:14:33.222931','2020-05-07 17:15:23.568993',NULL,NULL,14,142,NULL,576),(111,'','','','','','2020-05-07 17:16:38.766206','2020-05-07 17:16:38.766224',NULL,NULL,NULL,142,NULL,NULL),(112,'45138','jardines','andador 45','45','24','2020-05-07 17:18:09.211936','2020-05-07 17:18:09.211954',NULL,NULL,14,142,NULL,552),(113,'45138','jardines','andador 45','45','24','2020-05-07 17:19:25.476846','2020-05-07 17:19:25.476863',NULL,NULL,14,142,NULL,591),(114,'45138','3 de mayo','andador 45','767','','2020-05-07 17:24:18.391753','2020-05-07 17:24:18.391770',NULL,NULL,14,142,NULL,594),(115,'','','','','','2020-05-07 17:28:17.482957','2020-05-07 17:28:28.838571',NULL,NULL,14,142,NULL,NULL),(116,'','','','','','2020-05-07 17:35:53.703495','2020-05-07 17:35:53.703512',NULL,NULL,NULL,NULL,NULL,NULL),(117,'','','','','','2020-05-07 17:36:54.471858','2020-05-07 17:36:54.471874',NULL,NULL,NULL,NULL,NULL,NULL),(118,'44638','esatdio','avenida estadoi','123','','2020-05-07 17:37:47.321856','2020-05-07 17:37:47.321872',NULL,NULL,14,142,NULL,576),(119,'44638','esatdio','avenida estadoi','123','','2020-05-07 17:37:47.430344','2020-05-07 17:37:47.430381',NULL,NULL,14,142,NULL,576),(120,'','','','','','2020-05-07 17:43:34.666505','2020-05-07 17:43:34.666521',NULL,NULL,14,142,NULL,NULL),(121,'','','','','','2020-05-07 17:45:32.166424','2020-05-07 17:45:32.166442',NULL,NULL,NULL,NULL,NULL,NULL),(122,'','','','','','2020-05-07 17:46:07.425847','2020-05-07 17:46:07.425865',NULL,NULL,14,142,NULL,NULL),(123,'','','','','','2020-05-07 17:52:15.784508','2020-05-07 17:52:15.784526',NULL,NULL,NULL,NULL,NULL,NULL),(124,'','','','','','2020-05-07 17:52:15.809574','2020-05-07 17:52:15.809591',NULL,NULL,NULL,NULL,NULL,NULL),(125,'','','','','','2020-05-07 17:52:15.843845','2020-05-07 17:52:15.843862',NULL,NULL,NULL,NULL,NULL,NULL),(126,'44000','Vista Hermosa','Calle 29','2323','A','2020-05-07 18:03:46.808054','2020-05-07 18:03:46.808071',NULL,NULL,14,142,NULL,544),(127,'','','','','','2020-05-07 18:08:36.036208','2020-05-07 18:08:36.036225',NULL,NULL,14,142,NULL,NULL),(128,'','','','','','2020-05-07 18:14:16.893102','2020-05-07 18:14:16.893119',NULL,NULL,NULL,NULL,NULL,NULL),(129,'','','','','','2020-05-07 18:23:13.241709','2020-05-07 18:23:13.241726',NULL,NULL,14,142,NULL,NULL),(130,'','','','','','2020-05-07 18:28:51.447959','2020-05-07 18:28:51.447977',NULL,NULL,NULL,NULL,NULL,NULL),(131,'','','','','','2020-05-07 18:31:01.838720','2020-05-07 18:31:01.838738',NULL,NULL,14,142,NULL,NULL),(132,'45406','COLINAS DE TONALA','JUAN GIL PRECIADO','430','','2020-05-07 18:32:32.829588','2020-05-07 18:32:32.829607',NULL,NULL,14,142,NULL,638),(133,'','','','','','2020-05-07 18:37:00.321304','2020-05-07 18:37:00.321321',NULL,NULL,NULL,NULL,NULL,NULL),(134,'','','','','','2020-05-07 18:37:00.346302','2020-05-07 18:37:00.346319',NULL,NULL,NULL,NULL,NULL,NULL),(135,'','','','','','2020-05-07 18:37:00.371349','2020-05-07 18:37:00.371385',NULL,NULL,NULL,NULL,NULL,NULL),(136,'45400','JARDINES DE TONALÁ','NEFTALI ELIAS TORRES','30','','2020-05-07 18:37:14.041548','2020-05-07 18:37:14.041565',NULL,NULL,14,142,NULL,638),(137,'','','','','','2020-05-07 18:40:24.248654','2020-05-07 18:40:24.248671',NULL,NULL,14,142,NULL,NULL),(138,'','','','','','2020-05-07 18:58:53.768513','2020-05-07 18:58:53.768530',NULL,NULL,14,142,NULL,NULL),(139,'','','','','','2020-05-07 19:04:49.695598','2020-05-07 19:04:49.695615',NULL,NULL,NULL,NULL,NULL,NULL),(140,'','','','','','2020-05-07 19:07:06.511783','2020-05-07 19:07:06.511799',NULL,NULL,14,142,NULL,NULL),(141,'44578','Lopez mateos','Calle la luna','756','','2020-05-07 22:04:16.659232','2020-05-07 22:05:11.801424',NULL,NULL,14,142,NULL,657),(142,'44756','Arcos Vallarta','Av. de los arcos','767','','2020-05-07 22:08:28.835960','2020-05-07 22:08:28.835978',NULL,NULL,14,142,NULL,576),(143,'','','','','','2020-05-07 22:10:01.290648','2020-05-07 22:10:01.290665',NULL,NULL,NULL,142,NULL,NULL),(144,'44780','Santa Teresita','Calle angulo','485','4','2020-05-07 22:16:27.287657','2020-05-07 22:16:27.287674',NULL,NULL,14,142,NULL,657),(145,'4570','La cruz','Av. Tepeyac','420','','2020-05-07 22:19:33.223656','2020-05-07 22:19:33.223673',NULL,NULL,14,142,NULL,638),(146,'4570','La cruz','Av. Tepeyac','420','','2020-05-07 22:30:02.265223','2020-05-07 22:30:02.265239',NULL,NULL,14,142,NULL,638),(147,'4570','La cruz','Av. Tepeyac','420','','2020-05-07 22:30:46.591092','2020-05-07 22:30:46.591110',NULL,NULL,14,142,NULL,638),(148,'44567','Guadalajara','Lopez de legaspi','457','','2020-05-07 22:32:38.778885','2020-05-07 22:32:38.778902',NULL,NULL,14,142,NULL,576),(149,'36589','El palomar','Bugambilias','456','','2020-05-07 22:40:17.418042','2020-05-07 22:40:17.418058',NULL,NULL,14,142,NULL,657),(150,'','','','','','2020-05-07 22:41:57.287526','2020-05-07 22:41:57.287544',NULL,NULL,14,142,NULL,NULL),(151,'','','','','','2020-05-07 22:45:25.901784','2020-05-07 22:45:25.901800',NULL,NULL,NULL,NULL,NULL,NULL),(152,'','','','','','2020-05-07 22:46:46.794391','2020-05-07 22:46:46.794421',NULL,NULL,NULL,NULL,NULL,NULL),(153,'44550','ALCALDE','TOBAGO','88','2','2020-05-07 22:51:54.852859','2020-05-07 22:51:54.852877',NULL,NULL,14,142,NULL,539),(154,'','','','','','2020-05-07 22:53:46.003622','2020-05-07 22:53:46.003639',NULL,NULL,14,142,NULL,NULL),(155,'','','','','','2020-05-07 22:55:20.615025','2020-05-07 22:55:20.615042',NULL,NULL,NULL,NULL,NULL,NULL),(156,'','','','','','2020-05-07 22:56:06.739320','2020-05-07 22:56:06.739336',NULL,NULL,14,142,NULL,NULL),(157,'','','','','','2020-05-07 22:59:06.687024','2020-05-07 22:59:06.687041',NULL,NULL,NULL,NULL,NULL,NULL),(158,'','','','','','2020-05-07 22:59:06.720362','2020-05-07 22:59:06.720393',NULL,NULL,NULL,NULL,NULL,NULL),(159,'','','','','','2020-05-07 22:59:06.753739','2020-05-07 22:59:06.753755',NULL,NULL,NULL,NULL,NULL,NULL),(160,'4456','Tabachines','Libra','250','','2020-05-12 00:33:14.556768','2020-05-12 00:33:14.556784',NULL,NULL,14,142,NULL,576),(161,'','','','','','2020-05-12 00:41:07.231220','2020-05-12 00:41:07.231236',NULL,NULL,NULL,142,NULL,NULL),(162,'','','','','','2020-05-12 00:45:52.330503','2020-05-12 00:46:06.363542',NULL,NULL,14,142,NULL,NULL),(163,'4456','C4','Itsukami','767','10','2020-05-12 00:48:17.216975','2020-05-12 00:48:17.216992',NULL,NULL,14,142,NULL,552),(164,'','','','','','2020-05-12 02:46:49.073537','2020-05-12 03:21:07.405992',NULL,NULL,14,142,NULL,NULL),(165,'','','','','','2020-05-12 03:22:02.257723','2020-05-12 03:22:02.257742',NULL,NULL,14,142,NULL,NULL),(166,'','','','','','2020-05-12 03:23:44.978095','2020-05-12 03:24:51.379737',NULL,NULL,NULL,NULL,NULL,NULL),(167,'','','','','','2020-05-12 03:27:10.438698','2020-05-12 03:27:10.438715',NULL,NULL,NULL,NULL,NULL,NULL),(168,'','','','','','2020-05-12 03:27:10.455448','2020-05-12 03:27:10.455465',NULL,NULL,NULL,NULL,NULL,NULL),(169,'','','','','','2020-05-12 03:27:10.522011','2020-05-12 03:27:10.522028',NULL,NULL,NULL,NULL,NULL,NULL),(170,'','','','','','2020-05-12 03:30:20.286673','2020-05-12 03:30:20.286706',NULL,NULL,NULL,NULL,NULL,NULL),(171,'','','','','','2020-05-12 03:31:09.151059','2020-05-12 03:31:09.151076',NULL,NULL,14,142,NULL,NULL),(172,'','','','','','2020-05-12 03:52:23.512410','2020-05-12 03:52:23.512428',NULL,NULL,14,142,NULL,NULL),(173,'','','','','','2020-05-12 03:54:04.276631','2020-05-12 03:54:04.276647',NULL,NULL,NULL,NULL,NULL,NULL),(174,'','','','','','2020-05-12 03:54:44.046727','2020-05-12 03:54:44.046744',NULL,NULL,14,142,NULL,NULL),(175,'','','','','','2020-05-15 02:32:58.555311','2020-05-15 14:22:56.085722',NULL,NULL,14,142,NULL,NULL),(176,'45138','jardines','avenida arcos','767','','2020-05-15 17:58:41.101364','2020-05-15 17:58:41.101408',NULL,NULL,14,142,NULL,556),(177,'','','','','','2020-05-15 18:16:14.062337','2020-05-15 18:16:14.062357',NULL,NULL,NULL,142,NULL,NULL),(178,'','','','','','2020-05-15 18:16:59.189933','2020-05-15 18:16:59.189950',NULL,NULL,NULL,142,NULL,NULL),(179,'','','','','','2020-05-15 18:18:32.912432','2020-05-15 18:18:32.912450',NULL,NULL,NULL,142,NULL,NULL),(180,'','','','','','2020-05-15 18:20:12.994292','2020-05-15 18:20:12.994309',NULL,NULL,NULL,142,NULL,NULL),(181,'','','','','','2020-05-15 18:21:27.723815','2020-05-15 18:21:27.723831',NULL,NULL,NULL,142,NULL,NULL),(182,'','','','','','2020-05-15 18:21:39.787579','2020-05-15 18:21:39.787595',NULL,NULL,NULL,142,NULL,NULL),(183,'45138','jardines','avenida arcos','45','24','2020-05-15 18:23:31.800328','2020-05-15 18:23:31.800345',NULL,NULL,14,142,NULL,539),(184,'45100','jardines','andador 45','45','24','2020-05-15 18:25:58.485244','2020-05-15 18:25:58.485264',NULL,NULL,14,142,NULL,553),(185,'45138','3 de mayo','avenida arcos','45','24','2020-05-15 18:55:23.988429','2020-05-15 18:55:23.988445',NULL,NULL,14,142,NULL,554),(186,'','','','','','2020-05-15 18:57:26.324554','2020-05-15 19:04:31.765912',NULL,NULL,14,142,NULL,NULL),(187,'44679','DSSAD','Dolores','440','67','2020-05-15 19:06:03.981207','2020-05-15 19:06:03.981224',NULL,NULL,14,142,NULL,549),(188,'','','','','','2020-05-15 19:06:07.127203','2020-05-15 19:14:01.117742',NULL,NULL,14,142,NULL,NULL),(189,'44679','DSSAD','Dolores','440','67','2020-05-15 19:06:52.682464','2020-05-15 19:06:52.682482',NULL,NULL,14,142,NULL,549),(190,'','','','','','2020-05-15 19:08:38.972512','2020-05-15 19:08:38.972528',NULL,NULL,NULL,NULL,NULL,NULL),(191,'','','','','','2020-05-15 19:20:46.497343','2020-05-15 19:20:46.497363',NULL,NULL,NULL,NULL,NULL,NULL),(192,'44638','esatdio','avenida estadoi','123','','2020-05-15 19:22:26.831218','2020-05-15 19:22:26.831235',NULL,NULL,14,142,NULL,558),(193,'','','','','','2020-05-15 19:26:31.277134','2020-05-15 19:26:31.277150',NULL,NULL,14,142,NULL,NULL),(194,'','','','','','2020-05-15 19:28:49.939852','2020-05-15 19:28:49.939869',NULL,NULL,NULL,NULL,NULL,NULL),(195,'','','','','','2020-05-15 19:30:04.924550','2020-05-15 19:30:04.924568',NULL,NULL,14,142,NULL,NULL),(196,'','','','','','2020-05-15 19:36:19.699408','2020-05-15 19:36:19.699427',NULL,NULL,NULL,NULL,NULL,NULL),(197,'','','','','','2020-05-15 19:36:19.732749','2020-05-15 19:36:19.732766',NULL,NULL,NULL,NULL,NULL,NULL),(198,'','','','','','2020-05-15 19:36:19.766127','2020-05-15 19:36:19.766143',NULL,NULL,NULL,NULL,NULL,NULL),(199,'33223','Parques del real','Morelos','123','67','2020-05-15 19:38:26.524426','2020-05-15 19:38:52.252556',NULL,NULL,14,142,NULL,555),(200,'45592','La normal','ASDA','440','111','2020-05-15 19:41:51.340807','2020-05-15 19:41:51.340823',NULL,NULL,15,142,NULL,554),(201,'45100','aaaaaa','andador 45','24','','2020-05-15 19:45:38.945496','2020-05-15 19:45:57.409907',NULL,NULL,14,142,NULL,542),(202,'45138','3 de mayo','andador 45','24','12','2020-05-15 19:48:57.499296','2020-05-15 19:48:57.499313',NULL,NULL,15,142,NULL,538),(203,'','','','','','2020-05-15 19:50:33.538683','2020-05-15 19:50:33.538703',NULL,NULL,NULL,140,NULL,NULL),(204,'45000','Moderna','CALLESITA','123','67','2020-05-15 19:52:08.186057','2020-05-15 19:52:08.186073',NULL,NULL,15,142,NULL,555),(205,'45555','','CALLESITA','500','67','2020-05-15 19:54:42.941140','2020-05-15 19:54:42.941157','Guadalajara','Jal.',18,105,NULL,NULL),(206,'32345','Moderna','CALLESITA','440','67','2020-05-15 19:59:35.647692','2020-05-15 19:59:35.647711',NULL,NULL,14,142,NULL,540),(207,'','','','','','2020-05-15 20:01:23.133853','2020-05-15 20:01:23.133870',NULL,NULL,NULL,142,NULL,NULL),(208,'','','','','','2020-05-15 20:01:28.323443','2020-05-15 20:01:28.323460',NULL,NULL,14,142,NULL,NULL),(209,'','','','','','2020-05-15 20:03:44.463840','2020-05-15 20:03:44.463856',NULL,NULL,NULL,NULL,NULL,NULL),(210,'','','','','','2020-05-15 20:04:47.300555','2020-05-15 20:04:47.300572',NULL,NULL,NULL,NULL,NULL,NULL),(211,'44638','3 de mayo','avenida arcos','767','','2020-05-15 20:05:02.093403','2020-05-15 20:05:02.093421',NULL,NULL,18,142,NULL,553),(212,'45138','3 de mayo','paso','767','24','2020-05-15 20:06:00.284490','2020-05-15 20:06:00.284507',NULL,NULL,18,142,NULL,539),(213,'12341','La central','dorian','1222','231','2020-05-15 20:06:52.056706','2020-05-15 20:06:52.056723',NULL,NULL,14,142,NULL,540),(214,'','','','','','2020-05-15 20:08:49.971344','2020-05-15 20:08:49.971366',NULL,NULL,14,142,NULL,NULL),(215,'','','','','','2020-05-15 20:10:40.722286','2020-05-15 20:10:40.722304',NULL,NULL,NULL,NULL,NULL,NULL),(216,'','','','','','2020-05-15 20:11:47.552336','2020-05-15 20:11:47.552356',NULL,NULL,14,142,NULL,NULL),(217,'','','','','','2020-05-15 20:14:02.792015','2020-05-15 20:14:02.792032',NULL,NULL,NULL,NULL,NULL,NULL),(218,'','','','','','2020-05-15 20:14:02.808682','2020-05-15 20:14:02.808698',NULL,NULL,NULL,NULL,NULL,NULL),(219,'','','','','','2020-05-15 20:14:02.842042','2020-05-15 20:14:02.842059',NULL,NULL,NULL,NULL,NULL,NULL),(220,'44333','villa fontana','Morelos','500','67','2020-05-15 20:23:17.513638','2020-05-15 20:23:35.219354',NULL,NULL,14,142,NULL,555),(221,'45555','Moderna','ASDA','123','67','2020-05-15 20:25:10.031051','2020-05-15 20:25:10.031067',NULL,NULL,18,142,NULL,553),(222,'','','','','','2020-05-15 20:25:41.836246','2020-05-15 20:26:28.197255',NULL,NULL,NULL,142,NULL,NULL),(223,'45000','Moderna','Morelos','21','67','2020-05-15 20:28:08.396580','2020-05-15 20:28:08.396597',NULL,NULL,18,142,NULL,553),(224,'88392','La normal','ASDA','440','67','2020-05-15 20:29:26.304416','2020-05-15 20:29:26.304433',NULL,NULL,18,142,NULL,555),(225,'44444','villa fontana','Morelos','123','67','2020-05-15 20:37:09.727353','2020-05-15 20:37:09.727402',NULL,NULL,14,142,NULL,540),(226,'','','','','','2020-05-15 20:38:42.255841','2020-05-15 20:38:42.255858',NULL,NULL,14,142,NULL,NULL),(227,'','','','','','2020-05-15 20:41:18.696657','2020-05-15 20:41:18.696674',NULL,NULL,NULL,NULL,NULL,NULL),(228,'','','','','','2020-05-15 20:42:11.945060','2020-05-15 20:42:11.945077',NULL,NULL,NULL,NULL,NULL,NULL),(229,'','Los olivos','Cold cell','200','339','2020-05-15 20:43:39.416084','2020-05-15 20:43:39.416101',NULL,NULL,14,142,NULL,554),(230,'','','','','','2020-05-15 20:45:33.783733','2020-05-15 20:45:33.783750',NULL,NULL,14,142,NULL,NULL),(231,'45138','3 de mayo','andador 45','45','24','2020-05-15 20:46:00.239818','2020-05-15 20:46:00.239834',NULL,NULL,14,142,NULL,549),(232,'','','','','','2020-05-15 20:47:00.587567','2020-05-15 20:47:00.587597',NULL,NULL,NULL,NULL,NULL,NULL),(233,'','','','','','2020-05-15 20:47:27.457022','2020-05-15 20:47:27.457041',NULL,NULL,14,142,NULL,NULL),(234,'','','','','','2020-05-15 20:47:42.411108','2020-05-15 20:47:42.411124',NULL,NULL,14,142,NULL,NULL),(235,'','','','','','2020-05-15 20:49:32.521141','2020-05-15 20:49:32.521160',NULL,NULL,NULL,NULL,NULL,NULL),(236,'','','','','','2020-05-15 20:49:32.537760','2020-05-15 20:49:32.537778',NULL,NULL,NULL,NULL,NULL,NULL),(237,'','','','','','2020-05-15 20:49:32.554461','2020-05-15 20:49:32.554480',NULL,NULL,NULL,NULL,NULL,NULL),(238,'','','','','','2020-05-15 20:52:54.928117','2020-05-15 20:52:54.928133',NULL,NULL,NULL,NULL,NULL,NULL),(239,'','','','','','2020-05-15 20:54:22.882554','2020-05-15 20:54:22.882570',NULL,NULL,NULL,NULL,NULL,NULL),(240,'44638','esatdio','avenida estadoi','123','12','2020-05-15 21:03:10.134239','2020-05-15 21:03:10.134257',NULL,NULL,14,142,NULL,556),(241,'','','','','','2020-05-15 21:04:19.868845','2020-05-15 21:04:19.868861',NULL,NULL,14,142,NULL,NULL),(242,'','','','','','2020-05-15 21:05:44.234650','2020-05-15 21:05:44.234667',NULL,NULL,NULL,NULL,NULL,NULL),(243,'','','','','','2020-05-15 21:06:52.442820','2020-05-15 21:06:52.442837',NULL,NULL,14,142,NULL,NULL),(244,'','','','','','2020-05-15 21:08:19.527959','2020-05-15 21:08:19.527976',NULL,NULL,NULL,NULL,NULL,NULL),(245,'','','','','','2020-05-15 21:08:19.544642','2020-05-15 21:08:19.544659',NULL,NULL,NULL,NULL,NULL,NULL),(246,'','','','','','2020-05-15 21:08:19.561356','2020-05-15 21:08:19.561388',NULL,NULL,NULL,NULL,NULL,NULL),(247,'45138','3 de mayo','avenida arcos','767','24','2020-05-15 22:29:39.671279','2020-05-15 22:46:22.188432',NULL,NULL,14,142,NULL,551),(248,'45138','3 de mayo','andador 45','45','','2020-05-15 23:03:11.898439','2020-05-16 02:24:33.006962',NULL,NULL,14,142,NULL,540),(249,'44638','3 de mayo','andador 45','24','','2020-05-16 02:27:00.651565','2020-05-16 02:27:00.651582',NULL,NULL,14,142,NULL,540),(250,'','','','','','2020-05-16 02:28:53.514538','2020-05-16 02:28:53.514555',NULL,NULL,NULL,142,NULL,NULL),(251,'45138','3 de mayo','paso','24','','2020-05-16 02:32:48.016126','2020-05-16 02:32:48.016143',NULL,NULL,14,142,NULL,545),(252,'45138','arcos','paso','24','','2020-05-16 02:33:31.251884','2020-05-16 02:33:31.251900',NULL,NULL,14,142,NULL,553),(253,'45100','arcos','avenida arcos','767','','2020-05-16 02:38:49.484309','2020-05-16 02:38:49.484325',NULL,NULL,14,142,NULL,590),(254,'','','','','','2020-05-16 02:40:46.026760','2020-05-16 02:40:46.026777',NULL,NULL,14,142,NULL,NULL),(255,'','','','','','2020-05-16 02:43:49.219284','2020-05-16 02:43:49.219301',NULL,NULL,NULL,NULL,NULL,NULL),(256,'','','','','','2020-05-16 02:48:49.716580','2020-05-16 02:48:49.716597',NULL,NULL,NULL,NULL,NULL,NULL),(257,'44638','esatdio','avenida estadoi','123','','2020-05-16 02:49:42.990142','2020-05-16 02:49:42.990159',NULL,NULL,14,142,NULL,553),(258,'','','','','','2020-05-16 02:51:09.240458','2020-05-16 02:51:09.240475',NULL,NULL,14,142,NULL,NULL),(259,'','','','','','2020-05-16 02:52:58.774306','2020-05-16 02:52:58.774323',NULL,NULL,NULL,NULL,NULL,NULL),(260,'','','','','','2020-05-16 02:53:33.726464','2020-05-16 02:53:33.726481',NULL,NULL,14,142,NULL,NULL),(261,'','','','','','2020-05-16 02:55:27.881187','2020-05-16 02:55:27.881204',NULL,NULL,NULL,NULL,NULL,NULL),(262,'','','','','','2020-05-16 02:55:27.906202','2020-05-16 02:55:27.906219',NULL,NULL,NULL,NULL,NULL,NULL),(263,'','','','','','2020-05-16 02:55:27.931259','2020-05-16 02:55:27.931276',NULL,NULL,NULL,NULL,NULL,NULL),(264,'45138','3 de mayo','paso','45','','2020-05-16 02:56:24.457675','2020-05-16 02:56:46.733046',NULL,NULL,14,142,NULL,545),(265,'44638','aaaaaa','avenida arcos','2','','2020-05-16 02:58:39.543644','2020-05-16 02:58:57.952510',NULL,NULL,14,142,NULL,587),(266,'','','','','','2020-05-16 03:00:07.990437','2020-05-16 03:00:07.990454',NULL,NULL,NULL,142,NULL,NULL),(267,'45100','3 de mayo','paso','1','','2020-05-16 03:01:36.493274','2020-05-16 03:01:36.493291',NULL,NULL,14,142,NULL,578),(268,'44638','3 de mayo','paso','767','','2020-05-16 03:03:12.358114','2020-05-16 03:03:12.358133',NULL,NULL,14,142,NULL,592),(269,'44638','aaaaaa','andador 45','45','','2020-05-16 03:10:00.379634','2020-05-16 03:10:00.379652',NULL,NULL,14,142,NULL,580),(270,'','','','','','2020-05-16 03:12:05.818466','2020-05-16 03:12:05.818483',NULL,NULL,14,142,NULL,NULL),(271,'','','','','','2020-05-16 03:14:38.273181','2020-05-16 03:14:38.273198',NULL,NULL,NULL,NULL,NULL,NULL),(272,'','','','','','2020-05-16 03:16:11.272559','2020-05-16 03:16:11.272575',NULL,NULL,NULL,NULL,NULL,NULL),(273,'45100','esatdio','avenida estadoi','123','','2020-05-16 03:17:12.057576','2020-05-16 03:17:12.057592',NULL,NULL,14,142,NULL,NULL),(274,'','','','','','2020-05-16 03:18:36.314522','2020-05-16 03:18:36.314539',NULL,NULL,14,142,NULL,NULL),(275,'','','','','','2020-05-16 03:20:03.698648','2020-05-16 03:20:03.698664',NULL,NULL,NULL,NULL,NULL,NULL),(276,'','','','','','2020-05-16 03:20:42.001119','2020-05-16 03:20:42.001136',NULL,NULL,14,142,NULL,NULL),(277,'','','','','','2020-05-16 03:22:43.082092','2020-05-16 03:22:43.082108',NULL,NULL,NULL,NULL,NULL,NULL),(278,'','','','','','2020-05-16 03:22:43.115486','2020-05-16 03:22:43.115503',NULL,NULL,NULL,NULL,NULL,NULL),(279,'','','','','','2020-05-16 03:22:43.148847','2020-05-16 03:22:43.148863',NULL,NULL,NULL,NULL,NULL,NULL),(280,'45100','3 de mayo','andador 45','45','','2020-05-16 03:23:38.367460','2020-05-16 03:24:34.593684',NULL,NULL,14,142,NULL,541),(281,'45100','3 de mayo','321','24','','2020-05-16 03:25:54.080930','2020-05-16 03:25:54.080946',NULL,NULL,14,142,NULL,555),(282,'','','','','','2020-05-16 03:26:33.556393','2020-05-16 03:26:33.556421',NULL,NULL,NULL,142,NULL,NULL),(283,'','aaaaaa','paso','45','','2020-05-16 03:27:28.187388','2020-05-16 03:27:28.187418',NULL,NULL,14,142,NULL,552),(284,'45100','3 de mayo','avenida arcos','767','','2020-05-16 03:28:54.973638','2020-05-16 03:28:54.973654',NULL,NULL,14,142,NULL,557),(285,'45100','3 de mayo','avenida arcos','45','','2020-05-16 03:33:22.529115','2020-05-16 03:33:22.529131',NULL,NULL,14,142,NULL,578),(286,'','','','','','2020-05-16 03:35:04.183524','2020-05-16 03:35:04.183540',NULL,NULL,14,142,NULL,NULL),(287,'','','','','','2020-05-16 03:36:36.072013','2020-05-16 03:36:36.072029',NULL,NULL,NULL,NULL,NULL,NULL),(288,'','','','','','2020-05-16 03:37:40.216348','2020-05-16 03:37:40.216385',NULL,NULL,NULL,NULL,NULL,NULL),(289,'44638','esatdio','avenida estadoi','123','','2020-05-16 03:38:24.872341','2020-05-16 03:38:24.872386',NULL,NULL,14,142,NULL,NULL),(290,'','','','','','2020-05-16 03:39:42.335075','2020-05-16 03:39:42.335092',NULL,NULL,14,142,NULL,NULL),(291,'','','','','','2020-05-16 03:41:09.617472','2020-05-16 03:41:09.617488',NULL,NULL,NULL,NULL,NULL,NULL),(292,'','','','','','2020-05-16 03:41:49.620569','2020-05-16 03:41:49.620586',NULL,NULL,14,142,NULL,NULL),(293,'','','','','','2020-05-16 03:43:22.949181','2020-05-16 03:43:22.949198',NULL,NULL,NULL,NULL,NULL,NULL),(294,'','','','','','2020-05-16 03:43:22.974199','2020-05-16 03:43:22.974214',NULL,NULL,NULL,NULL,NULL,NULL),(295,'','','','','','2020-05-16 03:43:22.999228','2020-05-16 03:43:22.999244',NULL,NULL,NULL,NULL,NULL,NULL);
/*!40000 ALTER TABLE `declaracion_domicilios` ENABLE KEYS */;
UNLOCK TABLES;

--
-- Table structure for table `declaracion_empresassociedades`
--

DROP TABLE IF EXISTS `declaracion_empresassociedades`;
/*!40101 SET @saved_cs_client     = @@character_set_client */;
/*!40101 SET character_set_client = utf8 */;
CREATE TABLE `declaracion_empresassociedades` (
  `id` int(11) NOT NULL AUTO_INCREMENT,
  `rol_empresa` varchar(255) NOT NULL,
  `actividad_economica` tinyint(1) DEFAULT NULL,
  `porcentaje_participacion` int(11) DEFAULT NULL,
  `created_at` datetime(6) NOT NULL,
  `updated_at` datetime(6) NOT NULL,
  `declaraciones_id` int(11) NOT NULL,
  `declarante_infopersonalvar_id` int(11) NOT NULL,
  `empresa_infopersonalvar_id` int(11) NOT NULL,
  `observaciones_id` int(11) NOT NULL,
  PRIMARY KEY (`id`),
  KEY `declaracion_empresas_declaraciones_id_5c363649_fk_declaraci` (`declaraciones_id`),
  KEY `declaracion_empresas_declarante_infoperso_c632e522_fk_declaraci` (`declarante_infopersonalvar_id`),
  KEY `declaracion_empresas_empresa_infopersonal_33224da1_fk_declaraci` (`empresa_infopersonalvar_id`),
  KEY `declaracion_empresas_observaciones_id_fb8ea203_fk_declaraci` (`observaciones_id`),
  CONSTRAINT `declaracion_empresas_declaraciones_id_5c363649_fk_declaraci` FOREIGN KEY (`declaraciones_id`) REFERENCES `declaracion_declaraciones` (`id`),
  CONSTRAINT `declaracion_empresas_declarante_infoperso_c632e522_fk_declaraci` FOREIGN KEY (`declarante_infopersonalvar_id`) REFERENCES `declaracion_infopersonalvar` (`id`),
  CONSTRAINT `declaracion_empresas_empresa_infopersonal_33224da1_fk_declaraci` FOREIGN KEY (`empresa_infopersonalvar_id`) REFERENCES `declaracion_infopersonalvar` (`id`),
  CONSTRAINT `declaracion_empresas_observaciones_id_fb8ea203_fk_declaraci` FOREIGN KEY (`observaciones_id`) REFERENCES `declaracion_observaciones` (`id`)
) ENGINE=InnoDB DEFAULT CHARSET=latin1;
/*!40101 SET character_set_client = @saved_cs_client */;

--
-- Dumping data for table `declaracion_empresassociedades`
--

LOCK TABLES `declaracion_empresassociedades` WRITE;
/*!40000 ALTER TABLE `declaracion_empresassociedades` DISABLE KEYS */;
/*!40000 ALTER TABLE `declaracion_empresassociedades` ENABLE KEYS */;
UNLOCK TABLES;

--
-- Table structure for table `declaracion_encargos`
--

DROP TABLE IF EXISTS `declaracion_encargos`;
/*!40101 SET @saved_cs_client     = @@character_set_client */;
/*!40101 SET character_set_client = utf8 */;
CREATE TABLE `declaracion_encargos` (
  `id` int(11) NOT NULL AUTO_INCREMENT,
  `empleo_cargo_comision` varchar(255) DEFAULT NULL,
  `honorarios` tinyint(1) DEFAULT NULL,
  `nivel_encargo` varchar(255) DEFAULT NULL,
  `area_adscripcion` varchar(255) DEFAULT NULL,
  `posesion_conclusion` date DEFAULT NULL,
  `posesion_inicio` date DEFAULT NULL,
  `telefono_laboral` varchar(255) DEFAULT NULL,
  `email_laboral` varchar(255) DEFAULT NULL,
  `otro_sector` varchar(255) DEFAULT NULL,
  `otra_funcion` varchar(255) DEFAULT NULL,
  `created_at` datetime(6) NOT NULL,
  `updated_at` datetime(6) NOT NULL,
  `telefono_extension` varchar(255) DEFAULT NULL,
  `otro_naturalezas_juridicas` varchar(255) DEFAULT NULL,
  `otro_ente` varchar(255) DEFAULT NULL,
  `salarioMensualNeto` int(11) DEFAULT NULL,
  `rfc` varchar(255) DEFAULT NULL,
  `nombreEmpresaSociedadAsociacion` varchar(255) DEFAULT NULL,
  `nombre_ente_publico` varchar(300) DEFAULT NULL,
  `cat_entes_publicos_id` int(11) DEFAULT NULL,
  `cat_funciones_principales_id` int(11) DEFAULT NULL,
  `cat_ordenes_gobierno_id` int(11) DEFAULT NULL,
  `cat_paises_id` int(11) DEFAULT NULL,
  `cat_poderes_id` int(11) DEFAULT NULL,
  `cat_puestos_id` int(11) DEFAULT NULL,
  `cat_sectores_industria_id` int(11) DEFAULT NULL,
  `cat_tipos_operaciones_id` int(11) DEFAULT NULL,
  `declaraciones_id` int(11) DEFAULT NULL,
  `domicilios_id` int(11) DEFAULT NULL,
  `moneda_id` int(11) DEFAULT NULL,
  `observaciones_id` int(11) DEFAULT NULL,
  PRIMARY KEY (`id`),
  KEY `declaracion_encargos_cat_entes_publicos_i_c694e7a5_fk_declaraci` (`cat_entes_publicos_id`),
  KEY `declaracion_encargos_cat_funciones_princi_7856c833_fk_declaraci` (`cat_funciones_principales_id`),
  KEY `declaracion_encargos_cat_ordenes_gobierno_a8b7d240_fk_declaraci` (`cat_ordenes_gobierno_id`),
  KEY `declaracion_encargos_cat_paises_id_1274280c_fk_declaraci` (`cat_paises_id`),
  KEY `declaracion_encargos_cat_poderes_id_f5b206b8_fk_declaraci` (`cat_poderes_id`),
  KEY `declaracion_encargos_cat_puestos_id_cf665b8e_fk_declaraci` (`cat_puestos_id`),
  KEY `declaracion_encargos_cat_sectores_industr_3165053e_fk_declaraci` (`cat_sectores_industria_id`),
  KEY `declaracion_encargos_cat_tipos_operacione_9230d23b_fk_declaraci` (`cat_tipos_operaciones_id`),
  KEY `declaracion_encargos_declaraciones_id_2316fade_fk_declaraci` (`declaraciones_id`),
  KEY `declaracion_encargos_domicilios_id_c5d14b3c_fk_declaraci` (`domicilios_id`),
  KEY `declaracion_encargos_moneda_id_9c3a3546_fk_declaraci` (`moneda_id`),
  KEY `declaracion_encargos_observaciones_id_8abf3420_fk_declaraci` (`observaciones_id`),
  CONSTRAINT `declaracion_encargos_cat_entes_publicos_i_c694e7a5_fk_declaraci` FOREIGN KEY (`cat_entes_publicos_id`) REFERENCES `declaracion_catentespublicos` (`id`),
  CONSTRAINT `declaracion_encargos_cat_funciones_princi_7856c833_fk_declaraci` FOREIGN KEY (`cat_funciones_principales_id`) REFERENCES `declaracion_catfuncionesprincipales` (`id`),
  CONSTRAINT `declaracion_encargos_cat_ordenes_gobierno_a8b7d240_fk_declaraci` FOREIGN KEY (`cat_ordenes_gobierno_id`) REFERENCES `declaracion_catordenesgobierno` (`id`),
  CONSTRAINT `declaracion_encargos_cat_paises_id_1274280c_fk_declaraci` FOREIGN KEY (`cat_paises_id`) REFERENCES `declaracion_catpaises` (`id`),
  CONSTRAINT `declaracion_encargos_cat_poderes_id_f5b206b8_fk_declaraci` FOREIGN KEY (`cat_poderes_id`) REFERENCES `declaracion_catpoderes` (`id`),
  CONSTRAINT `declaracion_encargos_cat_puestos_id_cf665b8e_fk_declaraci` FOREIGN KEY (`cat_puestos_id`) REFERENCES `declaracion_catpuestos` (`id`),
  CONSTRAINT `declaracion_encargos_cat_sectores_industr_3165053e_fk_declaraci` FOREIGN KEY (`cat_sectores_industria_id`) REFERENCES `declaracion_catsectoresindustria` (`id`),
  CONSTRAINT `declaracion_encargos_cat_tipos_operacione_9230d23b_fk_declaraci` FOREIGN KEY (`cat_tipos_operaciones_id`) REFERENCES `declaracion_cattiposoperaciones` (`id`),
  CONSTRAINT `declaracion_encargos_declaraciones_id_2316fade_fk_declaraci` FOREIGN KEY (`declaraciones_id`) REFERENCES `declaracion_declaraciones` (`id`),
  CONSTRAINT `declaracion_encargos_domicilios_id_c5d14b3c_fk_declaraci` FOREIGN KEY (`domicilios_id`) REFERENCES `declaracion_domicilios` (`id`),
  CONSTRAINT `declaracion_encargos_moneda_id_9c3a3546_fk_declaraci` FOREIGN KEY (`moneda_id`) REFERENCES `declaracion_catmonedas` (`id`),
  CONSTRAINT `declaracion_encargos_observaciones_id_8abf3420_fk_declaraci` FOREIGN KEY (`observaciones_id`) REFERENCES `declaracion_observaciones` (`id`)
) ENGINE=InnoDB AUTO_INCREMENT=58 DEFAULT CHARSET=latin1;
/*!40101 SET character_set_client = @saved_cs_client */;

--
-- Dumping data for table `declaracion_encargos`
--

LOCK TABLES `declaracion_encargos` WRITE;
/*!40000 ALTER TABLE `declaracion_encargos` DISABLE KEYS */;
INSERT INTO `declaracion_encargos` VALUES (1,NULL,1,'jefatura','Medicina',NULL,'2018-01-01','44009332','',NULL,NULL,'2020-05-02 18:17:38.569683','2020-05-02 20:01:26.024344','112',NULL,NULL,NULL,NULL,NULL,'Secretaría ejecutiva',NULL,8,2,NULL,2,1,NULL,1,1,3,NULL,14),(2,NULL,1,'Jefatura de departamento','Tecnologías y plataformas',NULL,'2020-01-01','213213123213','',NULL,NULL,'2020-05-02 19:25:32.048808','2020-05-02 19:25:53.817886','033',NULL,NULL,NULL,NULL,NULL,'Secretaría ejecutiva',NULL,1,1,NULL,4,2,NULL,1,2,16,NULL,35),(3,NULL,0,NULL,NULL,NULL,'2019-09-15','','',NULL,NULL,'2020-05-02 19:42:17.755023','2020-05-02 19:42:17.755038','',NULL,NULL,5000,'NEAT010101JKL','Toluca SA de CV',NULL,NULL,NULL,NULL,NULL,NULL,NULL,NULL,NULL,2,17,101,36),(4,NULL,0,NULL,NULL,NULL,'2016-02-01','','',NULL,NULL,'2020-05-02 20:18:17.312580','2020-05-02 20:18:17.312595','',NULL,NULL,10000,'KAEW010101256','Klayware',NULL,NULL,NULL,NULL,NULL,NULL,NULL,NULL,NULL,2,19,101,42),(5,NULL,1,'jefatura','RH',NULL,'2019-01-01','6677889933','',NULL,NULL,'2020-05-02 20:32:46.442611','2020-05-02 20:32:46.442626','32',NULL,NULL,NULL,NULL,NULL,'Organo Interno de Control',NULL,4,1,NULL,1,1,NULL,1,3,20,NULL,44),(6,'Jefe de recursos',0,NULL,'RH',NULL,'1940-01-01','','',NULL,NULL,'2020-05-02 20:37:59.527183','2020-05-02 20:37:59.527198','',NULL,NULL,NULL,NULL,NULL,NULL,NULL,NULL,NULL,NULL,NULL,NULL,NULL,NULL,3,22,101,46),(7,NULL,0,NULL,NULL,NULL,'2018-04-01','','',NULL,NULL,'2020-05-03 00:17:21.323931','2020-05-03 00:17:21.323946','',NULL,NULL,8000,'SOOL010101789','Soluciones en limpieza',NULL,NULL,NULL,NULL,NULL,NULL,NULL,NULL,NULL,1,34,101,62),(8,NULL,1,'subdir','info',NULL,'1956-01-16','3319449859','',NULL,NULL,'2020-05-03 01:47:09.965515','2020-05-03 01:47:09.965530','123',NULL,NULL,NULL,NULL,NULL,'Sistema Estatal Anticorrupción del Estado de Jalisco',NULL,2,2,NULL,4,1,NULL,1,4,36,NULL,69),(9,NULL,0,NULL,NULL,NULL,'1940-01-01','','',NULL,NULL,'2020-05-03 01:49:16.443882','2020-05-03 01:49:16.443897','',NULL,NULL,NULL,NULL,NULL,NULL,NULL,NULL,NULL,NULL,NULL,NULL,NULL,NULL,4,38,101,71),(10,NULL,0,NULL,NULL,NULL,'1940-01-01','','',NULL,NULL,'2020-05-03 01:50:13.568468','2020-05-03 01:50:13.568484','',NULL,NULL,NULL,NULL,NULL,NULL,NULL,NULL,NULL,NULL,NULL,NULL,NULL,NULL,4,39,101,72),(11,NULL,0,NULL,NULL,NULL,'1940-01-01','','',NULL,NULL,'2020-05-05 16:30:37.423539','2020-05-05 16:30:37.423554','',NULL,NULL,NULL,NULL,NULL,NULL,NULL,NULL,NULL,NULL,NULL,NULL,NULL,NULL,5,64,101,110),(12,NULL,1,'15','Dirección de Tecnologías y Plataformas',NULL,'2019-03-01','3324726011','',NULL,NULL,'2020-05-05 18:43:52.296664','2020-05-07 17:48:20.480423','',NULL,NULL,NULL,NULL,NULL,'Sistema Estatal Anticorrupción del Estado de Jalisco',NULL,4,2,NULL,4,2,NULL,1,6,66,NULL,117),(13,NULL,0,NULL,NULL,NULL,'2013-01-01','','',NULL,NULL,'2020-05-05 18:55:49.931099','2020-05-07 17:56:59.455874','',NULL,NULL,25000,'MEEM010101569','EMPRESA PRIVADA',NULL,NULL,NULL,NULL,NULL,NULL,NULL,NULL,NULL,6,68,101,119),(14,NULL,0,NULL,NULL,NULL,'1940-01-01','','',NULL,NULL,'2020-05-05 18:59:39.673442','2020-05-07 17:57:16.700963','',NULL,NULL,NULL,NULL,NULL,NULL,NULL,NULL,NULL,NULL,NULL,NULL,NULL,NULL,6,69,101,120),(15,NULL,1,'17','Dirección de Tecnologías y Plataformas',NULL,'2019-03-01','3324726012','',NULL,NULL,'2020-05-05 19:48:59.177927','2020-05-05 21:16:29.877604','',NULL,NULL,NULL,NULL,NULL,'Sistema Estatal Anticorrupción del Estado de Jalisco',NULL,3,2,NULL,4,2,NULL,1,7,73,NULL,131),(16,NULL,0,NULL,NULL,NULL,'1940-01-01','','',NULL,NULL,'2020-05-05 19:58:36.918653','2020-05-05 21:17:29.634362','',NULL,NULL,NULL,NULL,NULL,NULL,NULL,NULL,NULL,NULL,NULL,NULL,NULL,NULL,7,75,101,133),(17,NULL,0,NULL,NULL,NULL,'1940-01-01','','',NULL,NULL,'2020-05-05 20:54:41.432371','2020-05-05 21:17:46.503707','',NULL,NULL,NULL,NULL,NULL,NULL,NULL,NULL,NULL,NULL,NULL,NULL,NULL,NULL,7,81,101,141),(18,NULL,1,'17','Dirección de Tecnologías y Plataformas',NULL,'2019-03-01','3324726012','',NULL,NULL,'2020-05-05 21:38:43.264873','2020-05-05 21:38:43.264889','',NULL,NULL,NULL,NULL,NULL,'Comite Coordinador',NULL,3,2,NULL,4,2,NULL,1,8,83,NULL,148),(19,NULL,0,NULL,NULL,NULL,'2014-01-18','','',NULL,NULL,'2020-05-05 21:49:19.505852','2020-05-05 21:49:19.505868','',NULL,NULL,10000,'INT3456Y89O','INSTITUTO EDUCATIVO PUERTA DEL SOL',NULL,NULL,NULL,NULL,NULL,NULL,NULL,NULL,NULL,8,85,101,150),(20,NULL,0,NULL,NULL,NULL,'1940-01-01','','',NULL,NULL,'2020-05-05 22:13:00.589095','2020-05-05 22:13:00.589111','',NULL,NULL,NULL,NULL,NULL,NULL,NULL,NULL,NULL,NULL,NULL,NULL,NULL,NULL,8,91,101,158),(21,NULL,1,'25','subdirector',NULL,'2019-03-01','3324726012','',NULL,NULL,'2020-05-05 22:57:03.880979','2020-05-05 22:57:03.880994','',NULL,NULL,NULL,NULL,NULL,'Sistema Estatal Anticorrupción del Estado de Jalisco',NULL,3,2,NULL,4,2,NULL,1,9,93,NULL,165),(22,NULL,0,NULL,NULL,NULL,'2000-09-17','','',NULL,NULL,'2020-05-05 23:03:40.080997','2020-05-05 23:03:40.081012','',NULL,NULL,12000,'MAS89075T35','MALTEADAS SOFIA',NULL,NULL,NULL,NULL,NULL,NULL,NULL,NULL,NULL,9,95,101,167),(23,NULL,0,NULL,NULL,NULL,'1940-01-01','','',NULL,NULL,'2020-05-05 23:22:16.218635','2020-05-05 23:22:16.218651','',NULL,NULL,NULL,NULL,NULL,NULL,NULL,NULL,NULL,NULL,NULL,NULL,NULL,NULL,9,100,101,174),(24,NULL,1,'25','subdirector',NULL,'2019-03-01','3324726012','',NULL,NULL,'2020-05-05 23:37:05.069823','2020-05-05 23:37:05.069839','',NULL,NULL,NULL,NULL,NULL,'Sistema Estatal Anticorrupción del Estado de Jalisco',NULL,3,2,NULL,4,2,NULL,1,10,102,NULL,181),(25,NULL,0,NULL,NULL,NULL,'1940-01-01','','',NULL,NULL,'2020-05-05 23:39:25.445864','2020-05-05 23:39:25.445879','',NULL,NULL,NULL,NULL,NULL,NULL,NULL,NULL,NULL,NULL,NULL,NULL,NULL,NULL,10,104,101,183),(26,NULL,1,'subdir','info',NULL,'1978-09-20','3319449859','',NULL,NULL,'2020-05-07 17:14:33.239697','2020-05-07 17:15:23.602485','',NULL,NULL,NULL,NULL,NULL,'Sistema Estatal Anticorrupción del Estado de Jalisco',NULL,3,2,NULL,4,2,NULL,1,12,110,NULL,202),(27,NULL,0,NULL,NULL,NULL,'1940-01-01','','',NULL,NULL,'2020-05-07 17:18:09.262273','2020-05-07 17:18:09.262288','',NULL,NULL,NULL,NULL,NULL,NULL,NULL,NULL,NULL,NULL,NULL,NULL,NULL,NULL,12,112,101,204),(28,NULL,0,NULL,NULL,NULL,'1940-01-01','','',NULL,NULL,'2020-05-07 17:19:25.527091','2020-05-07 17:19:25.527107','',NULL,NULL,NULL,NULL,NULL,NULL,NULL,NULL,NULL,NULL,NULL,NULL,NULL,NULL,12,113,101,205),(29,NULL,0,NULL,NULL,NULL,'1940-01-01','','',NULL,NULL,'2020-05-07 18:32:32.879840','2020-05-07 18:32:32.879856','',NULL,NULL,NULL,NULL,NULL,NULL,NULL,NULL,NULL,NULL,NULL,NULL,NULL,NULL,10,132,101,231),(30,NULL,1,'Jefatura de departamento','Desarrollador Web',NULL,'2020-01-01','33666666','',NULL,'Secretaria anticorrupción','2020-05-07 22:08:28.886091','2020-05-07 22:08:28.886106','033',NULL,NULL,NULL,NULL,NULL,'Sistema Estatal Anticorrupción del Estado de Jalisco',NULL,13,2,NULL,4,2,NULL,1,13,142,NULL,249),(31,NULL,0,NULL,NULL,NULL,'2018-07-01','','',NULL,NULL,'2020-05-07 22:16:27.554297','2020-05-07 22:16:27.554312','',NULL,NULL,22000,'SOUL010101456','Soluciones Tecnologicas',NULL,NULL,NULL,NULL,NULL,NULL,NULL,NULL,NULL,13,144,101,251),(32,NULL,0,NULL,NULL,NULL,'1940-01-01','','',NULL,NULL,'2020-05-07 22:32:38.820869','2020-05-07 22:32:38.820884','',NULL,NULL,NULL,NULL,NULL,NULL,NULL,NULL,NULL,NULL,NULL,NULL,NULL,NULL,13,148,101,255),(33,NULL,1,'Jefatura de departamento','Ninguna area',NULL,'2018-01-01','33666666','',NULL,NULL,'2020-05-12 00:33:14.581843','2020-05-12 00:33:14.581858','',NULL,NULL,NULL,NULL,NULL,'Sistema Estatal Anticorrupción del Estado de Jalisco',NULL,1,2,NULL,1,2,NULL,1,11,160,NULL,273),(34,NULL,0,NULL,NULL,NULL,'1940-01-01','','',NULL,NULL,'2020-05-12 00:45:52.372405','2020-05-12 00:46:06.397103','',NULL,NULL,NULL,NULL,NULL,NULL,NULL,NULL,NULL,NULL,NULL,NULL,NULL,NULL,11,162,101,275),(35,NULL,0,NULL,NULL,NULL,'1940-01-01','','',NULL,NULL,'2020-05-12 00:48:17.267239','2020-05-12 00:48:17.267254','',NULL,NULL,NULL,NULL,NULL,NULL,NULL,NULL,NULL,NULL,NULL,NULL,NULL,NULL,11,163,101,276),(36,NULL,1,'subdir','info',NULL,'1943-08-01','3319449859','',NULL,NULL,'2020-05-15 17:58:41.126524','2020-05-15 17:58:41.126539','123',NULL,NULL,NULL,NULL,NULL,'Sistema Estatal Anticorrupción del Estado de Jalisco',NULL,2,2,NULL,4,2,NULL,1,14,176,NULL,299),(37,'jefazo',0,NULL,'info',NULL,'1940-01-01','','',NULL,NULL,'2020-05-15 18:23:31.833956','2020-05-15 18:23:31.833971','',NULL,NULL,NULL,NULL,NULL,'SISTEMA EICORRUPCION DE JALISCO',NULL,6,2,NULL,NULL,NULL,NULL,NULL,14,183,101,306),(38,NULL,0,NULL,NULL,NULL,'2008-02-01','','',NULL,NULL,'2020-05-15 18:25:58.524901','2020-05-15 18:25:58.524916','',NULL,NULL,34567,'JAMR680910AN1','btrace',NULL,NULL,NULL,NULL,NULL,NULL,NULL,NULL,NULL,14,184,101,307),(39,NULL,0,NULL,NULL,NULL,'1940-01-01','','',NULL,NULL,'2020-05-15 19:06:52.716067','2020-05-15 19:06:52.716083','',NULL,NULL,75655,'PIRK781006AN7','Foxcon',NULL,NULL,NULL,NULL,NULL,NULL,NULL,NULL,NULL,3,189,101,317),(40,NULL,1,'jefatura','RH',NULL,'1940-01-01','88003321','',NULL,NULL,'2020-05-15 19:41:51.365902','2020-05-15 19:41:51.365918','112',NULL,NULL,NULL,NULL,NULL,'Sistema Estatal Anticorrupción del Estado de Jalisco',NULL,1,1,NULL,1,1,NULL,1,15,200,NULL,333),(41,NULL,1,'subdir','info',NULL,'1946-01-08','3319449859','',NULL,NULL,'2020-05-15 19:48:57.524361','2020-05-15 19:48:57.524391','',NULL,NULL,NULL,NULL,NULL,'Sistema Estatal Anticorrupción del Estado de Jalisco',NULL,1,2,NULL,2,1,NULL,1,16,202,NULL,339),(42,'Medico',0,NULL,'RH',NULL,'1940-01-01','','',NULL,NULL,'2020-05-15 19:52:08.236341','2020-05-15 19:52:08.236361','',NULL,NULL,NULL,NULL,NULL,'Ejercito',NULL,1,1,NULL,1,NULL,NULL,NULL,15,204,101,341),(43,NULL,0,NULL,NULL,NULL,'1940-01-01','','',NULL,NULL,'2020-05-15 19:54:42.974792','2020-05-15 19:54:42.974807','',NULL,NULL,40000,'PIRK781006AN7','Foxcon',NULL,NULL,NULL,NULL,NULL,NULL,NULL,NULL,NULL,15,205,47,342),(44,NULL,0,NULL,NULL,NULL,'1972-06-06','','',NULL,NULL,'2020-05-15 20:05:02.135333','2020-05-15 20:05:02.135348','',NULL,NULL,8978979,'JAMR680910AN1','btrace',NULL,NULL,NULL,NULL,NULL,NULL,NULL,NULL,NULL,16,211,101,351),(45,NULL,0,NULL,NULL,NULL,'1940-01-01','','',NULL,NULL,'2020-05-15 20:06:00.318127','2020-05-15 20:06:00.318142','',NULL,NULL,NULL,NULL,NULL,NULL,NULL,NULL,NULL,NULL,NULL,NULL,NULL,NULL,16,212,101,352),(46,NULL,1,'jefatura','RH',NULL,'1956-01-01','523319228833','',NULL,NULL,'2020-05-15 20:25:10.056118','2020-05-15 20:25:10.056133','33',NULL,NULL,NULL,NULL,NULL,'Sistema Estatal Anticorrupción del Estado de Jalisco',NULL,1,1,NULL,1,1,NULL,1,17,221,NULL,367),(47,'Medico',0,NULL,'Medicina',NULL,'1940-01-01','','',NULL,NULL,'2020-05-15 20:28:08.430188','2020-05-15 20:28:08.430202','',NULL,NULL,NULL,NULL,NULL,'Ejercito',NULL,2,2,NULL,2,NULL,NULL,NULL,17,223,101,369),(48,NULL,0,NULL,NULL,NULL,'2005-01-01','','',NULL,NULL,'2020-05-15 20:29:26.354658','2020-05-15 20:29:26.354672','',NULL,NULL,30000,'PIRK781006AN7','Foxcon',NULL,NULL,NULL,NULL,NULL,NULL,NULL,NULL,NULL,17,224,101,370),(49,NULL,1,'subdir','info',NULL,'2002-10-18','523319449859','',NULL,NULL,'2020-05-16 02:27:00.668336','2020-05-16 02:27:00.668356','',NULL,NULL,NULL,NULL,NULL,'Sistema Estatal Anticorrupción del Estado de Jalisco',NULL,5,1,NULL,1,3,NULL,1,19,249,NULL,413),(50,'jefazo',0,NULL,'info',NULL,'1940-01-01','','',NULL,NULL,'2020-05-16 02:32:48.066406','2020-05-16 02:32:48.066435','',NULL,NULL,NULL,NULL,NULL,'SISTEMA EICORRUPCION DE JALISCO',NULL,8,2,NULL,2,NULL,NULL,NULL,19,251,101,415),(51,NULL,0,NULL,NULL,NULL,'1940-01-01','','',NULL,NULL,'2020-05-16 02:33:31.302170','2020-05-16 02:33:31.302185','',NULL,NULL,NULL,NULL,NULL,NULL,NULL,NULL,NULL,NULL,NULL,NULL,NULL,NULL,19,252,101,416),(52,NULL,1,'subdir','info',NULL,'1985-10-20','523319449859','',NULL,NULL,'2020-05-16 02:58:39.568711','2020-05-16 02:58:57.977588','',NULL,NULL,NULL,NULL,NULL,'Sistema Estatal Anticorrupción del Estado de Jalisco',NULL,1,2,NULL,4,1,NULL,1,20,265,NULL,437),(53,NULL,0,NULL,NULL,NULL,'1983-12-21','','',NULL,NULL,'2020-05-16 03:01:36.526907','2020-05-16 03:01:36.526922','',NULL,NULL,123456,'JAMR680910AN1','Ricardo Raul Jacinto Montes',NULL,NULL,NULL,NULL,NULL,NULL,NULL,NULL,NULL,20,267,101,439),(54,'jefazo',0,NULL,'info',NULL,'1940-01-01','','',NULL,NULL,'2020-05-16 03:03:12.416810','2020-05-16 03:03:12.416826','',NULL,NULL,23000,NULL,NULL,'SESAJ',NULL,3,2,NULL,4,NULL,NULL,NULL,20,268,101,440),(55,NULL,1,'subdir','info',NULL,'2002-09-16','3319449859','',NULL,NULL,'2020-05-16 03:25:54.097681','2020-05-16 03:25:54.097696','',NULL,NULL,NULL,NULL,NULL,'Sistema Estatal Anticorrupción del Estado de Jalisco',NULL,6,1,NULL,3,2,NULL,1,21,281,NULL,461),(56,NULL,0,NULL,NULL,NULL,'1940-01-01','','',NULL,NULL,'2020-05-16 03:27:28.237635','2020-05-16 03:27:28.237650','',NULL,NULL,NULL,NULL,NULL,NULL,NULL,NULL,NULL,NULL,NULL,NULL,NULL,NULL,21,283,101,463),(57,'jefazo',0,NULL,'info',NULL,'1940-01-01','','',NULL,NULL,'2020-05-16 03:28:55.037900','2020-05-16 03:28:55.037915','',NULL,NULL,1121221,NULL,NULL,'SISTEMA EICORRUPCION DE JALISCO',NULL,11,2,NULL,4,NULL,NULL,NULL,21,284,101,464);
/*!40000 ALTER TABLE `declaracion_encargos` ENABLE KEYS */;
UNLOCK TABLES;

--
-- Table structure for table `declaracion_experiencialaboral`
--

DROP TABLE IF EXISTS `declaracion_experiencialaboral`;
/*!40101 SET @saved_cs_client     = @@character_set_client */;
/*!40101 SET character_set_client = utf8 */;
CREATE TABLE `declaracion_experiencialaboral` (
  `id` int(11) NOT NULL AUTO_INCREMENT,
  `otro_poder` varchar(255) NOT NULL,
  `nombre_institucion` varchar(255) NOT NULL,
  `unidad_area_administrativa` varchar(255) NOT NULL,
  `otro_sector` varchar(255) NOT NULL,
  `jerarquia_rango` varchar(255) NOT NULL,
  `cargo_puesto` varchar(255) NOT NULL,
  `fecha_ingreso` date DEFAULT NULL,
  `fecha_salida` date DEFAULT NULL,
  `otra_funcion` varchar(255) NOT NULL,
  `created_at` datetime(6) NOT NULL,
  `updated_at` datetime(6) NOT NULL,
  `otro_ambitos_laborales` varchar(255) NOT NULL,
  `rfc` varchar(255) NOT NULL,
  `cat_ambitos_laborales_id` int(11) DEFAULT NULL,
  `cat_funciones_principales_id` int(11) DEFAULT NULL,
  `cat_ordenes_gobierno_id` int(11) DEFAULT NULL,
  `cat_poderes_id` int(11) DEFAULT NULL,
  `cat_sectores_industria_id` int(11) DEFAULT NULL,
  `cat_tipos_operaciones_id` int(11) DEFAULT NULL,
  `declaraciones_id` int(11) NOT NULL,
  `domicilios_id` int(11) NOT NULL,
  `observaciones_id` int(11) NOT NULL,
  PRIMARY KEY (`id`),
  KEY `declaracion_experien_cat_ambitos_laborale_79a45acd_fk_declaraci` (`cat_ambitos_laborales_id`),
  KEY `declaracion_experien_cat_funciones_princi_88f728f5_fk_declaraci` (`cat_funciones_principales_id`),
  KEY `declaracion_experien_cat_ordenes_gobierno_7b2c7dfe_fk_declaraci` (`cat_ordenes_gobierno_id`),
  KEY `declaracion_experien_cat_poderes_id_400030b2_fk_declaraci` (`cat_poderes_id`),
  KEY `declaracion_experien_cat_sectores_industr_d5ad472b_fk_declaraci` (`cat_sectores_industria_id`),
  KEY `declaracion_experien_cat_tipos_operacione_f363162d_fk_declaraci` (`cat_tipos_operaciones_id`),
  KEY `declaracion_experien_declaraciones_id_f1ba0aad_fk_declaraci` (`declaraciones_id`),
  KEY `declaracion_experien_domicilios_id_a7959cd2_fk_declaraci` (`domicilios_id`),
  KEY `declaracion_experien_observaciones_id_36520823_fk_declaraci` (`observaciones_id`),
  CONSTRAINT `declaracion_experien_cat_ambitos_laborale_79a45acd_fk_declaraci` FOREIGN KEY (`cat_ambitos_laborales_id`) REFERENCES `declaracion_catambitoslaborales` (`id`),
  CONSTRAINT `declaracion_experien_cat_funciones_princi_88f728f5_fk_declaraci` FOREIGN KEY (`cat_funciones_principales_id`) REFERENCES `declaracion_catfuncionesprincipales` (`id`),
  CONSTRAINT `declaracion_experien_cat_ordenes_gobierno_7b2c7dfe_fk_declaraci` FOREIGN KEY (`cat_ordenes_gobierno_id`) REFERENCES `declaracion_catordenesgobierno` (`id`),
  CONSTRAINT `declaracion_experien_cat_poderes_id_400030b2_fk_declaraci` FOREIGN KEY (`cat_poderes_id`) REFERENCES `declaracion_catpoderes` (`id`),
  CONSTRAINT `declaracion_experien_cat_sectores_industr_d5ad472b_fk_declaraci` FOREIGN KEY (`cat_sectores_industria_id`) REFERENCES `declaracion_catsectoresindustria` (`id`),
  CONSTRAINT `declaracion_experien_cat_tipos_operacione_f363162d_fk_declaraci` FOREIGN KEY (`cat_tipos_operaciones_id`) REFERENCES `declaracion_cattiposoperaciones` (`id`),
  CONSTRAINT `declaracion_experien_declaraciones_id_f1ba0aad_fk_declaraci` FOREIGN KEY (`declaraciones_id`) REFERENCES `declaracion_declaraciones` (`id`),
  CONSTRAINT `declaracion_experien_domicilios_id_a7959cd2_fk_declaraci` FOREIGN KEY (`domicilios_id`) REFERENCES `declaracion_domicilios` (`id`),
  CONSTRAINT `declaracion_experien_observaciones_id_36520823_fk_declaraci` FOREIGN KEY (`observaciones_id`) REFERENCES `declaracion_observaciones` (`id`)
) ENGINE=InnoDB AUTO_INCREMENT=25 DEFAULT CHARSET=latin1;
/*!40101 SET character_set_client = @saved_cs_client */;

--
-- Dumping data for table `declaracion_experiencialaboral`
--

LOCK TABLES `declaracion_experiencialaboral` WRITE;
/*!40000 ALTER TABLE `declaracion_experiencialaboral` DISABLE KEYS */;
INSERT INTO `declaracion_experiencialaboral` VALUES (1,'','SESAJ','Dirección de tecnologías','','','Programador','2014-01-01','2017-12-01','','2020-05-02 18:14:17.947388','2020-05-02 18:14:17.947416','','SESA110110RDS',1,3,2,4,27,1,1,2,13),(2,'','ITEI','Transparencia','','','Auxiliar','2014-01-01','2016-01-01','','2020-05-02 20:34:03.616261','2020-05-02 20:34:03.616276','','TEIR101010OKL',1,4,1,1,32,1,3,21,45),(3,'','lolalalal','alalal','','','jefe','1989-06-08','2004-01-15','','2020-05-03 01:48:08.873087','2020-05-03 01:48:08.873102','','POLO781203PO1',2,NULL,NULL,1,28,1,4,37,70),(4,'','ITEI','Investigación','Gubernamental','','Jefatura de departamento','2019-08-01','2019-12-31','','2020-05-03 03:03:24.665100','2020-05-03 03:03:24.665116','','TEIT010101589',2,4,NULL,1,37,1,2,40,73),(5,'','Despacho de Abogados SUV','FAMILIAR Y LABORAL','','','ABOGADO ESPECIALISTA','2005-06-20','2019-02-27','','2020-05-05 18:55:34.548502','2020-05-07 17:49:06.294646','','ASUV270908MH6',2,4,NULL,1,32,1,6,67,118),(6,'','ciber paty','atención al público','','','reparación de fallas','2006-01-12','2012-05-24','','2020-05-05 19:57:27.537795','2020-05-05 21:16:56.149795','','CIBP12345678O9',3,4,NULL,1,27,1,7,74,132),(7,'','FOMENTO DEPORTIVO TONALÁ','atención al público','','','Auxiliar Técnico','2015-04-08','2019-02-27','','2020-05-05 21:44:35.877963','2020-05-05 21:44:35.877978','','TON6007KJ8',1,4,2,4,32,1,8,84,149),(8,'','UNIVERSIDAD DE GUADALAJARA','DEPARTAMENTO DE INGENIERIAS','','','PROFESOR E INVESTIGADOR','2001-01-20','2019-02-28','EDUCATIVO','2020-05-05 22:59:35.799487','2020-05-05 22:59:35.799502','','UGU250907MH5',1,13,2,1,32,1,9,94,166),(9,'','UNIVERSIDAD DE GUADALAJARA','DEPARTAMENTO DE INGENIERIAS','','','PROFESOR E INVESTIGADOR','2015-02-24','2019-02-28','EDUCATIVO','2020-05-05 23:39:16.215202','2020-05-05 23:39:16.215218','','UGU250907MH5',1,13,2,1,32,1,10,103,182),(10,'','lolalalal','alalal','','','jefe','2015-01-09','2017-01-05','','2020-05-07 17:16:38.791973','2020-05-07 17:16:38.791989','','POLO781203PO1',2,3,NULL,1,28,1,12,111,203),(11,'','klayware','Desarrollo de software a la medida','','','Desarrollador','2016-07-26','2019-07-26','','2020-05-07 22:10:01.315735','2020-05-07 22:10:01.315749','','KAEW010101478',2,3,NULL,1,32,1,13,143,250),(12,'','stx','UNIDAD DE DESARROLLO','','','Desarrollador','2019-07-04','2019-07-07','','2020-05-12 00:41:07.324410','2020-05-12 00:41:07.324426','','PAET010101125',5,3,NULL,1,32,1,11,161,274),(13,'','lolalalal','alalal','','','jefe','1962-01-20','1960-01-22','','2020-05-15 18:16:14.079107','2020-05-15 18:16:14.079122','','POLO781203PO1',1,4,2,1,24,1,14,177,300),(14,'','eeeeee','alalal','','','jefe','1957-01-17','1986-01-19','','2020-05-15 18:16:59.215013','2020-05-15 18:16:59.215028','','POLO781203PO1',5,5,NULL,1,27,1,14,178,301),(15,'','poloapapa','alalal','','','jefe','1979-04-01','1997-11-01','','2020-05-15 18:18:32.936820','2020-05-15 18:18:32.936834','','POLP781203PO1',1,5,2,1,28,1,14,179,302),(16,'','poloapapa','jefatura','','','achichincle','1968-08-19','1979-01-01','','2020-05-15 18:20:13.019364','2020-05-15 18:20:13.019394','','POLI781203PO1',1,6,1,1,31,1,14,180,303),(17,'','universidad','academica','','','profe','1997-06-10','1999-05-08','','2020-05-15 18:21:27.773917','2020-05-15 18:21:27.773932','','UOLP781203PO1',1,6,2,1,28,1,14,181,304),(18,'','','','','','','1940-01-01','1940-01-01','','2020-05-15 18:21:39.812672','2020-05-15 18:21:39.812686','','',NULL,NULL,NULL,1,NULL,NULL,14,182,305),(19,'','SESAJ','Dirección de tecnologías','Servicio tecnico','','Programador','1940-01-01','1957-01-01','Tecnico','2020-05-15 19:50:33.563580','2020-05-15 19:50:33.563596','','PIRK781006AN7',1,13,1,1,37,1,15,203,340),(20,'','poloapapa','jefatura','','','achichincle','1943-05-03','1950-04-04','','2020-05-15 20:01:23.150617','2020-05-15 20:01:23.150633','','POLO781203PO1',1,4,2,4,25,1,16,207,346),(21,'','SESAJ','Dirección de tecnologías','','','Programador','1940-01-01','1969-01-01','','2020-05-15 20:25:41.861299','2020-05-15 20:26:28.213989','','PIRK781006AN7',1,5,1,1,21,1,17,222,368),(22,'','universidad','jefatura','','','achichincle','1974-09-16','1984-10-11','','2020-05-16 02:28:53.530669','2020-05-16 02:28:53.530684','','UOLP781203PO1',NULL,5,NULL,1,28,NULL,19,250,414),(23,'','universidad','jefatura','','','achichincle','1989-11-15','2005-10-22','','2020-05-16 03:00:08.019086','2020-05-16 03:00:08.019114','','POLP781203PO1',1,NULL,2,4,31,1,20,266,438),(24,'','poloapapa','academica','','','achichincle','2010-11-19','1954-03-13','','2020-05-16 03:26:33.581463','2020-05-16 03:26:33.581478','','UOLP781203PO1',1,8,1,4,27,1,21,282,462);
/*!40000 ALTER TABLE `declaracion_experiencialaboral` ENABLE KEYS */;
UNLOCK TABLES;

--
-- Table structure for table `declaracion_fideicomisos`
--

DROP TABLE IF EXISTS `declaracion_fideicomisos`;
/*!40101 SET @saved_cs_client     = @@character_set_client */;
/*!40101 SET character_set_client = utf8 */;
CREATE TABLE `declaracion_fideicomisos` (
  `id` int(11) NOT NULL AUTO_INCREMENT,
  `nombre_fideicomiso` varchar(255) NOT NULL,
  `rfc` varchar(255) NOT NULL,
  `rfc_fideicomiso` varchar(255) NOT NULL,
  `otra_operacion` varchar(255) NOT NULL,
  `otro_fideicomiso` varchar(255) NOT NULL,
  `objetivo_fideicomiso` varchar(255) NOT NULL,
  `num_registro` varchar(255) NOT NULL,
  `fecha_creacion` date DEFAULT NULL,
  `plazo_vigencia` varchar(255) NOT NULL,
  `valor_fideicomiso` int(11) DEFAULT NULL,
  `ingreso_monetario` int(11) DEFAULT NULL,
  `porcentaje` int(11) DEFAULT NULL,
  `institucion_fiduciaria` varchar(255) NOT NULL,
  `created_at` datetime(6) NOT NULL,
  `updated_at` datetime(6) NOT NULL,
  `activos_bienes_id` int(11) NOT NULL,
  `cat_monedas_id` int(11) DEFAULT NULL,
  `cat_paises_id` int(11) DEFAULT NULL,
  `cat_sectores_industria_id` int(11) DEFAULT NULL,
  `cat_tipo_participacion_id` int(11) DEFAULT NULL,
  `cat_tipos_fideicomisos_id` int(11) DEFAULT NULL,
  `cat_tipos_operaciones_id` int(11) DEFAULT NULL,
  `declaraciones_id` int(11) NOT NULL,
  `observaciones_id` int(11) NOT NULL,
  `tipo_persona_id` int(11) DEFAULT NULL,
  `tipo_relacion_id` int(11) DEFAULT NULL,
  PRIMARY KEY (`id`),
  KEY `declaracion_fideicom_activos_bienes_id_df3314c3_fk_declaraci` (`activos_bienes_id`),
  KEY `declaracion_fideicom_cat_monedas_id_cebff38e_fk_declaraci` (`cat_monedas_id`),
  KEY `declaracion_fideicom_cat_paises_id_d151330c_fk_declaraci` (`cat_paises_id`),
  KEY `declaracion_fideicom_cat_sectores_industr_bb5fb50f_fk_declaraci` (`cat_sectores_industria_id`),
  KEY `declaracion_fideicom_cat_tipo_participaci_9616776a_fk_declaraci` (`cat_tipo_participacion_id`),
  KEY `declaracion_fideicom_cat_tipos_fideicomis_f258a97c_fk_declaraci` (`cat_tipos_fideicomisos_id`),
  KEY `declaracion_fideicom_cat_tipos_operacione_ff4aec47_fk_declaraci` (`cat_tipos_operaciones_id`),
  KEY `declaracion_fideicom_declaraciones_id_9ddd40ea_fk_declaraci` (`declaraciones_id`),
  KEY `declaracion_fideicom_observaciones_id_f261c138_fk_declaraci` (`observaciones_id`),
  KEY `declaracion_fideicom_tipo_persona_id_43c4405d_fk_declaraci` (`tipo_persona_id`),
  KEY `declaracion_fideicom_tipo_relacion_id_9e45cbce_fk_declaraci` (`tipo_relacion_id`),
  CONSTRAINT `declaracion_fideicom_activos_bienes_id_df3314c3_fk_declaraci` FOREIGN KEY (`activos_bienes_id`) REFERENCES `declaracion_activosbienes` (`id`),
  CONSTRAINT `declaracion_fideicom_cat_monedas_id_cebff38e_fk_declaraci` FOREIGN KEY (`cat_monedas_id`) REFERENCES `declaracion_catmonedas` (`id`),
  CONSTRAINT `declaracion_fideicom_cat_paises_id_d151330c_fk_declaraci` FOREIGN KEY (`cat_paises_id`) REFERENCES `declaracion_catpaises` (`id`),
  CONSTRAINT `declaracion_fideicom_cat_sectores_industr_bb5fb50f_fk_declaraci` FOREIGN KEY (`cat_sectores_industria_id`) REFERENCES `declaracion_catsectoresindustria` (`id`),
  CONSTRAINT `declaracion_fideicom_cat_tipo_participaci_9616776a_fk_declaraci` FOREIGN KEY (`cat_tipo_participacion_id`) REFERENCES `declaracion_cattipoparticipacion` (`id`),
  CONSTRAINT `declaracion_fideicom_cat_tipos_fideicomis_f258a97c_fk_declaraci` FOREIGN KEY (`cat_tipos_fideicomisos_id`) REFERENCES `declaracion_cattiposfideicomisos` (`id`),
  CONSTRAINT `declaracion_fideicom_cat_tipos_operacione_ff4aec47_fk_declaraci` FOREIGN KEY (`cat_tipos_operaciones_id`) REFERENCES `declaracion_cattiposoperaciones` (`id`),
  CONSTRAINT `declaracion_fideicom_declaraciones_id_9ddd40ea_fk_declaraci` FOREIGN KEY (`declaraciones_id`) REFERENCES `declaracion_declaraciones` (`id`),
  CONSTRAINT `declaracion_fideicom_observaciones_id_f261c138_fk_declaraci` FOREIGN KEY (`observaciones_id`) REFERENCES `declaracion_observaciones` (`id`),
  CONSTRAINT `declaracion_fideicom_tipo_persona_id_43c4405d_fk_declaraci` FOREIGN KEY (`tipo_persona_id`) REFERENCES `declaracion_cattipopersona` (`id`),
  CONSTRAINT `declaracion_fideicom_tipo_relacion_id_9e45cbce_fk_declaraci` FOREIGN KEY (`tipo_relacion_id`) REFERENCES `declaracion_cattiposrelacionespersonales` (`id`)
) ENGINE=InnoDB AUTO_INCREMENT=16 DEFAULT CHARSET=latin1;
/*!40101 SET character_set_client = @saved_cs_client */;

--
-- Dumping data for table `declaracion_fideicomisos`
--

LOCK TABLES `declaracion_fideicomisos` WRITE;
/*!40000 ALTER TABLE `declaracion_fideicomisos` DISABLE KEYS */;
INSERT INTO `declaracion_fideicomisos` VALUES (1,'','AMPL101010TIL','','','','','',NULL,'',NULL,NULL,NULL,'','2020-05-02 18:51:46.044776','2020-05-02 18:51:46.044794',4,NULL,142,25,3,1,1,1,29,NULL,1),(2,'','FIDE101010LSK','','','','','',NULL,'',NULL,NULL,NULL,'','2020-05-02 21:00:09.007521','2020-05-02 21:00:09.007551',8,NULL,142,26,3,1,1,3,61,NULL,1),(3,'','MAEG010101598','','','','','',NULL,'',NULL,NULL,NULL,'','2020-05-03 04:38:32.313047','2020-05-03 04:38:32.313065',12,NULL,142,34,3,3,1,2,88,NULL,1),(4,'','PARK581010KL1','','','','','',NULL,'',NULL,NULL,NULL,'','2020-05-04 01:34:41.815533','2020-05-04 01:34:41.815550',16,NULL,142,26,3,2,1,4,103,NULL,11),(5,'','PEPK381016AN3','','','','','',NULL,'',0,0,0,'','2020-05-07 17:52:16.010083','2020-05-07 17:52:16.010099',30,NULL,142,26,NULL,NULL,1,12,221,NULL,NULL),(6,'','BOMR990316ML9','','','','','',NULL,'',0,0,0,'','2020-05-07 18:37:00.580227','2020-05-07 18:37:00.580245',33,NULL,142,26,9,2,1,6,233,NULL,1),(7,'','FIED010101486','','','','','',NULL,'',0,0,0,'','2020-05-07 22:59:06.854079','2020-05-07 22:59:06.854097',39,NULL,142,27,3,3,1,13,270,NULL,NULL),(8,'','MAEG010101598','','','','','',NULL,'',0,0,0,'','2020-05-12 03:27:10.639202','2020-05-12 03:27:10.639226',43,NULL,142,21,3,1,1,11,283,NULL,1),(9,'','PEPK381016AN3','','','','','',NULL,'',0,0,0,'','2020-05-15 19:36:19.916525','2020-05-15 19:36:19.916541',47,NULL,142,35,3,2,1,14,327,NULL,NULL),(10,'','PIRK781006AN7','','','','','',NULL,'',0,0,0,'','2020-05-15 20:14:03.009163','2020-05-15 20:14:03.009196',51,NULL,142,21,3,1,1,15,360,NULL,1),(11,'','PIRK781006AN7','','','','','',NULL,'',0,0,0,'','2020-05-15 20:49:32.663177','2020-05-15 20:49:32.663195',57,NULL,142,21,3,1,1,17,388,NULL,1),(12,'','PEPK381016AN3','','','','','',NULL,'',0,0,0,'','2020-05-15 21:08:19.678517','2020-05-15 21:08:19.678537',59,NULL,142,26,5,1,1,16,399,NULL,8),(13,'','PEPK381016AN3','','','','','',NULL,'',0,0,0,'','2020-05-16 02:55:28.081679','2020-05-16 02:55:28.081697',63,NULL,142,26,4,NULL,1,19,431,NULL,11),(14,'','PEPK381016AN3','','','','','',NULL,'',0,0,0,'','2020-05-16 03:22:43.307519','2020-05-16 03:22:43.307537',67,NULL,142,31,NULL,2,1,20,455,NULL,8),(15,'','PEPK381016AN3','','','','','',NULL,'',0,0,0,'','2020-05-16 03:43:23.158012','2020-05-16 03:43:23.158028',71,NULL,142,26,NULL,NULL,1,21,479,NULL,11);
/*!40000 ALTER TABLE `declaracion_fideicomisos` ENABLE KEYS */;
UNLOCK TABLES;

--
-- Table structure for table `declaracion_infopersonalfija`
--

DROP TABLE IF EXISTS `declaracion_infopersonalfija`;
/*!40101 SET @saved_cs_client     = @@character_set_client */;
/*!40101 SET character_set_client = utf8 */;
CREATE TABLE `declaracion_infopersonalfija` (
  `id` int(11) NOT NULL AUTO_INCREMENT,
  `nombres` varchar(255) NOT NULL,
  `apellido1` varchar(255) NOT NULL,
  `apellido2` varchar(255) NOT NULL,
  `curp` varchar(255) NOT NULL,
  `puesto` varchar(255) NOT NULL,
  `rfc` varchar(255) NOT NULL,
  `telefono` varchar(14) NOT NULL,
  `created_at` datetime(6) NOT NULL,
  `updated_at` datetime(6) NOT NULL,
  `nombre_ente_publico` varchar(300) DEFAULT NULL,
  `fecha_nacimiento` date DEFAULT NULL,
  `otro_ente` varchar(255) DEFAULT NULL,
  `fecha_inicio` date DEFAULT NULL,
  `cat_ente_publico_id` int(11) DEFAULT NULL,
  `cat_entidades_federativas_id` int(11) DEFAULT NULL,
  `cat_pais_id` int(11) DEFAULT NULL,
  `usuario_id` int(11) DEFAULT NULL,
  PRIMARY KEY (`id`),
  KEY `declaracion_infopers_cat_ente_publico_id_a3b30fba_fk_declaraci` (`cat_ente_publico_id`),
  KEY `declaracion_infopers_cat_entidades_federa_e29e8024_fk_declaraci` (`cat_entidades_federativas_id`),
  KEY `declaracion_infopers_cat_pais_id_484e2f32_fk_declaraci` (`cat_pais_id`),
  KEY `declaracion_infopersonalfija_usuario_id_2e744aa8_fk_auth_user_id` (`usuario_id`),
  CONSTRAINT `declaracion_infopers_cat_ente_publico_id_a3b30fba_fk_declaraci` FOREIGN KEY (`cat_ente_publico_id`) REFERENCES `declaracion_catentespublicos` (`id`),
  CONSTRAINT `declaracion_infopers_cat_entidades_federa_e29e8024_fk_declaraci` FOREIGN KEY (`cat_entidades_federativas_id`) REFERENCES `declaracion_catentidadesfederativas` (`id`),
  CONSTRAINT `declaracion_infopers_cat_pais_id_484e2f32_fk_declaraci` FOREIGN KEY (`cat_pais_id`) REFERENCES `declaracion_catpaises` (`id`),
  CONSTRAINT `declaracion_infopersonalfija_usuario_id_2e744aa8_fk_auth_user_id` FOREIGN KEY (`usuario_id`) REFERENCES `auth_user` (`id`)
) ENGINE=InnoDB AUTO_INCREMENT=13 DEFAULT CHARSET=latin1;
/*!40101 SET character_set_client = @saved_cs_client */;

--
-- Dumping data for table `declaracion_infopersonalfija`
--

LOCK TABLES `declaracion_infopersonalfija` WRITE;
/*!40000 ALTER TABLE `declaracion_infopersonalfija` DISABLE KEYS */;
INSERT INTO `declaracion_infopersonalfija` VALUES (1,'JUAN','CAMANEY','','PARK681016HJCTRN08','DESARROLLADOR','PARK681016AN6','4431123321','2020-05-02 15:51:27.993033','2020-05-04 20:25:41.644273','SEAJAL','1968-10-16',NULL,'2019-03-01',NULL,14,142,8),(2,'PEDRO','PERAFAN','TORRES','PERK381016MJCRSS78','JEFE DE DEPARTMAMENTO','PERK381016AN3','3333333333','2020-05-02 16:04:04.048855','2020-05-06 04:33:26.766663','SESAJ SECRETARIA EJECUTIVA ANTICURRUPCIÓN','1938-10-16',NULL,'2020-01-01',NULL,14,142,7),(3,'PITER','PEREZ','ROJAS','PIRK781006MJCTRN08','SECRETARIA','PIRK781006AN7','3388229933','2020-05-02 20:03:58.084059','2020-05-15 20:23:17.592090','SESAJ','1978-10-06',NULL,'2000-01-01',NULL,14,142,10),(4,'RICARDO RAUL','MONTES','AFILADAS','NAAP121101HMCVFDA3','SUPERADMIN','PURK881006AN7','3319449859','2020-05-03 01:43:10.449577','2020-05-15 22:45:58.640563','SESAJ','1988-10-06',NULL,'2007-03-16',NULL,14,142,11),(5,'CARLOS','LOMELI','LOMELI','LOLC801223MJCPRY02','AUXILIAR TÉCNICO','PUEB010101741','3314207896','2020-05-05 18:31:26.398623','2020-05-07 17:44:01.521082','SECRETARIA EJECUTIVA DEL SISTEMA ESTATAL ANTICORRUPCION JALISCO','2001-01-01',NULL,'2019-03-01',NULL,14,142,24),(6,'CARLOS','LOMELI','LOMELI','LOLC801223MJCPRY02','AUXILIAR TÉCNICO','PUEB010101741','3314207896','2020-05-05 18:31:26.465325','2020-05-05 18:31:26.465344','SECRETARIA EJECUTIVA DEL SISTEMA ESTATAL ANTICORRUPCION JALISCO','2001-01-01',NULL,'2019-03-01',NULL,14,142,24),(7,'RICARDO','VILLAREAL','LOMELI','VILR810127MJCPRY07','AUXILIAR TÉCNICO','PUEB010101852','3311234567','2020-05-05 19:38:02.480405','2020-05-05 21:09:33.142535','SECRETARIA EJECUTIVA DEL SISTEMA ESTATAL ANTICORRUPCION JALISCO','2001-01-01',NULL,'2019-03-01',NULL,14,142,25),(8,'OSCAR','MONTANERO','MONTERO','MOMO831212MJCPRY09','JEFE DE DEPARTAMENTO','PUEB010101951','3310111314','2020-05-05 21:31:07.607808','2020-05-05 21:33:51.747773','SECRETARIA EJECUTIVA DEL SISTEMA ESTATAL ANTICORRUPCION JALISCO','2001-01-01',NULL,'2019-03-01',NULL,14,142,26),(9,'JULIO','PEREZ','GALVEZ','PEGJ761126MJCPRY08','SUBDIRECTOR','PUEB010101963','3336814403','2020-05-05 22:48:15.893348','2020-05-05 22:50:29.805855','SECRETARIA EJECUTIVA DEL SISTEMA ESTATAL ANTICORRUPCION JALISCO','2001-01-01',NULL,'2019-03-01',NULL,14,142,27),(10,'GUILLERMO','LEON','PARDO','LEPG841126MJCPRY02','SUBDIRECTOR','PUEB010101753','3336020966','2020-05-05 23:32:14.744506','2020-05-05 23:34:13.200355','SECRETARIA EJECUTIVA DEL SISTEMA ESTATAL ANTICORRUPCION JALISCO','2001-01-01',NULL,'2019-03-01',NULL,14,142,28),(11,'PEDRO','BLADES','SHARPED','NAAP121101HMCVFDA3','JEFAZO','PEPK381016AN3','3319449859','2020-05-07 17:10:29.621988','2020-05-15 19:45:39.000198','SESAJ','1938-10-16',NULL,'2002-11-14',NULL,14,142,30),(12,'JONY','CARRILLO','LOMA','PORK010101HJCRSS89','SECRETRIO EJECUTIVO','PORK481016AN7','3312457893','2020-05-07 22:03:06.562326','2020-05-16 03:24:10.328528','SEAJAL','1948-10-16',NULL,'2018-10-18',NULL,14,142,9);
/*!40000 ALTER TABLE `declaracion_infopersonalfija` ENABLE KEYS */;
UNLOCK TABLES;

--
-- Table structure for table `declaracion_infopersonalvar`
--

DROP TABLE IF EXISTS `declaracion_infopersonalvar`;
/*!40101 SET @saved_cs_client     = @@character_set_client */;
/*!40101 SET character_set_client = utf8 */;
CREATE TABLE `declaracion_infopersonalvar` (
  `id` int(11) NOT NULL AUTO_INCREMENT,
  `es_fisica` tinyint(1) DEFAULT NULL,
  `razon_social` varchar(255) DEFAULT NULL,
  `nombres` varchar(255) NOT NULL,
  `apellido1` varchar(255) NOT NULL,
  `apellido2` varchar(255) NOT NULL,
  `curp` varchar(255) NOT NULL,
  `rfc` varchar(255) NOT NULL,
  `homoclave` varchar(3) DEFAULT NULL,
  `fecha_nacimiento` date DEFAULT NULL,
  `num_id_identificacion` varchar(255) NOT NULL,
  `email_personal` varchar(255) NOT NULL,
  `tel_particular` varchar(255) NOT NULL,
  `tel_movil` varchar(255) NOT NULL,
  `otro_sector` varchar(255) DEFAULT NULL,
  `otro_estado_civil` varchar(255) DEFAULT NULL,
  `actividad_economica` varchar(255) DEFAULT NULL,
  `ocupacion_girocomercial` varchar(255) DEFAULT NULL,
  `nombre_negocio` varchar(255) DEFAULT NULL,
  `rfc_negocio` varchar(50) DEFAULT NULL,
  `created_at` datetime(6) NOT NULL,
  `updated_at` datetime(6) NOT NULL,
  `cat_entidades_federativas_id` int(11) DEFAULT NULL,
  `cat_estados_civiles_id` int(11) DEFAULT NULL,
  `cat_pais_id` int(11) DEFAULT NULL,
  `cat_regimenes_matrimoniales_id` int(11) DEFAULT NULL,
  `cat_sectores_industria_id` int(11) DEFAULT NULL,
  `cat_tipo_persona_id` int(11) DEFAULT NULL,
  `declaraciones_id` int(11) NOT NULL,
  `domicilios_id` int(11) DEFAULT NULL,
  `observaciones_id` int(11) DEFAULT NULL,
  PRIMARY KEY (`id`),
  KEY `declaracion_infopers_cat_entidades_federa_aca67810_fk_declaraci` (`cat_entidades_federativas_id`),
  KEY `declaracion_infopers_cat_estados_civiles__ea86eb1a_fk_declaraci` (`cat_estados_civiles_id`),
  KEY `declaracion_infopers_cat_pais_id_3c350fea_fk_declaraci` (`cat_pais_id`),
  KEY `declaracion_infopers_cat_regimenes_matrim_b8803425_fk_declaraci` (`cat_regimenes_matrimoniales_id`),
  KEY `declaracion_infopers_cat_sectores_industr_c9c540d2_fk_declaraci` (`cat_sectores_industria_id`),
  KEY `declaracion_infopers_cat_tipo_persona_id_b7db6218_fk_declaraci` (`cat_tipo_persona_id`),
  KEY `declaracion_infopers_declaraciones_id_75d0c55e_fk_declaraci` (`declaraciones_id`),
  KEY `declaracion_infopers_domicilios_id_f9298f9b_fk_declaraci` (`domicilios_id`),
  KEY `declaracion_infopers_observaciones_id_641a285c_fk_declaraci` (`observaciones_id`),
  CONSTRAINT `declaracion_infopers_cat_entidades_federa_aca67810_fk_declaraci` FOREIGN KEY (`cat_entidades_federativas_id`) REFERENCES `declaracion_catentidadesfederativas` (`id`),
  CONSTRAINT `declaracion_infopers_cat_estados_civiles__ea86eb1a_fk_declaraci` FOREIGN KEY (`cat_estados_civiles_id`) REFERENCES `declaracion_catestadosciviles` (`id`),
  CONSTRAINT `declaracion_infopers_cat_pais_id_3c350fea_fk_declaraci` FOREIGN KEY (`cat_pais_id`) REFERENCES `declaracion_catpaises` (`id`),
  CONSTRAINT `declaracion_infopers_cat_regimenes_matrim_b8803425_fk_declaraci` FOREIGN KEY (`cat_regimenes_matrimoniales_id`) REFERENCES `declaracion_catregimenesmatrimoniales` (`id`),
  CONSTRAINT `declaracion_infopers_cat_sectores_industr_c9c540d2_fk_declaraci` FOREIGN KEY (`cat_sectores_industria_id`) REFERENCES `declaracion_catsectoresindustria` (`id`),
  CONSTRAINT `declaracion_infopers_cat_tipo_persona_id_b7db6218_fk_declaraci` FOREIGN KEY (`cat_tipo_persona_id`) REFERENCES `declaracion_cattipopersona` (`id`),
  CONSTRAINT `declaracion_infopers_declaraciones_id_75d0c55e_fk_declaraci` FOREIGN KEY (`declaraciones_id`) REFERENCES `declaracion_declaraciones` (`id`),
  CONSTRAINT `declaracion_infopers_domicilios_id_f9298f9b_fk_declaraci` FOREIGN KEY (`domicilios_id`) REFERENCES `declaracion_domicilios` (`id`),
  CONSTRAINT `declaracion_infopers_observaciones_id_641a285c_fk_declaraci` FOREIGN KEY (`observaciones_id`) REFERENCES `declaracion_observaciones` (`id`)
) ENGINE=InnoDB AUTO_INCREMENT=352 DEFAULT CHARSET=latin1;
/*!40101 SET character_set_client = @saved_cs_client */;

--
-- Dumping data for table `declaracion_infopersonalvar`
--

LOCK TABLES `declaracion_infopersonalvar` WRITE;
/*!40000 ALTER TABLE `declaracion_infopersonalvar` DISABLE KEYS */;
INSERT INTO `declaracion_infopersonalvar` VALUES (1,NULL,NULL,'JUAN','CAMANEY','','PARK681016HJCTRN08','PARK681016AN6','AN6',NULL,'','juan22@gmail.com','3311223311','1122332233',NULL,NULL,NULL,NULL,NULL,NULL,'2020-05-02 17:08:33.867860','2020-05-02 17:08:33.867876',NULL,2,142,NULL,NULL,1,1,1,8),(2,NULL,NULL,'Sonia','Delgado','Partida','','DEPS101010DSE',NULL,'1977-11-16','','','','',NULL,NULL,NULL,NULL,NULL,NULL,'2020-05-02 18:17:38.494240','2020-05-02 18:17:38.494256',NULL,NULL,NULL,NULL,NULL,2,1,3,NULL),(3,1,NULL,'Guadalupe','Esparza','Blanco','','ESBG101010RES',NULL,NULL,'','','','',NULL,NULL,NULL,NULL,NULL,NULL,'2020-05-02 18:33:47.388456','2020-05-02 18:33:47.388472',NULL,NULL,NULL,NULL,NULL,11,1,NULL,NULL),(4,1,NULL,'Leticio','Marte','Caballero','','MACL101010ois',NULL,NULL,'','','','',NULL,NULL,NULL,NULL,NULL,NULL,'2020-05-02 18:33:47.413480','2020-05-02 18:33:47.413497',NULL,NULL,NULL,NULL,NULL,12,1,NULL,NULL),(5,1,NULL,'César','González','Ledesma','','GOLC101210SDA',NULL,NULL,'','','','',NULL,NULL,NULL,NULL,NULL,NULL,'2020-05-02 18:35:55.524876','2020-05-02 18:35:55.524893',NULL,NULL,NULL,NULL,NULL,11,1,NULL,NULL),(6,1,NULL,'Mario','Jimenez','Bautista','','JIBM101010IDS',NULL,NULL,'','','','',NULL,NULL,NULL,NULL,NULL,NULL,'2020-05-02 18:35:55.608295','2020-05-02 18:35:55.608314',NULL,NULL,NULL,NULL,NULL,12,1,NULL,NULL),(7,1,NULL,'Jhin','Torvald','Naguini','','TONJ101010IJL',NULL,NULL,'','','','',NULL,NULL,NULL,NULL,NULL,NULL,'2020-05-02 18:38:03.303796','2020-05-02 18:38:03.303813',NULL,NULL,NULL,NULL,NULL,12,1,NULL,NULL),(8,1,NULL,'Teresa','Narciso','Caralarga','','NACT101010ILS',NULL,NULL,'','','','',NULL,NULL,NULL,NULL,NULL,NULL,'2020-05-02 18:38:03.353920','2020-05-02 18:38:03.353936',NULL,NULL,NULL,NULL,NULL,11,1,NULL,NULL),(9,1,NULL,'Samuel','Batista','Mancera','','BAMS101010OLS',NULL,NULL,'','','','',NULL,NULL,NULL,NULL,NULL,NULL,'2020-05-02 18:39:33.708488','2020-05-02 18:39:33.708504',NULL,NULL,NULL,NULL,NULL,12,1,6,NULL),(10,1,NULL,'Juan','Son','Lindeman','','SOLJ101010ISK',NULL,NULL,'','','','',NULL,NULL,NULL,NULL,NULL,NULL,'2020-05-02 18:41:29.814867','2020-05-02 18:41:29.814899',NULL,NULL,NULL,NULL,NULL,NULL,1,7,NULL),(11,1,NULL,'Tonatiu','Minerva','Cervantes','','MICT101012IASS',NULL,NULL,'','','','',NULL,NULL,NULL,NULL,NULL,NULL,'2020-05-02 18:43:21.061003','2020-05-02 18:43:21.061035',NULL,NULL,NULL,NULL,NULL,NULL,1,NULL,NULL),(12,NULL,NULL,'','','','','',NULL,NULL,'','','','',NULL,NULL,NULL,NULL,NULL,NULL,'2020-05-02 18:45:22.098689','2020-05-02 18:45:22.098721',14,NULL,142,NULL,24,NULL,1,NULL,NULL),(13,1,NULL,'Javier','Napoleon','Segundo','','NASJ101010RIS',NULL,NULL,'','','','',NULL,NULL,NULL,NULL,NULL,NULL,'2020-05-02 18:48:03.504137','2020-05-02 18:48:03.504153',14,NULL,142,NULL,24,NULL,1,10,NULL),(14,1,'','Leonel','Leon','Ledesma','','LELL101010ASF',NULL,NULL,'','','','',NULL,NULL,NULL,NULL,'Limpia max','LMAX101010SSA','2020-05-02 18:49:05.108732','2020-05-02 18:49:05.108754',NULL,NULL,NULL,NULL,22,NULL,1,11,NULL),(15,1,NULL,'Leonel','Leon','Ledesma','','LELL101010ASD',NULL,NULL,'','','','',NULL,NULL,NULL,NULL,NULL,NULL,'2020-05-02 18:49:57.598408','2020-05-02 18:49:57.598425',NULL,NULL,NULL,NULL,NULL,NULL,1,NULL,NULL),(16,1,NULL,'Till','Lindeman','German','','LIGT101020LKS',NULL,NULL,'','','','',NULL,NULL,NULL,NULL,NULL,NULL,'2020-05-02 18:51:45.919445','2020-05-02 18:51:45.919462',NULL,NULL,NULL,NULL,NULL,8,1,13,NULL),(17,1,NULL,'Paul','Amperes','Pilar','','AMPL101010ASD',NULL,NULL,'','','','',NULL,NULL,NULL,NULL,NULL,NULL,'2020-05-02 18:51:45.936168','2020-05-02 18:51:45.936185',NULL,NULL,NULL,NULL,NULL,9,1,12,NULL),(18,1,NULL,'Sauron','Mordekaiser','Tryndamere','','MOTS101010TIL',NULL,NULL,'','','','',NULL,NULL,NULL,NULL,NULL,NULL,'2020-05-02 18:51:45.952873','2020-05-02 18:51:45.952889',NULL,NULL,NULL,NULL,NULL,10,1,14,NULL),(19,NULL,NULL,'PEDRO','PERAFAN','TORRES','PERK381016MJCRSS78','PERK381016AN3','AN3',NULL,'','jggee@hotmail.com','3301010101','33333333',NULL,NULL,NULL,NULL,NULL,NULL,'2020-05-02 18:56:38.468596','2020-05-02 18:56:38.468613',NULL,2,142,NULL,NULL,1,2,15,30),(20,NULL,NULL,'Josefina Josefa','Torres','Toribio','JAER010101MJCRSS52','JAER010101333',NULL,'1970-03-13','','','','','Comerciantes de productos aimenticios',NULL,NULL,'Gerente general',NULL,NULL,'2020-05-02 19:42:17.695906','2020-05-02 19:42:17.695922',NULL,NULL,NULL,NULL,37,2,2,17,NULL),(21,NULL,NULL,'PITER','PEREZ','ROJAS','PIRK781006MJCTRN08','PIRK781006AN7','AN7',NULL,'','piter@gmail.com','482839231','3377228833',NULL,NULL,NULL,NULL,NULL,NULL,'2020-05-02 20:06:11.871394','2020-05-02 20:06:11.871440',NULL,1,81,2,NULL,1,3,18,38),(22,NULL,NULL,'Rosalia','Rosas','Rosales','ROAS010101MJCRSS48','ROAS010101568',NULL,'1995-06-19','','','','','Servicios de tecnología',NULL,NULL,'Lider de proyecto',NULL,NULL,'2020-05-02 20:18:17.262321','2020-05-02 20:18:17.262338',NULL,NULL,NULL,NULL,37,2,2,19,NULL),(23,NULL,NULL,'Carmen','Camille','Soto','SOCC681016HJCTRN08','SOCC101020DSA',NULL,'1983-03-02','','','','',NULL,NULL,NULL,NULL,NULL,NULL,'2020-05-02 20:37:59.435211','2020-05-02 20:37:59.435227',NULL,NULL,NULL,NULL,NULL,2,3,22,NULL),(24,1,NULL,'Norma','Normal','Ninfadora','','NONN101010ISK',NULL,NULL,'','','','',NULL,NULL,NULL,NULL,NULL,NULL,'2020-05-02 20:43:54.421528','2020-05-02 20:43:54.421544',NULL,NULL,NULL,NULL,NULL,11,3,NULL,NULL),(25,1,NULL,'Gabriel','Gavilan','Ganzo','','GAGG',NULL,NULL,'','','','',NULL,NULL,NULL,NULL,NULL,NULL,'2020-05-02 20:43:54.438194','2020-05-02 20:43:54.438210',NULL,NULL,NULL,NULL,NULL,12,3,NULL,NULL),(26,1,NULL,'David','Dorian','Delgado','','DODD101010UKS',NULL,NULL,'','','','',NULL,NULL,NULL,NULL,NULL,NULL,'2020-05-02 20:46:22.774302','2020-05-02 20:46:22.774318',NULL,NULL,NULL,NULL,NULL,11,3,NULL,NULL),(27,1,NULL,'Arturo','Jacinto','Jaras','','JAJA101010JAJ',NULL,NULL,'','','','',NULL,NULL,NULL,NULL,NULL,NULL,'2020-05-02 20:46:22.799340','2020-05-02 20:46:22.799361',NULL,NULL,NULL,NULL,NULL,12,3,NULL,NULL),(28,1,NULL,'','','','','',NULL,NULL,'','','','',NULL,NULL,NULL,NULL,NULL,NULL,'2020-05-02 20:48:06.818505','2020-05-02 20:48:06.818521',NULL,NULL,NULL,NULL,NULL,12,3,NULL,NULL),(29,1,NULL,'Olivia','Olivares','Olmo','','OLOO101010IKO',NULL,NULL,'','','','',NULL,NULL,NULL,NULL,NULL,NULL,'2020-05-02 20:48:06.843516','2020-05-02 20:48:06.843531',NULL,NULL,NULL,NULL,NULL,11,3,NULL,NULL),(30,1,NULL,'','','','','',NULL,NULL,'','','','',NULL,NULL,NULL,NULL,NULL,NULL,'2020-05-02 20:49:02.785210','2020-05-02 20:49:02.785226',NULL,NULL,NULL,NULL,NULL,12,3,25,NULL),(31,1,NULL,'','','','','',NULL,NULL,'','','','',NULL,NULL,NULL,NULL,NULL,NULL,'2020-05-02 20:50:24.262043','2020-05-02 20:50:24.262060',NULL,NULL,NULL,NULL,NULL,NULL,3,26,NULL),(32,1,NULL,'Piter','Parker','Penelope','','PAPP',NULL,NULL,'','','','',NULL,NULL,NULL,NULL,NULL,NULL,'2020-05-02 20:51:56.568189','2020-05-02 20:51:56.568206',NULL,NULL,NULL,NULL,NULL,NULL,3,NULL,NULL),(33,NULL,NULL,'','','','','',NULL,NULL,'','','','',NULL,NULL,NULL,NULL,NULL,NULL,'2020-05-02 20:52:47.257618','2020-05-02 20:52:47.257634',14,NULL,142,NULL,23,NULL,3,NULL,NULL),(34,1,NULL,'Javier','Aguirre','Negrete','','AGNJ101020DSA',NULL,NULL,'','','','',NULL,NULL,NULL,NULL,NULL,NULL,'2020-05-02 20:56:25.706303','2020-05-02 20:56:25.706318',14,NULL,142,NULL,21,NULL,3,29,NULL),(35,1,'','Fabian','Lopez','Garcia','','LOGF101010IKS',NULL,NULL,'','','','',NULL,NULL,NULL,NULL,'Tortas veganas','TORV101010AN','2020-05-02 20:57:47.184669','2020-05-02 20:57:47.184684',NULL,NULL,NULL,NULL,27,NULL,3,30,NULL),(36,1,NULL,'Sonia','Batista','López','','TOLG101020DSA',NULL,NULL,'','','','',NULL,NULL,NULL,NULL,NULL,NULL,'2020-05-02 20:58:34.090643','2020-05-02 20:58:34.090659',NULL,NULL,NULL,NULL,NULL,NULL,3,NULL,NULL),(37,1,NULL,'Edgar','Herrera','Sanchez','','HESE101010KSM',NULL,NULL,'','','','',NULL,NULL,NULL,NULL,NULL,NULL,'2020-05-02 21:00:08.832090','2020-05-02 21:00:08.832106',NULL,NULL,NULL,NULL,NULL,8,3,32,NULL),(38,1,NULL,'Norma','Natil','Nosal','','NANN101010LOL',NULL,NULL,'','','','',NULL,NULL,NULL,NULL,NULL,NULL,'2020-05-02 21:00:08.857117','2020-05-02 21:00:08.857133',NULL,NULL,NULL,NULL,NULL,9,3,31,NULL),(39,1,NULL,'Raul','Rojas','Margo','','ROMR',NULL,NULL,'','','','',NULL,NULL,NULL,NULL,NULL,NULL,'2020-05-02 21:00:08.882194','2020-05-02 21:00:08.882210',NULL,NULL,NULL,NULL,NULL,10,3,33,NULL),(40,NULL,NULL,'Judith','Torres','Toblero','GAER940419MJCRSS19','GEER940421300',NULL,'1949-04-18','','','','','Limpieza',NULL,NULL,'Encargado del área de distribución de personal',NULL,NULL,'2020-05-03 00:17:21.298743','2020-05-03 00:17:21.298759',NULL,NULL,NULL,NULL,37,2,1,34,NULL),(41,NULL,NULL,'RICARDO RAUL','MONTES','AFILADAS','NAAP121101HMCVFDA3','PURK881006AN7','AN7',NULL,'','raul.jacinto@gmail.com','3319449859','3319449859',NULL,NULL,NULL,NULL,NULL,NULL,'2020-05-03 01:44:36.484355','2020-05-03 01:44:36.484373',NULL,NULL,142,NULL,NULL,1,4,35,64),(42,NULL,NULL,'ana','ruiz','martinez','NAAP121101HMCVFDA3','REYJ841003',NULL,'1958-03-07','','','','',NULL,NULL,NULL,NULL,NULL,NULL,'2020-05-03 01:49:16.418689','2020-05-03 01:49:16.418705',NULL,NULL,NULL,NULL,NULL,2,4,38,NULL),(43,NULL,NULL,'RICARDO RAUL','MONTES','MONTES','NAAP121101HMCVFDA3','PARK381016AN3',NULL,'2016-09-09','','','','',NULL,NULL,NULL,NULL,NULL,NULL,'2020-05-03 01:50:13.551615','2020-05-03 01:50:13.551631',NULL,NULL,NULL,NULL,NULL,2,4,39,NULL),(44,0,'1.Tercero','','','','','TEER010101256',NULL,NULL,'','','','',NULL,NULL,NULL,NULL,NULL,NULL,'2020-05-03 03:53:38.705995','2020-05-03 03:53:38.706012',NULL,NULL,NULL,NULL,NULL,11,2,NULL,NULL),(45,0,'1.TRANSMISOR','','','','','TAAR010101256',NULL,NULL,'','','','',NULL,NULL,NULL,NULL,NULL,NULL,'2020-05-03 03:53:38.756089','2020-05-03 03:53:38.756106',NULL,NULL,NULL,NULL,NULL,12,2,NULL,NULL),(46,0,'1.Transmisor vehiculos','','','','','TAAR010101589',NULL,NULL,'','','','',NULL,NULL,NULL,NULL,NULL,NULL,'2020-05-03 03:55:01.533986','2020-05-03 03:55:01.534003',NULL,NULL,NULL,NULL,NULL,11,2,NULL,NULL),(47,0,'1.Tercero vehiculos','','','','','SEAF010101MJC',NULL,NULL,'','','','',NULL,NULL,NULL,NULL,NULL,NULL,'2020-05-03 03:55:01.567382','2020-05-03 03:55:01.567399',NULL,NULL,NULL,NULL,NULL,12,2,NULL,NULL),(48,0,'Tomas Basulto','','','','','TAER010101578',NULL,NULL,'','','','',NULL,NULL,NULL,NULL,NULL,NULL,'2020-05-03 03:57:04.085911','2020-05-03 04:26:53.106980',NULL,NULL,NULL,NULL,NULL,12,2,NULL,NULL),(49,0,'Rosalia Amaral','','','','','DEAR010101MJC',NULL,NULL,'','','','',NULL,NULL,NULL,NULL,NULL,NULL,'2020-05-03 03:57:04.110882','2020-05-03 04:26:53.132016',NULL,NULL,NULL,NULL,NULL,11,2,NULL,NULL),(50,0,'Cecilia Villareal Montanegro','','','','','CEEL010101589',NULL,NULL,'','','','',NULL,NULL,NULL,NULL,NULL,NULL,'2020-05-03 04:29:24.437638','2020-05-03 04:29:24.437655',NULL,NULL,NULL,NULL,NULL,12,2,43,NULL),(51,0,'ROMAN CASERES LIMA','','','','','ROAM010101457',NULL,NULL,'','','','',NULL,NULL,NULL,NULL,NULL,NULL,'2020-05-03 04:30:49.373713','2020-05-03 04:30:49.373729',NULL,NULL,NULL,NULL,NULL,NULL,2,44,NULL),(52,0,'Galilea Granados Escobar','','','','','GAER010101478',NULL,NULL,'','','','',NULL,NULL,NULL,NULL,NULL,NULL,'2020-05-03 04:32:04.155825','2020-05-03 04:32:04.155842',NULL,NULL,NULL,NULL,NULL,NULL,2,NULL,NULL),(53,NULL,NULL,'','','','','',NULL,NULL,'','','','',NULL,NULL,NULL,NULL,NULL,NULL,'2020-05-03 04:32:39.341444','2020-05-03 04:32:39.341463',14,NULL,142,NULL,30,NULL,2,NULL,NULL),(54,0,'nayeli torres','','','','','NAEY010101487',NULL,NULL,'','','','','Ninguno',NULL,NULL,NULL,NULL,NULL,'2020-05-03 04:36:01.847923','2020-05-03 04:36:01.847941',14,NULL,142,NULL,37,NULL,2,47,NULL),(55,0,'Teresa Miramar Toribio','','','','','MAIR010101457',NULL,NULL,'','','','',NULL,NULL,NULL,NULL,'Multisys','MUYS010101256','2020-05-03 04:36:58.999793','2020-05-03 04:36:58.999810',NULL,NULL,NULL,NULL,35,NULL,2,48,NULL),(56,0,'Roman Rosales Villa','','','','','ROAM010101457',NULL,NULL,'','','','',NULL,NULL,NULL,NULL,NULL,NULL,'2020-05-03 04:37:53.725816','2020-05-03 04:37:53.725833',NULL,NULL,NULL,NULL,NULL,NULL,2,NULL,NULL),(57,0,'FIDEICOMISARIO S.A. DE C.V.','','','','','DEER010101MJC',NULL,NULL,'','','','',NULL,NULL,NULL,NULL,NULL,NULL,'2020-05-03 04:38:32.149626','2020-05-03 04:38:32.149643',NULL,NULL,NULL,NULL,NULL,8,2,50,NULL),(58,0,'FIDEICOMITENTE S.A DE C.V','','','','','DEER010101MJC',NULL,NULL,'','','','',NULL,NULL,NULL,NULL,NULL,NULL,'2020-05-03 04:38:32.196113','2020-05-03 04:38:32.196130',NULL,NULL,NULL,NULL,NULL,9,2,49,NULL),(59,0,'FIDUCIARIO S.A. DE C.V','','','','','TEAC010101MJC',NULL,NULL,'','','','',NULL,NULL,NULL,NULL,NULL,NULL,'2020-05-03 04:38:32.254520','2020-05-03 04:38:32.254536',NULL,NULL,NULL,NULL,NULL,10,2,51,NULL),(60,1,NULL,'','','','','',NULL,NULL,'','','','',NULL,NULL,NULL,NULL,NULL,NULL,'2020-05-03 20:33:49.037000','2020-05-03 20:33:49.037017',NULL,NULL,NULL,NULL,NULL,11,4,NULL,NULL),(61,0,'DASADADS','','','','','PPUP821203PO3',NULL,NULL,'','','','',NULL,NULL,NULL,NULL,NULL,NULL,'2020-05-03 20:33:49.062028','2020-05-03 20:33:49.062044',NULL,NULL,NULL,NULL,NULL,12,4,NULL,NULL),(62,0,'aaaaa','','','','','JAMC781016AN6',NULL,NULL,'','','','',NULL,NULL,NULL,NULL,NULL,NULL,'2020-05-03 20:35:14.214575','2020-05-03 20:35:14.214593',NULL,NULL,NULL,NULL,NULL,11,4,NULL,NULL),(63,1,NULL,'','','','','',NULL,NULL,'','','','',NULL,NULL,NULL,NULL,NULL,NULL,'2020-05-03 20:35:14.231223','2020-05-03 20:35:14.231240',NULL,NULL,NULL,NULL,NULL,12,4,NULL,NULL),(64,1,NULL,'','','','','',NULL,NULL,'','','','',NULL,NULL,NULL,NULL,NULL,NULL,'2020-05-03 20:36:09.505387','2020-05-03 20:36:09.505403',NULL,NULL,NULL,NULL,NULL,12,4,NULL,NULL),(65,0,'aaaaa','','','','','JAMC781016AN6',NULL,NULL,'','','','',NULL,NULL,NULL,NULL,NULL,NULL,'2020-05-03 20:36:09.530435','2020-05-03 20:36:09.530454',NULL,NULL,NULL,NULL,NULL,11,4,NULL,NULL),(66,1,NULL,'','','','','',NULL,NULL,'','','','',NULL,NULL,NULL,NULL,NULL,NULL,'2020-05-03 20:46:12.957322','2020-05-03 20:46:12.957338',NULL,NULL,NULL,NULL,NULL,12,4,54,NULL),(67,1,NULL,'','','','','',NULL,NULL,'','','','',NULL,NULL,NULL,NULL,NULL,NULL,'2020-05-03 20:51:58.924656','2020-05-03 20:52:23.638123',NULL,NULL,NULL,NULL,NULL,NULL,4,55,NULL),(68,1,NULL,'RICARDO RAUL','MONTES','Jacinto','','PERK381016AN3',NULL,NULL,'','','','',NULL,NULL,NULL,NULL,NULL,NULL,'2020-05-03 20:53:12.060268','2020-05-03 20:53:12.060284',NULL,NULL,NULL,NULL,NULL,NULL,4,NULL,NULL),(69,NULL,NULL,'','','','','',NULL,NULL,'','','','',NULL,NULL,NULL,NULL,NULL,NULL,'2020-05-04 00:28:30.706016','2020-05-04 00:28:30.706046',14,NULL,142,NULL,32,NULL,4,NULL,NULL),(70,1,NULL,'RICARDO RAUL','MONTES','bastante','','PARK381016AN3',NULL,NULL,'','','','',NULL,NULL,NULL,NULL,NULL,NULL,'2020-05-04 01:31:32.143431','2020-05-04 01:31:32.143447',14,NULL,142,NULL,NULL,NULL,4,58,NULL),(71,1,'','RICARDO RAUL','MONTES','bastante','','REYJ841003',NULL,NULL,'','','','',NULL,NULL,NULL,NULL,'gjjjh','PARK981010LI9','2020-05-04 01:32:24.576639','2020-05-04 01:32:24.576655',NULL,NULL,NULL,NULL,34,NULL,4,59,NULL),(72,1,NULL,'RICARDO RAUL','Jacinto','bastante','','PARK381016AN3',NULL,NULL,'','','','',NULL,NULL,NULL,NULL,NULL,NULL,'2020-05-04 01:33:18.636147','2020-05-04 01:33:18.636163',NULL,NULL,NULL,NULL,NULL,NULL,4,NULL,NULL),(73,1,NULL,'','','','','',NULL,NULL,'','','','',NULL,NULL,NULL,NULL,NULL,NULL,'2020-05-04 01:34:41.640200','2020-05-04 01:34:41.640217',NULL,NULL,NULL,NULL,NULL,8,4,61,NULL),(74,1,NULL,'RICARDO RAUL','MONTES','aaaaaaa','','REYY780912PO1',NULL,NULL,'','','','',NULL,NULL,NULL,NULL,NULL,NULL,'2020-05-04 01:34:41.665238','2020-05-04 01:34:41.665255',NULL,NULL,NULL,NULL,NULL,9,4,60,NULL),(75,1,NULL,'RICARDO RAUL','MONTES','aaaaa','','POLO781203PO1',NULL,NULL,'','','','',NULL,NULL,NULL,NULL,NULL,NULL,'2020-05-04 01:34:41.690293','2020-05-04 01:34:41.690309',NULL,NULL,NULL,NULL,NULL,10,4,62,NULL),(76,NULL,NULL,'JUAN','CAMANEY','SEBASTIAN','PARK681016HJCTRN08','PARK681016AN6','AN6',NULL,'','jggee@hotmail.com','3301010101','33333333',NULL,NULL,NULL,NULL,NULL,NULL,'2020-05-04 20:25:41.693479','2020-05-04 20:25:41.693495',NULL,1,142,4,NULL,1,5,63,105),(77,NULL,NULL,'DFEW','FEW','FEW','','',NULL,'1954-12-14','','','','',NULL,NULL,NULL,NULL,NULL,NULL,'2020-05-05 16:30:37.406681','2020-05-05 16:30:37.406697',NULL,NULL,NULL,NULL,NULL,2,5,64,NULL),(78,NULL,NULL,'CARLOS','LOMELI','LOMELI','LOLC801223MJCPRY02','PUEB010101741','741',NULL,'','','3314207415','',NULL,NULL,NULL,NULL,NULL,NULL,'2020-05-05 18:34:12.040254','2020-05-07 17:44:01.586998',NULL,2,142,NULL,NULL,1,6,65,112),(79,NULL,NULL,'Gabriela','Romero','Román','GAEB010101HJCRSS89','GAEB010101789',NULL,'1987-06-18','','','','',NULL,NULL,NULL,'Gerente general',NULL,NULL,'2020-05-05 18:55:49.906531','2020-05-07 17:56:59.430636',NULL,NULL,NULL,NULL,36,2,6,68,NULL),(80,NULL,NULL,'MARIA','LOMELI','SEGURA','LOSM590310MJCPRY03','',NULL,'1959-03-10','','','','',NULL,NULL,NULL,NULL,NULL,NULL,'2020-05-05 18:59:39.597996','2020-05-07 17:57:16.684087',NULL,NULL,NULL,NULL,NULL,2,6,69,NULL),(81,1,NULL,'','','','','',NULL,NULL,'','','','',NULL,NULL,NULL,NULL,NULL,NULL,'2020-05-05 19:18:04.268442','2020-05-07 18:09:23.332902',NULL,NULL,NULL,NULL,NULL,12,6,NULL,NULL),(82,1,NULL,'CARLOS','LOMELI','LOMELI','','CME910715UB9',NULL,NULL,'','','','',NULL,NULL,NULL,NULL,NULL,NULL,'2020-05-05 19:18:04.292929','2020-05-07 18:09:23.366199',NULL,NULL,NULL,NULL,NULL,11,6,NULL,NULL),(83,1,NULL,'','','','','',NULL,NULL,'','','','',NULL,NULL,NULL,NULL,NULL,NULL,'2020-05-05 19:26:39.362143','2020-05-07 18:14:55.613220',NULL,NULL,NULL,NULL,NULL,NULL,6,70,NULL),(84,1,NULL,'José','Lomeli','Reyes','','LORJ600318JL6',NULL,NULL,'','','','',NULL,NULL,NULL,NULL,NULL,NULL,'2020-05-05 19:26:52.494200','2020-05-07 18:18:29.463979',NULL,NULL,NULL,NULL,NULL,NULL,6,NULL,NULL),(85,NULL,NULL,'RICARDO','VILLAREAL','LOMELI','VILR810127MJCPRY07','PUEB010101852','852',NULL,'','','3311234567','3311234567',NULL,NULL,NULL,NULL,NULL,NULL,'2020-05-05 19:40:59.742649','2020-05-05 21:09:33.208322',NULL,4,142,3,NULL,1,7,72,126),(86,NULL,NULL,'','','','','',NULL,NULL,'','','','',NULL,NULL,NULL,NULL,NULL,NULL,'2020-05-05 19:58:36.843362','2020-05-05 21:17:29.590337',NULL,NULL,NULL,NULL,NULL,2,7,75,NULL),(87,0,'INFONAVIT','','','','','INFO7205011ZA',NULL,NULL,'','','','',NULL,NULL,NULL,NULL,NULL,NULL,'2020-05-05 20:15:33.364944','2020-05-05 21:18:32.881011',NULL,NULL,NULL,NULL,NULL,11,7,NULL,NULL),(88,0,'INFONAVIT','','','','','INFO7205011ZA',NULL,NULL,'','','','',NULL,NULL,NULL,NULL,NULL,NULL,'2020-05-05 20:15:33.389968','2020-05-05 21:18:32.906059',NULL,NULL,NULL,NULL,NULL,12,7,NULL,NULL),(89,1,NULL,'MARIA','LOPEZ','GOMEZ','','LOPGM4567890',NULL,NULL,'','','','',NULL,NULL,NULL,NULL,NULL,NULL,'2020-05-05 20:24:03.666433','2020-05-05 21:18:47.992012',NULL,NULL,NULL,NULL,NULL,11,7,NULL,NULL),(90,1,NULL,'MARIA','LOPEZ','GOMEZ','','LOPGM4567890',NULL,NULL,'','','','',NULL,NULL,NULL,NULL,NULL,NULL,'2020-05-05 20:24:03.691494','2020-05-05 21:18:48.041980',NULL,NULL,NULL,NULL,NULL,12,7,NULL,NULL),(91,0,'SEARS','RICARDO','VILLAREAL','','','SE500967YT',NULL,NULL,'','','','',NULL,NULL,NULL,NULL,NULL,NULL,'2020-05-05 20:27:18.098056','2020-05-05 21:19:03.894170',NULL,NULL,NULL,NULL,NULL,12,7,NULL,NULL),(92,0,'SEARS','','','','','SE500967YT',NULL,NULL,'','','','',NULL,NULL,NULL,NULL,NULL,NULL,'2020-05-05 20:27:18.137077','2020-05-05 21:19:03.935885',NULL,NULL,NULL,NULL,NULL,11,7,NULL,NULL),(93,0,'BBA BANCOMER','','','','','BBA830831LJ2',NULL,NULL,'','','','',NULL,NULL,NULL,NULL,NULL,NULL,'2020-05-05 20:43:43.992241','2020-05-05 21:19:18.879938',NULL,NULL,NULL,NULL,NULL,12,7,78,NULL),(94,0,'INFONAVT','','','','','INF7205011ZA',NULL,NULL,'','','','',NULL,NULL,NULL,NULL,NULL,NULL,'2020-05-05 20:48:35.403004','2020-05-05 21:19:48.454052',NULL,NULL,NULL,NULL,NULL,NULL,7,79,NULL),(95,1,NULL,'','','','','',NULL,NULL,'','','','',NULL,NULL,NULL,NULL,NULL,NULL,'2020-05-05 20:48:47.677164','2020-05-05 21:19:56.311978',NULL,NULL,NULL,NULL,NULL,NULL,7,NULL,NULL),(96,NULL,NULL,'LEONARDO','VILLAREAL','LOPEZ','VILL131221MJCPRY09','',NULL,'2013-12-21','','','','',NULL,NULL,NULL,NULL,NULL,NULL,'2020-05-05 20:54:41.407166','2020-05-05 21:17:46.478468',NULL,NULL,NULL,NULL,NULL,2,7,81,NULL),(97,NULL,NULL,'OSCAR','MONTANERO','MONTERO','MOMO831212MJCPRY09','PUEB010101951','951',NULL,'','','','3310111213',NULL,NULL,NULL,NULL,NULL,NULL,'2020-05-05 21:33:51.821904','2020-05-05 21:33:51.821922',NULL,1,142,3,NULL,1,8,82,143),(98,NULL,NULL,'MRTHA','PEREZ','LOPEZ','PELM841119MJCPRY09','PELM841119Y02',NULL,'1984-11-19','','','','',NULL,NULL,NULL,'AUXILIAR EDUCATIVO',NULL,NULL,'2020-05-05 21:49:19.480652','2020-05-05 21:49:19.480667',NULL,NULL,NULL,NULL,32,2,8,85,NULL),(99,0,'INFONAVIT','','','','','INFO7205011ZA',NULL,NULL,'','','','',NULL,NULL,NULL,NULL,NULL,NULL,'2020-05-05 21:56:49.113974','2020-05-05 21:56:49.113992',NULL,NULL,NULL,NULL,NULL,11,8,NULL,NULL),(100,0,'INFONAVIT','','','','','INFO7205011ZA',NULL,NULL,'','','','',NULL,NULL,NULL,NULL,NULL,NULL,'2020-05-05 21:56:49.147361','2020-05-05 21:56:49.147379',NULL,NULL,NULL,NULL,NULL,12,8,NULL,NULL),(101,0,'Nissan Mexicana S.A. de C.V.','','','','','NIM2897E679',NULL,NULL,'','','','',NULL,NULL,NULL,NULL,NULL,NULL,'2020-05-05 22:02:50.857360','2020-05-05 22:02:50.857401',NULL,NULL,NULL,NULL,NULL,11,8,NULL,NULL),(102,0,'Nissan Mexicana S.A. de C.V.','','','','','NIM2897E679',NULL,NULL,'','','','',NULL,NULL,NULL,NULL,NULL,NULL,'2020-05-05 22:02:50.874077','2020-05-05 22:02:50.874093',NULL,NULL,NULL,NULL,NULL,12,8,NULL,NULL),(103,0,'LIVERPOOL','','','','','LIV789006YU890',NULL,NULL,'','','','',NULL,NULL,NULL,NULL,NULL,NULL,'2020-05-05 22:06:13.898504','2020-05-05 22:06:13.898523',NULL,NULL,NULL,NULL,NULL,12,8,NULL,NULL),(104,0,'LIVERPOOL','','','','','LIV789006YU890',NULL,NULL,'','','','',NULL,NULL,NULL,NULL,NULL,NULL,'2020-05-05 22:06:13.923534','2020-05-05 22:06:13.923554',NULL,NULL,NULL,NULL,NULL,11,8,NULL,NULL),(105,0,'BBA BANCOMER','','','','','BBA830831LJ2',NULL,NULL,'','','','',NULL,NULL,NULL,NULL,NULL,NULL,'2020-05-05 22:08:24.844151','2020-05-05 22:08:24.844167',NULL,NULL,NULL,NULL,NULL,12,8,88,NULL),(106,1,NULL,'','','','','',NULL,NULL,'','','','',NULL,NULL,NULL,NULL,NULL,NULL,'2020-05-05 22:08:38.452468','2020-05-05 22:08:38.452484',NULL,NULL,NULL,NULL,NULL,NULL,8,89,NULL),(107,1,NULL,'','','','','',NULL,NULL,'','','','',NULL,NULL,NULL,NULL,NULL,NULL,'2020-05-05 22:08:45.425538','2020-05-05 22:08:45.425554',NULL,NULL,NULL,NULL,NULL,NULL,8,NULL,NULL),(108,NULL,NULL,'FERNANDO','MONTANER','PEREZ','MOPF131221MJCPRY09','',NULL,'2013-12-21','','','','',NULL,NULL,NULL,NULL,NULL,NULL,'2020-05-05 22:13:00.572302','2020-05-05 22:13:00.572318',NULL,NULL,NULL,NULL,NULL,2,8,91,NULL),(109,NULL,NULL,'JULIO','PEREZ','GALVEZ','PEGJ761126MJCPRY08','PUEB010101963','963',NULL,'','','','3336814403',NULL,NULL,NULL,NULL,NULL,NULL,'2020-05-05 22:50:29.855072','2020-05-05 22:50:29.855102',NULL,1,142,3,NULL,1,9,92,160),(110,NULL,NULL,'MIROSLAVA','PEREZ','MOYA','PEMM800611MJCPRY08','PEMM800611M',NULL,'1980-06-11','','','','',NULL,NULL,NULL,'ENCARGADA DE COCINA',NULL,NULL,'2020-05-05 23:03:40.055791','2020-05-05 23:03:40.055806',NULL,NULL,NULL,NULL,27,2,9,95,NULL),(111,0,'INFONAVIT','','','','','INFO7205011ZA',NULL,NULL,'','','','',NULL,NULL,NULL,NULL,NULL,NULL,'2020-05-05 23:10:57.984509','2020-05-05 23:10:57.984527',NULL,NULL,NULL,NULL,NULL,11,9,NULL,NULL),(112,0,'INFONAVIT','','','','','INFO7205011ZA',NULL,NULL,'','','','',NULL,NULL,NULL,NULL,NULL,NULL,'2020-05-05 23:10:58.001123','2020-05-05 23:10:58.001140',NULL,NULL,NULL,NULL,NULL,12,9,NULL,NULL),(113,0,'LIVERPOOL','','','','','LIV789006YU890',NULL,NULL,'','','','',NULL,NULL,NULL,NULL,NULL,NULL,'2020-05-05 23:13:22.538549','2020-05-05 23:13:22.538566',NULL,NULL,NULL,NULL,NULL,12,9,NULL,NULL),(114,0,'LIVERPOOL','','','','','LIV789006YU890',NULL,NULL,'','','','',NULL,NULL,NULL,NULL,NULL,NULL,'2020-05-05 23:13:22.563545','2020-05-05 23:13:22.563562',NULL,NULL,NULL,NULL,NULL,11,9,NULL,NULL),(115,0,'BBA BANCOMER','','','','','BBA830831LJ2',NULL,NULL,'','','','',NULL,NULL,NULL,NULL,NULL,NULL,'2020-05-05 23:14:21.422272','2020-05-05 23:14:21.422289',NULL,NULL,NULL,NULL,NULL,12,9,97,NULL),(116,1,NULL,'','','','','',NULL,NULL,'','','','',NULL,NULL,NULL,NULL,NULL,NULL,'2020-05-05 23:14:32.395983','2020-05-05 23:14:32.396000',NULL,NULL,NULL,NULL,NULL,NULL,9,98,NULL),(117,1,NULL,'','','','','',NULL,NULL,'','','','',NULL,NULL,NULL,NULL,NULL,NULL,'2020-05-05 23:14:46.496704','2020-05-05 23:14:46.496721',NULL,NULL,NULL,NULL,NULL,NULL,9,NULL,NULL),(118,NULL,NULL,'HIRAM','PEREZ','MOYA','PEMH961121MJCPRY09','PEMH961121M',NULL,'1996-11-21','','','','',NULL,NULL,NULL,NULL,NULL,NULL,'2020-05-05 23:22:16.201728','2020-05-05 23:22:16.201743',NULL,NULL,NULL,NULL,NULL,2,9,100,NULL),(119,NULL,NULL,'GUILLERMO','LEON','PARDO','LEPG841126MJCPRY02','PUEB010101753','753',NULL,'','','','3336020966',NULL,NULL,NULL,NULL,NULL,NULL,'2020-05-05 23:34:13.249572','2020-05-05 23:34:13.249589',NULL,4,142,NULL,NULL,1,10,101,176),(120,NULL,NULL,'','','','','',NULL,NULL,'','','','',NULL,NULL,NULL,NULL,NULL,NULL,'2020-05-05 23:39:25.395641','2020-05-05 23:39:25.395685',NULL,NULL,NULL,NULL,NULL,2,10,104,NULL),(121,0,'LIVERPOOL','','','','','LIV789006YU890',NULL,NULL,'','','','',NULL,NULL,NULL,NULL,NULL,NULL,'2020-05-05 23:42:00.872868','2020-05-05 23:42:00.872885',NULL,NULL,NULL,NULL,NULL,12,10,NULL,NULL),(122,0,'LIVERPOOL','','','','','LIV789006YU890',NULL,NULL,'','','','',NULL,NULL,NULL,NULL,NULL,NULL,'2020-05-05 23:42:00.897897','2020-05-05 23:42:00.897914',NULL,NULL,NULL,NULL,NULL,11,10,NULL,NULL),(123,0,'BBA BANCOMER','','','','','BBA830831LJ2',NULL,NULL,'','','','',NULL,NULL,NULL,NULL,NULL,NULL,'2020-05-05 23:42:50.845527','2020-05-05 23:42:50.845543',NULL,NULL,NULL,NULL,NULL,12,10,105,NULL),(124,0,'INFONAVT','','','','','INF7205011ZA',NULL,NULL,'','','','',NULL,NULL,NULL,NULL,NULL,NULL,'2020-05-05 23:42:59.861111','2020-05-07 18:48:18.270201',NULL,NULL,NULL,NULL,NULL,NULL,10,106,NULL),(125,0,'INFONAVIR','','','','','INF7205011ZA',NULL,NULL,'','','','',NULL,NULL,NULL,NULL,NULL,NULL,'2020-05-05 23:43:08.234127','2020-05-07 18:52:25.072477',NULL,NULL,NULL,NULL,NULL,NULL,10,NULL,NULL),(126,NULL,NULL,'PEDRO','PERAFAN','TORRES','PERK381016MJCRSS78','PERK381016AN3','AN3',NULL,'','jggee@hotmail.com','3301010101','2280011455',NULL,NULL,NULL,NULL,NULL,NULL,'2020-05-06 04:33:26.815691','2020-05-06 04:33:26.815708',NULL,2,142,NULL,NULL,1,11,108,192),(127,NULL,NULL,'Raul','Jacinto','SHARPED','NAAP121101HMCVFDA3','PEPK381016AN3','AN3',NULL,'','raul.cucea@gmail.com','3319449859','3336411625',NULL,NULL,NULL,NULL,NULL,NULL,'2020-05-07 17:11:51.796384','2020-05-07 17:11:51.796402',NULL,2,142,NULL,NULL,1,12,109,197),(128,NULL,NULL,'ana','ruiz','martinez','NAAP121101HMCVFDA3','REYJ841003',NULL,'1965-03-05','','','','',NULL,NULL,NULL,NULL,NULL,NULL,'2020-05-07 17:18:09.237049','2020-05-07 17:18:09.237065',NULL,NULL,NULL,NULL,NULL,2,12,112,NULL),(129,NULL,NULL,'mariana','MONTES','MONTES','NAAP121101HMCVFDA4','PARK381016AN3',NULL,'2003-10-07','','','','',NULL,NULL,NULL,NULL,NULL,NULL,'2020-05-07 17:19:25.501944','2020-05-07 17:19:25.501960',NULL,NULL,NULL,NULL,NULL,2,12,113,NULL),(130,1,NULL,'RICARDO RAUL','MONTES','','','',NULL,NULL,'','','','',NULL,NULL,NULL,NULL,NULL,NULL,'2020-05-07 17:24:18.416851','2020-05-07 17:24:18.416868',NULL,NULL,NULL,NULL,NULL,11,12,NULL,NULL),(131,0,'DASADADS','','','','','PPUP821203PO3',NULL,NULL,'','','','',NULL,NULL,NULL,NULL,NULL,NULL,'2020-05-07 17:24:18.461151','2020-05-07 17:24:18.461170',NULL,NULL,NULL,NULL,NULL,12,12,NULL,NULL),(132,0,'aaaaa','','','','','JAMC781016AN6',NULL,NULL,'','','','',NULL,NULL,NULL,NULL,NULL,NULL,'2020-05-07 17:28:17.505481','2020-05-07 17:28:28.860909',NULL,NULL,NULL,NULL,NULL,11,12,NULL,NULL),(133,1,NULL,'','','','','',NULL,NULL,'','','','',NULL,NULL,NULL,NULL,NULL,NULL,'2020-05-07 17:28:17.530525','2020-05-07 17:28:28.885919',NULL,NULL,NULL,NULL,NULL,12,12,NULL,NULL),(134,1,NULL,'','','','','',NULL,NULL,'','','','',NULL,NULL,NULL,NULL,NULL,NULL,'2020-05-07 17:30:02.477756','2020-05-07 17:30:02.477773',NULL,NULL,NULL,NULL,NULL,12,12,NULL,NULL),(135,0,'aaaaa','RICARDO RAUL','MONTES','','','JAMC781016AN6',NULL,NULL,'','','','',NULL,NULL,NULL,NULL,NULL,NULL,'2020-05-07 17:30:02.494470','2020-05-07 17:30:02.494487',NULL,NULL,NULL,NULL,NULL,11,12,NULL,NULL),(136,1,NULL,'','','','','',NULL,NULL,'','','','',NULL,NULL,NULL,NULL,NULL,NULL,'2020-05-07 17:30:02.611416','2020-05-07 17:30:02.611434',NULL,NULL,NULL,NULL,NULL,12,12,NULL,NULL),(137,0,'aaaaa','RICARDO RAUL','MONTES','','','JAMC781016AN6',NULL,NULL,'','','','',NULL,NULL,NULL,NULL,NULL,NULL,'2020-05-07 17:30:02.644813','2020-05-07 17:30:02.644830',NULL,NULL,NULL,NULL,NULL,11,12,NULL,NULL),(138,1,NULL,'','','','','',NULL,NULL,'','','','',NULL,NULL,NULL,NULL,NULL,NULL,'2020-05-07 17:35:53.728632','2020-05-07 17:35:53.728648',NULL,NULL,NULL,NULL,NULL,12,12,116,NULL),(139,1,NULL,'','','','','',NULL,NULL,'','','','',NULL,NULL,NULL,NULL,NULL,NULL,'2020-05-07 17:36:54.496971','2020-05-07 17:36:54.496987',NULL,NULL,NULL,NULL,NULL,NULL,12,117,NULL),(140,1,NULL,'','','','','',NULL,NULL,'','','','',NULL,NULL,NULL,NULL,NULL,NULL,'2020-05-07 17:37:47.363616','2020-05-07 17:37:47.363647',NULL,NULL,NULL,NULL,NULL,NULL,12,NULL,NULL),(141,1,NULL,'','','','','',NULL,NULL,'','','','',NULL,NULL,NULL,NULL,NULL,NULL,'2020-05-07 17:37:47.472117','2020-05-07 17:37:47.472133',NULL,NULL,NULL,NULL,NULL,NULL,12,NULL,NULL),(142,NULL,NULL,'','','','','',NULL,NULL,'','','','',NULL,NULL,NULL,NULL,NULL,NULL,'2020-05-07 17:38:48.492378','2020-05-07 17:38:48.492395',14,NULL,142,NULL,32,NULL,12,NULL,NULL),(143,1,NULL,'Raul','Jacinto','bastante','','REYJ841003',NULL,NULL,'','','','',NULL,NULL,NULL,NULL,NULL,NULL,'2020-05-07 17:45:32.192134','2020-05-07 17:45:32.192151',14,NULL,142,NULL,22,NULL,12,121,NULL),(144,0,'cccc','','','','','NAAP121101HMC',NULL,NULL,'','','','',NULL,NULL,NULL,NULL,'qw ewew','PARK981010LI9','2020-05-07 17:46:07.459261','2020-05-07 17:46:07.459279',NULL,NULL,NULL,NULL,31,NULL,12,122,NULL),(145,0,'cccc','','','','','REYJ841003',NULL,NULL,'','','','',NULL,NULL,NULL,NULL,NULL,NULL,'2020-05-07 17:46:55.624354','2020-05-07 17:46:55.624386',NULL,NULL,NULL,NULL,NULL,NULL,12,NULL,NULL),(146,0,'assa','','','','','POLO781203PO1',NULL,NULL,'','','','',NULL,NULL,NULL,NULL,NULL,NULL,'2020-05-07 17:52:15.909872','2020-05-07 17:52:15.909889',NULL,NULL,NULL,NULL,NULL,8,12,124,NULL),(147,1,NULL,'RICARDO RAUL','MONTES','aaaaaaa','','REYY780912PO1',NULL,NULL,'','','','',NULL,NULL,NULL,NULL,NULL,NULL,'2020-05-07 17:52:15.934896','2020-05-07 17:52:15.934912',NULL,NULL,NULL,NULL,NULL,9,12,123,NULL),(148,1,NULL,'Raul','Jacinto','aaaaa','','POLO781203PO1',NULL,NULL,'','','','',NULL,NULL,NULL,NULL,NULL,NULL,'2020-05-07 17:52:15.959954','2020-05-07 17:52:15.959971',NULL,NULL,NULL,NULL,NULL,10,12,125,NULL),(149,1,NULL,'','','','','',NULL,NULL,'','','','',NULL,NULL,NULL,NULL,NULL,NULL,'2020-05-07 18:03:46.824880','2020-05-07 18:03:46.824897',NULL,NULL,NULL,NULL,NULL,11,6,NULL,NULL),(150,1,NULL,'Gerardo','Gómez','González','','GOGG701221',NULL,NULL,'','','','',NULL,NULL,NULL,NULL,NULL,NULL,'2020-05-07 18:03:46.874934','2020-05-07 18:03:46.874950',NULL,NULL,NULL,NULL,NULL,12,6,NULL,NULL),(151,1,NULL,'Ernesto','Lizárraga','Fonseca','','LIFE620417AB3',NULL,NULL,'','','','',NULL,NULL,NULL,NULL,NULL,NULL,'2020-05-07 18:08:36.058670','2020-05-07 18:08:36.058687',NULL,NULL,NULL,NULL,NULL,11,6,NULL,NULL),(152,1,NULL,'Ernesto','Lizárraga','Fonseca','','',NULL,NULL,'','','','',NULL,NULL,NULL,NULL,NULL,NULL,'2020-05-07 18:08:36.092121','2020-05-07 18:08:36.092138',NULL,NULL,NULL,NULL,NULL,12,6,NULL,NULL),(153,1,NULL,'Carlos','Lomelí','Lomeli','','LOLC700913AB5',NULL,NULL,'','','','',NULL,NULL,NULL,NULL,NULL,NULL,'2020-05-07 18:14:16.918800','2020-05-07 18:14:16.918816',NULL,NULL,NULL,NULL,NULL,12,6,128,NULL),(154,NULL,NULL,'','','','','',NULL,NULL,'','','','','Beneficencia',NULL,NULL,NULL,NULL,NULL,'2020-05-07 18:21:48.912154','2020-05-07 18:21:48.912171',14,NULL,142,NULL,37,NULL,6,NULL,NULL),(155,1,NULL,'Carlos','Lomelí','Lomeli','','LOLC610913MT4',NULL,NULL,'','','','',NULL,NULL,NULL,NULL,NULL,NULL,'2020-05-07 18:28:51.481396','2020-05-07 18:28:51.481413',14,NULL,142,NULL,21,NULL,6,130,NULL),(156,1,'','José','Alvarez','Corral','','ALCJ701106ME8',NULL,NULL,'','','','',NULL,NULL,NULL,NULL,'MInisuper Alvarez','MISU881014MR7','2020-05-07 18:31:01.863795','2020-05-07 18:31:01.863812',NULL,NULL,NULL,NULL,27,NULL,6,131,NULL),(157,NULL,NULL,'NICOLAS','LEON','MEDINA','LEMN150529MJCPRY08','',NULL,'2015-05-29','','','','',NULL,NULL,NULL,NULL,NULL,NULL,'2020-05-07 18:32:32.854617','2020-05-07 18:32:32.854633',NULL,NULL,NULL,NULL,NULL,2,10,132,NULL),(158,1,NULL,'Ernesto','Yunes','Perez','','TOCR010719MX5',NULL,NULL,'','','','',NULL,NULL,NULL,NULL,NULL,NULL,'2020-05-07 18:33:45.607084','2020-05-07 18:33:45.607101',NULL,NULL,NULL,NULL,NULL,NULL,6,NULL,NULL),(159,1,NULL,'Luis','Aguinaga','Esperol','','AGEL700530CR7',NULL,NULL,'','','','',NULL,NULL,NULL,NULL,NULL,NULL,'2020-05-07 18:37:00.404828','2020-05-07 18:37:00.404845',NULL,NULL,NULL,NULL,NULL,8,6,134,NULL),(160,1,NULL,'Jorge','Robles','Partida','','ROPJ701018DR3',NULL,NULL,'','','','',NULL,NULL,NULL,NULL,NULL,NULL,'2020-05-07 18:37:00.446701','2020-05-07 18:37:00.446718',NULL,NULL,NULL,NULL,NULL,9,6,133,NULL),(161,1,NULL,'Pedro','Mata','Lozano','','MALP710220AB3',NULL,NULL,'','','','',NULL,NULL,NULL,NULL,NULL,NULL,'2020-05-07 18:37:00.505044','2020-05-07 18:37:00.505061',NULL,NULL,NULL,NULL,NULL,10,6,135,NULL),(162,0,'INFONAVIT','','','','','INFO7205011ZA',NULL,NULL,'','','','',NULL,NULL,NULL,NULL,NULL,NULL,'2020-05-07 18:37:14.066689','2020-05-07 18:37:14.066706',NULL,NULL,NULL,NULL,NULL,11,10,NULL,NULL),(163,0,'INFONAVIT','','','','','INFO7205011ZA',NULL,NULL,'','','','',NULL,NULL,NULL,NULL,NULL,NULL,'2020-05-07 18:37:14.091699','2020-05-07 18:37:14.091717',NULL,NULL,NULL,NULL,NULL,12,10,NULL,NULL),(164,0,'Nissan Mexicana S.A. de C.V.','','','','','SE500967YT',NULL,NULL,'','','','',NULL,NULL,NULL,NULL,NULL,NULL,'2020-05-07 18:40:24.271260','2020-05-07 18:40:24.271277',NULL,NULL,NULL,NULL,NULL,11,10,NULL,NULL),(165,0,'Nissan Mexicana S.A. de C.V.','','','','','SE500967YT',NULL,NULL,'','','','',NULL,NULL,NULL,NULL,NULL,NULL,'2020-05-07 18:40:24.296314','2020-05-07 18:40:24.296331',NULL,NULL,NULL,NULL,NULL,12,10,NULL,NULL),(166,NULL,NULL,'','','','','',NULL,NULL,'','','','',NULL,NULL,NULL,NULL,NULL,NULL,'2020-05-07 18:56:40.186913','2020-05-07 18:56:40.186929',14,NULL,142,NULL,24,NULL,10,NULL,NULL),(167,1,NULL,'MARIO','LOPEZ','GOMEZ','','LOGM890823MY',NULL,NULL,'','','','',NULL,NULL,NULL,NULL,NULL,NULL,'2020-05-07 19:04:49.720718','2020-05-07 19:04:49.720734',14,NULL,142,NULL,24,NULL,10,139,NULL),(168,1,'','NICOLAS','BRAVO','RIVAS','','BRRN791224MNR5',NULL,NULL,'','','','',NULL,NULL,NULL,NULL,'SAGAM S.A DE C.V','SAG12345YT67','2020-05-07 19:07:06.545309','2020-05-07 19:07:06.545328',NULL,NULL,NULL,NULL,24,NULL,10,140,NULL),(169,1,NULL,'SOFIA','VERGARA','LARIOS','','PUB010101753',NULL,NULL,'','','','',NULL,NULL,NULL,NULL,NULL,NULL,'2020-05-07 19:12:22.870160','2020-05-07 19:12:22.870176',NULL,NULL,NULL,NULL,NULL,NULL,10,NULL,NULL),(170,NULL,NULL,'JONY','CARRILLO','LOMA','PORK010101HJCRSS89','PORK481016AN7','AN7',NULL,'','jonhy2930@gmail.com','3301020304','3360018978',NULL,NULL,NULL,NULL,NULL,NULL,'2020-05-07 22:04:16.758158','2020-05-07 22:04:16.758176',NULL,1,142,4,NULL,1,13,141,244),(171,NULL,NULL,'Ricardo','Aguilar','Santillan','RIAC010101HJCRSS78','RIAC010101578',NULL,'1987-09-26','','','','',NULL,NULL,NULL,'Desarrollador',NULL,NULL,'2020-05-07 22:16:27.450408','2020-05-07 22:16:27.450423',NULL,NULL,NULL,NULL,32,2,13,144,NULL),(172,NULL,NULL,'Santiago de Jesus','Carrillo','Carrillo','SAEJ010101HJCRSS78','SAEJ010101852',NULL,'2006-02-19','','','','',NULL,NULL,NULL,'Ayudante de fotografó',NULL,NULL,'2020-05-07 22:19:33.248125','2020-05-07 22:19:33.248140',NULL,NULL,NULL,NULL,32,2,13,145,NULL),(173,NULL,NULL,'Santiago de Jesus','Carrillo','Carrillo','SAEJ010101HJCRSS78','SAEJ010101852',NULL,'2006-02-19','','','','',NULL,NULL,NULL,'Ayudante de fotografó',NULL,NULL,'2020-05-07 22:30:02.281944','2020-05-07 22:30:02.281959',NULL,NULL,NULL,NULL,32,2,13,146,NULL),(174,NULL,NULL,'Santiago de Jesus','Carrillo','Carrillo','SAEJ010101HJCRSS78','SAEJ010101852',NULL,'2006-02-19','','','','',NULL,NULL,NULL,'Ayudante de fotografó',NULL,NULL,'2020-05-07 22:30:46.607867','2020-05-07 22:30:46.607883',NULL,NULL,NULL,NULL,32,2,13,147,NULL),(175,NULL,NULL,'Josefina Josefa','Morales','Toribio','CAOS010101MJCRSS11','GEER940421300',NULL,'1958-02-18','','','','',NULL,NULL,NULL,NULL,NULL,NULL,'2020-05-07 22:32:38.795657','2020-05-07 22:32:38.795673',NULL,NULL,NULL,NULL,NULL,2,13,148,NULL),(176,1,NULL,'Guadalupe','Gutierrez','Gonzales','','GUAD010101457',NULL,NULL,'','','','',NULL,NULL,NULL,NULL,NULL,NULL,'2020-05-07 22:40:17.434826','2020-05-07 22:40:17.434842',NULL,NULL,NULL,NULL,NULL,11,13,NULL,NULL),(177,1,NULL,'GUILLERMO','GOMEZ','GRANADA','','GAEG010101159',NULL,NULL,'','','','',NULL,NULL,NULL,NULL,NULL,NULL,'2020-05-07 22:40:17.451517','2020-05-07 22:40:17.451533',NULL,NULL,NULL,NULL,NULL,12,13,NULL,NULL),(178,0,'Jose Luis Lomeli','','','','','JOES010101236',NULL,NULL,'','','','',NULL,NULL,NULL,NULL,NULL,NULL,'2020-05-07 22:41:57.310025','2020-05-07 22:41:57.310042',NULL,NULL,NULL,NULL,NULL,11,13,NULL,NULL),(179,0,'Jesus Jimenez Juarez','','','','','JUES010101256',NULL,NULL,'','','','',NULL,NULL,NULL,NULL,NULL,NULL,'2020-05-07 22:41:57.335055','2020-05-07 22:41:57.335072',NULL,NULL,NULL,NULL,NULL,12,13,NULL,NULL),(180,0,'Ramiro Robles Rios','','','','','RIAM010101456',NULL,NULL,'','','','',NULL,NULL,NULL,NULL,NULL,NULL,'2020-05-07 22:43:46.964389','2020-05-07 22:44:07.291881',NULL,NULL,NULL,NULL,NULL,12,13,NULL,NULL),(181,0,'Rosa Rosales Ramirez','','','','','ROAR010101749',NULL,NULL,'','','','',NULL,NULL,NULL,NULL,NULL,NULL,'2020-05-07 22:43:46.989368','2020-05-07 22:44:07.308587',NULL,NULL,NULL,NULL,NULL,11,13,NULL,NULL),(182,0,'nayeli torres','','','','','GEER940421300',NULL,NULL,'','','','',NULL,NULL,NULL,NULL,NULL,NULL,'2020-05-07 22:45:25.926892','2020-05-07 22:45:25.926908',NULL,NULL,NULL,NULL,NULL,12,13,151,NULL),(183,0,'Teresa Torres Toribio','','','','','TEER010101489',NULL,NULL,'','','','',NULL,NULL,NULL,NULL,NULL,NULL,'2020-05-07 22:46:46.819495','2020-05-07 22:46:46.819512',NULL,NULL,NULL,NULL,NULL,NULL,13,152,NULL),(184,0,'Jonhy Juarez Lomeli','','','','','JOYN010101457',NULL,NULL,'','','','',NULL,NULL,NULL,NULL,NULL,NULL,'2020-05-07 22:51:54.877888','2020-05-07 22:51:54.877905',NULL,NULL,NULL,NULL,NULL,NULL,13,NULL,NULL),(185,NULL,NULL,'','','','','',NULL,NULL,'','','','',NULL,NULL,NULL,NULL,NULL,NULL,'2020-05-07 22:53:00.156584','2020-05-07 22:53:00.156601',14,NULL,142,NULL,32,NULL,13,NULL,NULL),(186,0,'Norma Alajandra Tobar Lopez','','','','','NOAR010101478',NULL,NULL,'','','','',NULL,NULL,NULL,NULL,NULL,NULL,'2020-05-07 22:55:20.640148','2020-05-07 22:55:20.640164',14,NULL,142,NULL,32,NULL,13,155,NULL),(187,0,'Klayware S.A de C.V.','','','','','PEAR010101023',NULL,NULL,'','','','',NULL,NULL,NULL,NULL,'Multisys','MUYS010101256','2020-05-07 22:56:06.764481','2020-05-07 22:56:06.764498',NULL,NULL,NULL,NULL,32,NULL,13,156,NULL),(188,0,'Rosa Rios Rosales','','','','','PEAR010101023',NULL,NULL,'','','','',NULL,NULL,NULL,NULL,NULL,NULL,'2020-05-07 22:57:41.232449','2020-05-07 22:57:41.232466',NULL,NULL,NULL,NULL,NULL,NULL,13,NULL,NULL),(189,0,'FIDEICOMISARIO S.A. DE C.V.','','','','','DEER010101MJC',NULL,NULL,'','','','',NULL,NULL,NULL,NULL,NULL,NULL,'2020-05-07 22:59:06.770555','2020-05-07 22:59:06.770572',NULL,NULL,NULL,NULL,NULL,8,13,158,NULL),(190,0,'FIDEICOMITENTE S.A DE C.V','','','','','DEER010101MJC',NULL,NULL,'','','','',NULL,NULL,NULL,NULL,NULL,NULL,'2020-05-07 22:59:06.787227','2020-05-07 22:59:06.787243',NULL,NULL,NULL,NULL,NULL,9,13,157,NULL),(191,1,NULL,'FIDECIARIO','FERNANDEZ','FLORES','','TEAC010101MJC',NULL,NULL,'','','','',NULL,NULL,NULL,NULL,NULL,NULL,'2020-05-07 22:59:06.803961','2020-05-07 22:59:06.803978',NULL,NULL,NULL,NULL,NULL,10,13,159,NULL),(192,NULL,NULL,'Santiado','Lujan','Toblero','GAER940419MJCRSS19','GEER940421300',NULL,'1986-07-15','','','','',NULL,NULL,NULL,NULL,NULL,NULL,'2020-05-12 00:45:52.347231','2020-05-12 00:46:06.380208',NULL,NULL,NULL,NULL,NULL,2,11,162,NULL),(193,NULL,NULL,'Ulises','Morales','Sepeda','FAER010101MJCRSS78','PEAR010101023',NULL,'2000-01-17','','','','',NULL,NULL,NULL,NULL,NULL,NULL,'2020-05-12 00:48:17.242085','2020-05-12 00:48:17.242100',NULL,NULL,NULL,NULL,NULL,2,11,163,NULL),(194,1,NULL,'','','','','',NULL,NULL,'','','','',NULL,NULL,NULL,NULL,NULL,NULL,'2020-05-12 02:46:49.090272','2020-05-12 03:21:07.431002',NULL,NULL,NULL,NULL,NULL,11,11,NULL,NULL),(195,1,NULL,'','','','','',NULL,NULL,'','','','',NULL,NULL,NULL,NULL,NULL,NULL,'2020-05-12 02:46:49.106911','2020-05-12 03:21:07.456047',NULL,NULL,NULL,NULL,NULL,12,11,NULL,NULL),(196,1,NULL,'','','','','',NULL,NULL,'','','','',NULL,NULL,NULL,NULL,NULL,NULL,'2020-05-12 03:22:02.280009','2020-05-12 03:22:02.280026',NULL,NULL,NULL,NULL,NULL,11,11,NULL,NULL),(197,1,NULL,'','','','','',NULL,NULL,'','','','',NULL,NULL,NULL,NULL,NULL,NULL,'2020-05-12 03:22:02.330162','2020-05-12 03:22:02.330179',NULL,NULL,NULL,NULL,NULL,12,11,NULL,NULL),(198,1,NULL,'','','','','',NULL,NULL,'','','','',NULL,NULL,NULL,NULL,NULL,NULL,'2020-05-12 03:22:57.855809','2020-05-12 03:22:57.855825',NULL,NULL,NULL,NULL,NULL,12,11,NULL,NULL),(199,1,NULL,'','','','','',NULL,NULL,'','','','',NULL,NULL,NULL,NULL,NULL,NULL,'2020-05-12 03:22:57.872525','2020-05-12 03:22:57.872541',NULL,NULL,NULL,NULL,NULL,11,11,NULL,NULL),(200,1,NULL,'','','','','',NULL,NULL,'','','','',NULL,NULL,NULL,NULL,NULL,NULL,'2020-05-12 03:23:45.003342','2020-05-12 03:24:51.404786',NULL,NULL,NULL,NULL,NULL,12,11,166,NULL),(201,0,'19.FIDEICOMISARIO S.A. DE C.V.','','','','','DEER010101MJC',NULL,NULL,'','','','',NULL,NULL,NULL,NULL,NULL,NULL,'2020-05-12 03:27:10.538838','2020-05-12 03:27:10.538855',NULL,NULL,NULL,NULL,NULL,8,11,168,NULL),(202,0,'FIDEICOMITENTE S.A DE C.V','','','','','DEER010101MJC',NULL,NULL,'','','','',NULL,NULL,NULL,NULL,NULL,NULL,'2020-05-12 03:27:10.555569','2020-05-12 03:27:10.555586',NULL,NULL,NULL,NULL,NULL,9,11,167,NULL),(203,0,'FIDUCIARIO S.A. DE C.V','','','','','TEAC010101MJC',NULL,NULL,'','','','',NULL,NULL,NULL,NULL,NULL,NULL,'2020-05-12 03:27:10.605698','2020-05-12 03:27:10.605714',NULL,NULL,NULL,NULL,NULL,10,11,169,NULL),(204,0,'99.PERSONA MORAL','','','','','CAEH010101MJC',NULL,NULL,'','','','',NULL,NULL,NULL,NULL,NULL,NULL,'2020-05-12 03:30:20.361878','2020-05-12 03:30:20.361896',NULL,NULL,NULL,NULL,NULL,NULL,11,170,NULL),(205,0,'Lorena  Gonzales','','','','','JOYN010101457',NULL,NULL,'','','','',NULL,NULL,NULL,NULL,NULL,NULL,'2020-05-12 03:31:09.167791','2020-05-12 03:31:09.167807',NULL,NULL,NULL,NULL,NULL,NULL,11,NULL,NULL),(206,NULL,NULL,'','','','','',NULL,NULL,'','','','',NULL,NULL,NULL,NULL,NULL,NULL,'2020-05-12 03:51:41.159325','2020-05-12 03:51:41.159342',14,NULL,142,NULL,21,NULL,11,NULL,NULL),(207,1,NULL,'Santiado','Morales','Toribio','','GEER940421300',NULL,NULL,'','','','',NULL,NULL,NULL,NULL,NULL,NULL,'2020-05-12 03:54:04.301764','2020-05-12 03:54:04.301780',14,NULL,142,NULL,24,NULL,11,173,NULL),(208,1,'','Norma Nayeli','Teldo','SEBASTIAN','','GEER940421300',NULL,NULL,'','','','',NULL,NULL,NULL,NULL,'Rosgal','MUYS010101256','2020-05-12 03:54:44.071822','2020-05-12 03:54:44.071854',NULL,NULL,NULL,NULL,21,NULL,11,174,NULL),(209,0,'rosgal SA de CV','','','','','GEER940421300',NULL,NULL,'','','','',NULL,NULL,NULL,NULL,NULL,NULL,'2020-05-12 03:55:19.281712','2020-05-12 03:55:19.281730',NULL,NULL,NULL,NULL,NULL,NULL,11,NULL,NULL),(210,NULL,NULL,'RICARDO RAUL','MONTES','SHARPED','NAAP121101HMCVFDA3','PEPK381016AN3','AN3',NULL,'','raul.jacinto@gmail.com','3319449859','3319449859',NULL,NULL,NULL,NULL,NULL,NULL,'2020-05-15 02:32:58.673953','2020-05-15 02:32:58.673970',NULL,1,142,2,NULL,1,14,175,294),(211,NULL,NULL,'petra','perez','MONTES','NAAP121101HMCVFDA3','REYJ841003',NULL,'1967-03-05','','','','',NULL,NULL,NULL,NULL,NULL,NULL,'2020-05-15 18:23:31.817095','2020-05-15 18:23:31.817110',NULL,NULL,NULL,NULL,NULL,2,14,183,NULL),(212,NULL,NULL,'manuchis','Jacinto','Jacinto','NAAP121101HMCVFDA3','REYJ841003RY5',NULL,'1994-04-08','','','','',NULL,NULL,NULL,'superjefe',NULL,NULL,'2020-05-15 18:25:58.508582','2020-05-15 18:25:58.508597',NULL,NULL,NULL,NULL,31,2,14,184,NULL),(213,1,NULL,'RICARDO RAUL','MONTES','jjjjjj','','JAMC781016AN6',NULL,NULL,'','','','',NULL,NULL,NULL,NULL,NULL,NULL,'2020-05-15 18:55:24.013511','2020-05-15 18:55:24.013528',NULL,NULL,NULL,NULL,NULL,11,14,NULL,NULL),(214,1,NULL,'RICARDO RAUL','MONTES','ssssss','','PPUP821203PO3',NULL,NULL,'','','','',NULL,NULL,NULL,NULL,NULL,NULL,'2020-05-15 18:55:24.038541','2020-05-15 18:55:24.038557',NULL,NULL,NULL,NULL,NULL,12,14,NULL,NULL),(215,1,NULL,'RICARDO RAUL','MONTES','assasa','','MION871010LO1',NULL,NULL,'','','','',NULL,NULL,NULL,NULL,NULL,NULL,'2020-05-15 18:57:26.347105','2020-05-15 19:14:01.131732',NULL,NULL,NULL,NULL,NULL,11,14,NULL,NULL),(216,1,NULL,'RICARDO RAUL','MONTES','ssssss','','PPUP821203PO3',NULL,NULL,'','','','',NULL,NULL,NULL,NULL,NULL,NULL,'2020-05-15 18:57:26.397143','2020-05-15 19:14:01.165617',NULL,NULL,NULL,NULL,NULL,12,14,NULL,NULL),(217,1,NULL,'Raul','Jacinto','ssssss','','PPUP821203PO3',NULL,NULL,'','','','',NULL,NULL,NULL,NULL,NULL,NULL,'2020-05-15 18:59:20.179865','2020-05-15 19:14:50.417661',NULL,NULL,NULL,NULL,NULL,12,14,NULL,NULL),(218,1,NULL,'RICARDO RAUL','MONTES','assasa','','MION871010LO1',NULL,NULL,'','','','',NULL,NULL,NULL,NULL,NULL,NULL,'2020-05-15 18:59:20.204915','2020-05-15 19:14:50.442805',NULL,NULL,NULL,NULL,NULL,11,14,NULL,NULL),(219,1,NULL,'RICARDO RAUL','MONTES','ssssss','','PPUP821203PO3',NULL,NULL,'','','','',NULL,NULL,NULL,NULL,NULL,NULL,'2020-05-15 19:03:51.524570','2020-05-15 19:03:51.524587',NULL,NULL,NULL,NULL,NULL,12,14,NULL,NULL),(220,1,NULL,'RICARDO RAUL','MONTES','jjjjjj','','MION871010LO1',NULL,NULL,'','','','',NULL,NULL,NULL,NULL,NULL,NULL,'2020-05-15 19:03:51.541230','2020-05-15 19:03:51.541246',NULL,NULL,NULL,NULL,NULL,11,14,NULL,NULL),(221,NULL,NULL,'Javier','Jacinro','Jirafales','PIRK781006HJCTRN08','PIRK781006AN7',NULL,'1960-01-02','','','','',NULL,NULL,NULL,'ManuaL',NULL,NULL,'2020-05-15 19:06:04.006337','2020-05-15 19:06:04.006358',NULL,NULL,NULL,NULL,NULL,2,3,187,NULL),(222,1,NULL,'Raul','Jacinto','jjjjjj','','MION871010LO1',NULL,NULL,'','','','',NULL,NULL,NULL,NULL,NULL,NULL,'2020-05-15 19:06:07.149660','2020-05-15 19:06:07.149676',NULL,NULL,NULL,NULL,NULL,11,14,NULL,NULL),(223,1,NULL,'RICARDO RAUL','MONTES','ssssss','','PPUP821203PO3',NULL,NULL,'','','','',NULL,NULL,NULL,NULL,NULL,NULL,'2020-05-15 19:06:07.174659','2020-05-15 19:06:07.174675',NULL,NULL,NULL,NULL,NULL,12,14,NULL,NULL),(224,1,NULL,'Raul','Jacinto','ssssss','','PPUP821203PO3',NULL,NULL,'','','','',NULL,NULL,NULL,NULL,NULL,NULL,'2020-05-15 19:06:32.812855','2020-05-15 19:06:32.812871',NULL,NULL,NULL,NULL,NULL,12,14,NULL,NULL),(225,1,NULL,'RICARDO RAUL','MONTES','assasa','','MION871010LO1',NULL,NULL,'','','','',NULL,NULL,NULL,NULL,NULL,NULL,'2020-05-15 19:06:32.829559','2020-05-15 19:06:32.829575',NULL,NULL,NULL,NULL,NULL,11,14,NULL,NULL),(226,NULL,NULL,'Javier','Jacinro','Jirafales','PIRK781006HJCTRN08','PIRK781006AN7',NULL,'1960-01-02','','','','',NULL,NULL,NULL,'ManuaL',NULL,NULL,'2020-05-15 19:06:52.699205','2020-05-15 19:06:52.699221',NULL,NULL,NULL,NULL,21,2,3,189,NULL),(227,1,NULL,'Raul','Jacinto','bastante','','REYJ841003',NULL,NULL,'','','','',NULL,NULL,NULL,NULL,NULL,NULL,'2020-05-15 19:08:38.989241','2020-05-15 19:08:38.989257',NULL,NULL,NULL,NULL,NULL,12,14,190,NULL),(228,1,NULL,'Raul','Jacinto','aaaaaaa','','MION761009PO1',NULL,NULL,'','','','',NULL,NULL,NULL,NULL,NULL,NULL,'2020-05-15 19:20:46.522467','2020-05-15 19:20:46.522483',NULL,NULL,NULL,NULL,NULL,NULL,14,191,NULL),(229,1,NULL,'RICARDO RAUL','MONTES','dsadsadsadsa','','POLO781201AP0',NULL,NULL,'','','','',NULL,NULL,NULL,NULL,NULL,NULL,'2020-05-15 19:22:26.848524','2020-05-15 19:22:26.848540',NULL,NULL,NULL,NULL,NULL,NULL,14,NULL,NULL),(230,NULL,NULL,'','','','','',NULL,NULL,'','','','',NULL,NULL,NULL,NULL,NULL,NULL,'2020-05-15 19:25:45.573234','2020-05-15 19:25:45.573252',14,NULL,142,NULL,34,NULL,14,NULL,NULL),(231,1,NULL,'Raul','Jacinto','MONTES','','REYJ841003RY5',NULL,NULL,'','','','',NULL,NULL,NULL,NULL,NULL,NULL,'2020-05-15 19:28:49.964953','2020-05-15 19:28:49.964969',14,NULL,142,NULL,31,NULL,14,194,NULL),(232,1,'','RICARDO RAUL','MONTES','SHARPED','','NAAP121101HMC',NULL,NULL,'','','','',NULL,NULL,NULL,NULL,'kkita sa de cv',NULL,'2020-05-15 19:30:04.941361','2020-05-15 19:30:04.941396',NULL,NULL,NULL,NULL,28,NULL,14,195,NULL),(233,1,NULL,'mariana','cuerera','bastante','','NAAP121101HMC',NULL,NULL,'','','','',NULL,NULL,NULL,NULL,NULL,NULL,'2020-05-15 19:30:51.330290','2020-05-15 19:30:51.330307',NULL,NULL,NULL,NULL,NULL,NULL,14,NULL,NULL),(234,1,NULL,'Raul','Jacinto','aaaaa','','POLO781203PO1',NULL,NULL,'','','','',NULL,NULL,NULL,NULL,NULL,NULL,'2020-05-15 19:36:19.791274','2020-05-15 19:36:19.791290',NULL,NULL,NULL,NULL,NULL,8,14,197,NULL),(235,1,NULL,'RICARDO RAUL','MONTES','aaaaaaa','','REYY780912PO1',NULL,NULL,'','','','',NULL,NULL,NULL,NULL,NULL,NULL,'2020-05-15 19:36:19.816279','2020-05-15 19:36:19.816295',NULL,NULL,NULL,NULL,NULL,9,14,196,NULL),(236,1,NULL,'RICARDO RAUL','MONTES','aaaaa','','POLO781203PO1',NULL,NULL,'','','','',NULL,NULL,NULL,NULL,NULL,NULL,'2020-05-15 19:36:19.841344','2020-05-15 19:36:19.841363',NULL,NULL,NULL,NULL,NULL,10,14,198,NULL),(237,NULL,NULL,'PITER','PEREZ','ROJAS','PIRK781006MJCTRN08','PIRK781006AN7','AN7',NULL,'','piter@pit.com','22330044','2200333300',NULL,NULL,NULL,NULL,NULL,NULL,'2020-05-15 19:38:26.641843','2020-05-15 19:38:26.641860',NULL,1,142,2,NULL,1,15,199,328),(238,NULL,NULL,'RICARDO RAUL','MONTES','SHARPED','NAAP121101HMCVFDA3','PEPK381016AN3','AN3',NULL,'','raul.jacinto@gmail.com','3319449859','',NULL,NULL,NULL,NULL,NULL,NULL,'2020-05-15 19:45:39.049448','2020-05-15 19:45:39.049466',NULL,1,142,2,NULL,1,16,201,334),(239,NULL,NULL,'Maria','Sanchez','Parra','PIRK781006MJCTRN09','PIRK781006AN7',NULL,'1981-02-01','','','','',NULL,NULL,NULL,NULL,NULL,NULL,'2020-05-15 19:52:08.211152','2020-05-15 19:52:08.211168',NULL,NULL,NULL,NULL,NULL,2,15,204,NULL),(240,NULL,NULL,'John','Lennon','Beatle','TOLG101020HJCTRN08','TOLG101020DSA',NULL,'1946-02-03','','','','',NULL,NULL,NULL,'ManuaL',NULL,NULL,'2020-05-15 19:54:42.957927','2020-05-15 19:54:42.957942',NULL,NULL,NULL,NULL,27,2,15,205,NULL),(241,1,NULL,'Salma','Salasar','Salinas','','PIRK781006AN7',NULL,NULL,'','','','',NULL,NULL,NULL,NULL,NULL,NULL,'2020-05-15 19:59:35.664408','2020-05-15 19:59:35.664440',NULL,NULL,NULL,NULL,NULL,11,15,NULL,NULL),(242,1,NULL,'Norma','Nances','Naguini','','PIRK781006AN7',NULL,NULL,'','','','',NULL,NULL,NULL,NULL,NULL,NULL,'2020-05-15 19:59:35.764610','2020-05-15 19:59:35.764626',NULL,NULL,NULL,NULL,NULL,12,15,NULL,NULL),(243,1,NULL,'KAterina','Kart','Knorchtekt','','PIRK781006AN7',NULL,NULL,'','','','',NULL,NULL,NULL,NULL,NULL,NULL,'2020-05-15 20:01:28.345886','2020-05-15 20:01:28.345903',NULL,NULL,NULL,NULL,NULL,11,15,NULL,NULL),(244,1,NULL,'Dominic','Toreto','Rambo','','PIRK781006AN7',NULL,NULL,'','','','',NULL,NULL,NULL,NULL,NULL,NULL,'2020-05-15 20:01:28.370940','2020-05-15 20:01:28.370956',NULL,NULL,NULL,NULL,NULL,12,15,NULL,NULL),(245,0,'SADSAD da lope','','','','','PIRK781006AN7',NULL,NULL,'','','','',NULL,NULL,NULL,NULL,NULL,NULL,'2020-05-15 20:02:37.751640','2020-05-15 20:02:37.751657',NULL,NULL,NULL,NULL,NULL,12,15,NULL,NULL),(246,1,NULL,'Jacinto','Jaimito','Ramón','','PIRK781006AN7',NULL,NULL,'','','','',NULL,NULL,NULL,NULL,NULL,NULL,'2020-05-15 20:02:37.776724','2020-05-15 20:02:37.776742',NULL,NULL,NULL,NULL,NULL,11,15,NULL,NULL),(247,1,NULL,'Alejandro','Fernandez','Sandoval','','PIRK781006AN7',NULL,NULL,'','','','',NULL,NULL,NULL,NULL,NULL,NULL,'2020-05-15 20:03:44.480629','2020-05-15 20:03:44.480646',NULL,NULL,NULL,NULL,NULL,12,15,209,NULL),(248,1,NULL,'Claudio','Del Gallo','Pardo','','PIRK781006AN7',NULL,NULL,'','','','',NULL,NULL,NULL,NULL,NULL,NULL,'2020-05-15 20:04:47.325633','2020-05-15 20:04:47.325650',NULL,NULL,NULL,NULL,NULL,NULL,15,210,NULL),(249,NULL,NULL,'chucha','ruiz','perez','NAAP121101HMCVFDA3','REYJ841003RY5',NULL,'1972-06-10','','','','',NULL,NULL,NULL,'superjefe',NULL,NULL,'2020-05-15 20:05:02.119074','2020-05-15 20:05:02.119090',NULL,NULL,NULL,NULL,28,2,16,211,NULL),(250,NULL,NULL,'RICARDO RAUL','MONTES','MONTES','NAAP121101HMCVFDA4','REYJ841003',NULL,'1943-11-04','','','','',NULL,NULL,NULL,NULL,NULL,NULL,'2020-05-15 20:06:00.301242','2020-05-15 20:06:00.301257',NULL,NULL,NULL,NULL,NULL,2,16,212,NULL),(251,1,NULL,'Maria','Concepción','Felgado','','PIRK781006AN7',NULL,NULL,'','','','',NULL,NULL,NULL,NULL,NULL,NULL,'2020-05-15 20:06:52.081787','2020-05-15 20:06:52.081804',NULL,NULL,NULL,NULL,NULL,NULL,15,NULL,NULL),(252,NULL,NULL,'','','','','',NULL,NULL,'','','','',NULL,NULL,NULL,NULL,NULL,NULL,'2020-05-15 20:08:19.538912','2020-05-15 20:08:19.538929',14,NULL,142,NULL,21,NULL,15,NULL,NULL),(253,1,NULL,'Rulo','Elote','Salsa','','PIRK781006AN7',NULL,NULL,'','','','',NULL,NULL,NULL,NULL,NULL,NULL,'2020-05-15 20:10:40.773011','2020-05-15 20:10:40.773027',14,NULL,142,NULL,25,NULL,15,215,NULL),(254,1,'','Carlos','Villa','Real','','PIRK781006AN7',NULL,NULL,'','','','',NULL,NULL,NULL,NULL,'Limpia max','PIRK781006AN7','2020-05-15 20:11:47.577489','2020-05-15 20:11:47.577505',NULL,NULL,NULL,NULL,21,NULL,15,216,NULL),(255,1,NULL,'Samuel','Salvage','Sintror','','PIRK781006AN7',NULL,NULL,'','','','',NULL,NULL,NULL,NULL,NULL,NULL,'2020-05-15 20:12:46.873726','2020-05-15 20:12:46.873743',NULL,NULL,NULL,NULL,NULL,NULL,15,NULL,NULL),(256,1,NULL,'Korito','Karito','Kerito','','PIRK781006AN7',NULL,NULL,'','','','',NULL,NULL,NULL,NULL,NULL,NULL,'2020-05-15 20:14:02.875522','2020-05-15 20:14:02.875539',NULL,NULL,NULL,NULL,NULL,8,15,218,NULL),(257,1,NULL,'KEnvin farias','Dias','Ojeda','','PIRK781006AN7',NULL,NULL,'','','','',NULL,NULL,NULL,NULL,NULL,NULL,'2020-05-15 20:14:02.908878','2020-05-15 20:14:02.908895',NULL,NULL,NULL,NULL,NULL,9,15,217,NULL),(258,1,NULL,'PAtricio','Estrella','PAntalones','','PIRK781006AN7',NULL,NULL,'','','','',NULL,NULL,NULL,NULL,NULL,NULL,'2020-05-15 20:14:02.942298','2020-05-15 20:14:02.942314',NULL,NULL,NULL,NULL,NULL,10,15,219,NULL),(259,NULL,NULL,'PITER','PEREZ','ROJAS','PIRK781006MJCTRN08','PIRK781006AN7','AN7',NULL,'','pechuga@gmail.com','33226999','9223312231',NULL,NULL,NULL,NULL,NULL,NULL,'2020-05-15 20:23:17.633006','2020-05-15 20:23:17.633023',NULL,4,142,3,NULL,1,17,220,362),(260,NULL,NULL,'Kepti','Port','Saper','PIRK781006HJCTRN09','PIRK781006AN7',NULL,'1958-01-01','','','','',NULL,NULL,NULL,NULL,NULL,NULL,'2020-05-15 20:28:08.413383','2020-05-15 20:28:08.413412',NULL,NULL,NULL,NULL,NULL,2,17,223,NULL),(261,NULL,NULL,'Kepi','Karson','Remi','TOLG101020HJCTRN08','TOLG101020DSA',NULL,'1993-03-01','','','','',NULL,NULL,NULL,'ManuaL',NULL,NULL,'2020-05-15 20:29:26.329541','2020-05-15 20:29:26.329556',NULL,NULL,NULL,NULL,24,2,17,224,NULL),(262,1,NULL,'Kestro','Kalisto','Garen','','PIRK781006AN7',NULL,NULL,'','','','',NULL,NULL,NULL,NULL,NULL,NULL,'2020-05-15 20:37:09.752441','2020-05-15 20:37:09.752458',NULL,NULL,NULL,NULL,NULL,11,17,NULL,NULL),(263,1,NULL,'Katarina','Darius','Lux','','PIRK781006AN7',NULL,NULL,'','','','',NULL,NULL,NULL,NULL,NULL,NULL,'2020-05-15 20:37:09.777445','2020-05-15 20:37:09.777462',NULL,NULL,NULL,NULL,NULL,12,17,NULL,NULL),(264,1,NULL,'Blitz','Crank','Somalia','','PIRK781006AN7',NULL,NULL,'','','','',NULL,NULL,NULL,NULL,NULL,NULL,'2020-05-15 20:38:42.270087','2020-05-15 20:38:42.270104',NULL,NULL,NULL,NULL,NULL,11,17,NULL,NULL),(265,1,NULL,'Se avecina','A la vuelta','De la esquina','','PIRK781006AN7',NULL,NULL,'','','','',NULL,NULL,NULL,NULL,NULL,NULL,'2020-05-15 20:38:42.286780','2020-05-15 20:38:42.286797',NULL,NULL,NULL,NULL,NULL,12,17,NULL,NULL),(266,1,NULL,'Cant touch','This','Till','','PIRK781006AN7',NULL,NULL,'','','','',NULL,NULL,NULL,NULL,NULL,NULL,'2020-05-15 20:39:56.552248','2020-05-15 20:39:56.552264',NULL,NULL,NULL,NULL,NULL,12,17,NULL,NULL),(267,1,NULL,'Every Little','Thing','That you','','PIRK781006AN7',NULL,NULL,'','','','',NULL,NULL,NULL,NULL,NULL,NULL,'2020-05-15 20:39:56.568973','2020-05-15 20:39:56.568990',NULL,NULL,NULL,NULL,NULL,11,17,NULL,NULL),(268,1,NULL,'Diego con','Ritmo','Ragatanga','','PIRK781006AN7',NULL,NULL,'','','','',NULL,NULL,NULL,NULL,NULL,NULL,'2020-05-15 20:41:18.721749','2020-05-15 20:41:18.721765',NULL,NULL,NULL,NULL,NULL,12,17,227,NULL),(269,1,NULL,'Lady','Gaga','Madona','','PIRK781006AN7',NULL,NULL,'','','','',NULL,NULL,NULL,NULL,NULL,NULL,'2020-05-15 20:42:11.970222','2020-05-15 20:42:11.970240',NULL,NULL,NULL,NULL,NULL,NULL,17,228,NULL),(270,1,NULL,'James','Douglas','Morrison','','PIRK781006AN7',NULL,NULL,'','','','',NULL,NULL,NULL,NULL,NULL,NULL,'2020-05-15 20:43:39.441132','2020-05-15 20:43:39.441149',NULL,NULL,NULL,NULL,NULL,NULL,17,NULL,NULL),(271,NULL,NULL,'','','','','',NULL,NULL,'','','','',NULL,NULL,NULL,NULL,NULL,NULL,'2020-05-15 20:44:19.001430','2020-05-15 20:44:19.001446',14,NULL,142,NULL,21,NULL,17,NULL,NULL),(272,1,NULL,'RICARDO RAUL','MONTES','jjjjjj','','MION871010LO1',NULL,NULL,'','','','',NULL,NULL,NULL,NULL,NULL,NULL,'2020-05-15 20:46:00.264995','2020-05-15 20:46:00.265014',NULL,NULL,NULL,NULL,NULL,11,16,NULL,NULL),(273,1,NULL,'RICARDO RAUL','MONTES','ssssss','','PPUP821203PO3',NULL,NULL,'','','','',NULL,NULL,NULL,NULL,NULL,NULL,'2020-05-15 20:46:00.289976','2020-05-15 20:46:00.289994',NULL,NULL,NULL,NULL,NULL,12,16,NULL,NULL),(274,1,NULL,'Till','Lindeman','Rammstein','','PIRK781006AN7',NULL,NULL,'','','','',NULL,NULL,NULL,NULL,NULL,NULL,'2020-05-15 20:47:00.612636','2020-05-15 20:47:00.612652',14,NULL,142,NULL,21,NULL,17,232,NULL),(275,1,NULL,'Raul','Jacinto','jjjjjj','','POLO890712HY7',NULL,NULL,'','','','',NULL,NULL,NULL,NULL,NULL,NULL,'2020-05-15 20:47:27.532325','2020-05-15 20:47:27.532345',NULL,NULL,NULL,NULL,NULL,11,16,NULL,NULL),(276,1,NULL,'Raul','Jacinto','ssssss','','PPUP821203PO3',NULL,NULL,'','','','',NULL,NULL,NULL,NULL,NULL,NULL,'2020-05-15 20:47:27.560632','2020-05-15 20:47:27.560652',NULL,NULL,NULL,NULL,NULL,12,16,NULL,NULL),(277,1,'','Diego','Delgado','Delgadillo','','PIRK781006AN7',NULL,NULL,'','','','',NULL,NULL,NULL,NULL,'Limpia max','PIRK781006AN7','2020-05-15 20:47:42.427886','2020-05-15 20:47:42.427902',NULL,NULL,NULL,NULL,24,NULL,17,234,NULL),(278,1,NULL,'Sonia','Gonzalez','Partida','','TOLG101020DSA',NULL,NULL,'','','','',NULL,NULL,NULL,NULL,NULL,NULL,'2020-05-15 20:48:14.719838','2020-05-15 20:48:14.719856',NULL,NULL,NULL,NULL,NULL,NULL,17,NULL,NULL),(279,1,NULL,'Black Banana','Sweet','Luiciana','','PIRK781006AN7',NULL,NULL,'','','','',NULL,NULL,NULL,NULL,NULL,NULL,'2020-05-15 20:49:32.571339','2020-05-15 20:49:32.571361',NULL,NULL,NULL,NULL,NULL,8,17,236,NULL),(280,1,NULL,'Dani','California','Legolas','','PIRK781006AN7',NULL,NULL,'','','','',NULL,NULL,NULL,NULL,NULL,NULL,'2020-05-15 20:49:32.587996','2020-05-15 20:49:32.588014',NULL,NULL,NULL,NULL,NULL,9,17,235,NULL),(281,1,NULL,'Alabama','Song','Pepper','','PIRK781006AN7',NULL,NULL,'','','','',NULL,NULL,NULL,NULL,NULL,NULL,'2020-05-15 20:49:32.621456','2020-05-15 20:49:32.621474',NULL,NULL,NULL,NULL,NULL,10,17,237,NULL),(282,1,NULL,'RICARDO RAUL','MONTES','ssssss','','PPUP821203PO3',NULL,NULL,'','','','',NULL,NULL,NULL,NULL,NULL,NULL,'2020-05-15 20:49:42.698681','2020-05-15 20:49:42.698697',NULL,NULL,NULL,NULL,NULL,12,16,NULL,NULL),(283,1,NULL,'RICARDO RAUL','MONTES','assasa','','MION871010LO1',NULL,NULL,'','','','',NULL,NULL,NULL,NULL,NULL,NULL,'2020-05-15 20:49:42.724322','2020-05-15 20:49:42.724338',NULL,NULL,NULL,NULL,NULL,11,16,NULL,NULL),(284,1,NULL,'RICARDO RAUL','MONTES','bastante','','PEPK381016',NULL,NULL,'','','','',NULL,NULL,NULL,NULL,NULL,NULL,'2020-05-15 20:52:54.953226','2020-05-15 20:52:54.953242',NULL,NULL,NULL,NULL,NULL,12,16,238,NULL),(285,1,NULL,'RICARDO RAUL','MONTES','aaaaaaa','','POLI781012ANI',NULL,NULL,'','','','',NULL,NULL,NULL,NULL,NULL,NULL,'2020-05-15 20:54:22.899334','2020-05-15 20:54:22.899355',NULL,NULL,NULL,NULL,NULL,NULL,16,239,NULL),(286,1,NULL,'RICARDO RAUL','MONTES','dsadsadsadsa','','MION980702LO8',NULL,NULL,'','','','',NULL,NULL,NULL,NULL,NULL,NULL,'2020-05-15 21:03:10.159309','2020-05-15 21:03:10.159326',NULL,NULL,NULL,NULL,NULL,NULL,16,NULL,NULL),(287,NULL,NULL,'','','','','',NULL,NULL,'','','','',NULL,NULL,NULL,NULL,NULL,NULL,'2020-05-15 21:03:43.992735','2020-05-15 21:03:43.992764',14,NULL,142,NULL,27,NULL,16,NULL,NULL),(288,1,NULL,'RICARDO RAUL','MONTES','MONTES','','REYJ841003',NULL,NULL,'','','','',NULL,NULL,NULL,NULL,NULL,NULL,'2020-05-15 21:05:44.251489','2020-05-15 21:05:44.251506',14,NULL,142,NULL,27,NULL,16,242,NULL),(289,1,'','petra','contes','bastante','','NAAP121101HMC',NULL,NULL,'','','','',NULL,NULL,NULL,NULL,'adsasd dasaadds','PARK981010LI9','2020-05-15 21:06:52.459632','2020-05-15 21:06:52.459648',NULL,NULL,NULL,NULL,28,NULL,16,243,NULL),(290,1,NULL,'mariana','cuerera','bastante','','REYJ841003',NULL,NULL,'','','','',NULL,NULL,NULL,NULL,NULL,NULL,'2020-05-15 21:07:37.858029','2020-05-15 21:07:37.858045',NULL,NULL,NULL,NULL,NULL,NULL,16,NULL,NULL),(291,1,NULL,'RICARDO RAUL','MONTES','aaaaa','','POLO781203PO1',NULL,NULL,'','','','',NULL,NULL,NULL,NULL,NULL,NULL,'2020-05-15 21:08:19.578153','2020-05-15 21:08:19.578169',NULL,NULL,NULL,NULL,NULL,8,16,245,NULL),(292,1,NULL,'RICARDO RAUL','MONTES','aaaaaaa','','REYY780912PO1',NULL,NULL,'','','','',NULL,NULL,NULL,NULL,NULL,NULL,'2020-05-15 21:08:19.594865','2020-05-15 21:08:19.594881',NULL,NULL,NULL,NULL,NULL,9,16,244,NULL),(293,1,NULL,'RICARDO RAUL','MONTES','aaaaa','','POLO781203PO1',NULL,NULL,'','','','',NULL,NULL,NULL,NULL,NULL,NULL,'2020-05-15 21:08:19.611575','2020-05-15 21:08:19.611592',NULL,NULL,NULL,NULL,NULL,10,16,246,NULL),(294,NULL,NULL,'RICARDO RAUL','MONTES','AFILADAS','NAAP121101HMCVFDA3','PURK881006AN7','AN7',NULL,'','raul.jacinto@gmail.com','3319449859','3319449859',NULL,NULL,NULL,NULL,NULL,NULL,'2020-05-15 22:29:39.760549','2020-05-15 22:45:58.672986',NULL,1,142,3,NULL,1,18,247,401),(295,NULL,NULL,'RICARDO RAUL','MONTES','LOMA','PORK010101HJCRSS89','PORK481016AN7','AN7',NULL,'','raul.cucea@gmail.com','3319449859','3336411625',NULL,NULL,NULL,NULL,NULL,NULL,'2020-05-15 23:03:12.001781','2020-05-16 02:24:15.035123',NULL,3,142,NULL,NULL,1,19,248,407),(296,NULL,NULL,'CHUCHA','CUERARE','BASTANTE','NAAP121101HMCVFDA4','REYJ841003RY5',NULL,'1967-07-03','','','','',NULL,NULL,NULL,NULL,NULL,NULL,'2020-05-16 02:32:48.041167','2020-05-16 02:32:48.041183',NULL,NULL,NULL,NULL,NULL,2,19,251,NULL),(297,NULL,NULL,'RICARDO RAUL','MONTES','MONTES','NAAP121101HMCVFDA4','NAAP121101HMC',NULL,'2000-02-03','','','','',NULL,NULL,NULL,NULL,NULL,NULL,'2020-05-16 02:33:31.276966','2020-05-16 02:33:31.276981',NULL,NULL,NULL,NULL,NULL,2,19,252,NULL),(298,1,NULL,'CHUCHA','CUERERA','jjjjjj','','MION871010LO1',NULL,NULL,'','','','',NULL,NULL,NULL,NULL,NULL,NULL,'2020-05-16 02:38:49.509449','2020-05-16 02:38:49.509465',NULL,NULL,NULL,NULL,NULL,11,19,NULL,NULL),(299,1,NULL,'PETRA','CONTES','SSSS','','PPUP821203PO3',NULL,NULL,'','','','',NULL,NULL,NULL,NULL,NULL,NULL,'2020-05-16 02:38:49.534519','2020-05-16 02:38:49.534535',NULL,NULL,NULL,NULL,NULL,12,19,NULL,NULL),(300,1,NULL,'PETRONILA','PETRUS','pEREZ','','MION871010LO1',NULL,NULL,'','','','',NULL,NULL,NULL,NULL,NULL,NULL,'2020-05-16 02:40:46.049205','2020-05-16 02:40:46.049222',NULL,NULL,NULL,NULL,NULL,11,19,NULL,NULL),(301,1,NULL,'chon','CHAVEZ','PEREZ','','PUPP891020WE3',NULL,NULL,'','','','',NULL,NULL,NULL,NULL,NULL,NULL,'2020-05-16 02:40:46.074275','2020-05-16 02:40:46.074292',NULL,NULL,NULL,NULL,NULL,12,19,NULL,NULL),(302,1,NULL,'Raul','Jacinto','ssssss','','PUPP821203PO7',NULL,NULL,'','','','',NULL,NULL,NULL,NULL,NULL,NULL,'2020-05-16 02:42:26.774842','2020-05-16 02:42:26.774859',NULL,NULL,NULL,NULL,NULL,12,19,NULL,NULL),(303,1,NULL,'Raul','PEREZ','PEREZ','','POLP890712HY9',NULL,NULL,'','','','',NULL,NULL,NULL,NULL,NULL,NULL,'2020-05-16 02:42:26.791540','2020-05-16 02:42:26.791556',NULL,NULL,NULL,NULL,NULL,11,19,NULL,NULL),(304,0,'cccc','','','','','REYJ841003RY5',NULL,NULL,'','','','',NULL,NULL,NULL,NULL,NULL,NULL,'2020-05-16 02:43:49.244378','2020-05-16 02:43:49.244395',NULL,NULL,NULL,NULL,NULL,12,19,255,NULL),(305,1,NULL,'AMILCAR','CASTELLANOS','PALMA','','MILN890707PO1',NULL,NULL,'','','','',NULL,NULL,NULL,NULL,NULL,NULL,'2020-05-16 02:48:49.741630','2020-05-16 02:48:49.741647',NULL,NULL,NULL,NULL,NULL,NULL,19,256,NULL),(306,1,NULL,'RICARDO RAUL','MONTES','dsadsadsadsa','','MION980702LO8',NULL,NULL,'','','','',NULL,NULL,NULL,NULL,NULL,NULL,'2020-05-16 02:49:43.006936','2020-05-16 02:49:43.006953',NULL,NULL,NULL,NULL,NULL,NULL,19,NULL,NULL),(307,NULL,NULL,'','','','','',NULL,NULL,'','','','',NULL,NULL,NULL,NULL,NULL,NULL,'2020-05-16 02:50:24.276740','2020-05-16 02:50:24.276757',14,NULL,142,NULL,28,NULL,19,NULL,NULL),(308,1,NULL,'chuuha','lopez','SHARPED','','PEPK381016',NULL,NULL,'','','','',NULL,NULL,NULL,NULL,NULL,NULL,'2020-05-16 02:52:58.799418','2020-05-16 02:52:58.799434',14,NULL,142,NULL,34,NULL,19,259,NULL),(309,1,'','Raul','Jacinto','PEREZ','','NAAP121101HMC',NULL,NULL,'','','','',NULL,NULL,NULL,NULL,'adsasd dasaadds','PARK981010LI9','2020-05-16 02:53:33.752590','2020-05-16 02:53:33.752607',NULL,NULL,NULL,NULL,28,NULL,19,260,NULL),(310,1,NULL,'petra','JACINTO','SHARPED','','REYJ841003RY5',NULL,NULL,'','','','',NULL,NULL,NULL,NULL,NULL,NULL,'2020-05-16 02:54:12.046332','2020-05-16 02:54:12.046349',NULL,NULL,NULL,NULL,NULL,NULL,19,NULL,NULL),(311,1,NULL,'RICARDO RAUL','MONTES','aaaaa','','POLO781203PO1',NULL,NULL,'','','','',NULL,NULL,NULL,NULL,NULL,NULL,'2020-05-16 02:55:27.956435','2020-05-16 02:55:27.956451',NULL,NULL,NULL,NULL,NULL,8,19,262,NULL),(312,1,NULL,'RICARDO RAUL','MONTES','aaaaaaa','','REYY780912PO1',NULL,NULL,'','','','',NULL,NULL,NULL,NULL,NULL,NULL,'2020-05-16 02:55:27.981475','2020-05-16 02:55:27.981492',NULL,NULL,NULL,NULL,NULL,9,19,261,NULL),(313,1,NULL,'LOPPPA','MOLOLOA','LALALAO','','POPP821203PO1',NULL,NULL,'','','','',NULL,NULL,NULL,NULL,NULL,NULL,'2020-05-16 02:55:28.006519','2020-05-16 02:55:28.006535',NULL,NULL,NULL,NULL,NULL,10,19,263,NULL),(314,NULL,NULL,'RICARDO RAUL','MONTES','LOMA','PORK010101HJCRSS89','PORK481016AN7','AN7',NULL,'','raul.jacinto@gmail.com','3319449859','3319449859',NULL,NULL,NULL,NULL,NULL,NULL,'2020-05-16 02:56:24.561551','2020-05-16 02:56:24.561568',NULL,NULL,142,NULL,NULL,1,20,264,432),(315,NULL,NULL,'PEDRO','PITER','PIEDRA','NAAP121101HMCVFDA4','REYJ841003',NULL,'1992-10-08','','','','',NULL,NULL,NULL,'superjefe',NULL,NULL,'2020-05-16 03:01:36.510058','2020-05-16 03:01:36.510074',NULL,NULL,NULL,NULL,31,2,20,267,NULL),(316,NULL,NULL,'JOSE','MONTES','PEREZ','NAAP121101HMCVFDA4','NAAP121101HMC',NULL,'1990-08-16','','','','',NULL,NULL,NULL,NULL,NULL,NULL,'2020-05-16 03:03:12.383221','2020-05-16 03:03:12.383237',NULL,NULL,NULL,NULL,NULL,2,20,268,NULL),(317,1,NULL,'CHON','CHON','CHON','','POLO890712HY7',NULL,NULL,'','','','',NULL,NULL,NULL,NULL,NULL,NULL,'2020-05-16 03:10:00.404733','2020-05-16 03:10:00.404750',NULL,NULL,NULL,NULL,NULL,11,20,NULL,NULL),(318,1,NULL,'RICARDO RAUL','MONTES','PEREX','','PPUP821203PO3',NULL,NULL,'','','','',NULL,NULL,NULL,NULL,NULL,NULL,'2020-05-16 03:10:00.429691','2020-05-16 03:10:00.429707',NULL,NULL,NULL,NULL,NULL,12,20,NULL,NULL),(319,1,NULL,'Raul','Jacinto','AAS','','MION871010LO1',NULL,NULL,'','','','',NULL,NULL,NULL,NULL,NULL,NULL,'2020-05-16 03:12:05.849156','2020-05-16 03:12:05.849173',NULL,NULL,NULL,NULL,NULL,11,20,NULL,NULL),(320,1,NULL,'CHON','CHON','CHON','','PRUP821203PO9',NULL,NULL,'','','','',NULL,NULL,NULL,NULL,NULL,NULL,'2020-05-16 03:12:05.874203','2020-05-16 03:12:05.874220',NULL,NULL,NULL,NULL,NULL,12,20,NULL,NULL),(321,1,NULL,'Raul','POLOPP','POLOP','','PPUP821203PO3',NULL,NULL,'','','','',NULL,NULL,NULL,NULL,NULL,NULL,'2020-05-16 03:13:27.300708','2020-05-16 03:13:27.300725',NULL,NULL,NULL,NULL,NULL,12,20,NULL,NULL),(322,1,NULL,'Raul','LOPEZ','LOPEZ','','POLO890712HY7',NULL,NULL,'','','','',NULL,NULL,NULL,NULL,NULL,NULL,'2020-05-16 03:13:27.317435','2020-05-16 03:13:27.317452',NULL,NULL,NULL,NULL,NULL,11,20,NULL,NULL),(323,1,NULL,'PEDRO','PEDRO','PEDRO','','PEPK381016',NULL,NULL,'','','','',NULL,NULL,NULL,NULL,NULL,NULL,'2020-05-16 03:14:38.299339','2020-05-16 03:14:38.299359',NULL,NULL,NULL,NULL,NULL,12,20,271,NULL),(324,1,NULL,'RICARDO RAUL','MONTES','aaaaaaa','','POLP981001PO1',NULL,NULL,'','','','',NULL,NULL,NULL,NULL,NULL,NULL,'2020-05-16 03:16:11.288727','2020-05-16 03:16:11.288759',NULL,NULL,NULL,NULL,NULL,NULL,20,272,NULL),(325,1,NULL,'Raul','Jacinto','dsadsadsadsa','','MION980702LO8',NULL,NULL,'','','','',NULL,NULL,NULL,NULL,NULL,NULL,'2020-05-16 03:17:12.074306','2020-05-16 03:17:12.074322',NULL,NULL,NULL,NULL,NULL,NULL,20,NULL,NULL),(326,NULL,NULL,'','','','','',NULL,NULL,'','','','',NULL,NULL,NULL,NULL,NULL,NULL,'2020-05-16 03:17:54.886077','2020-05-16 03:17:54.886122',14,NULL,142,NULL,25,NULL,20,NULL,NULL),(327,1,NULL,'Raul','Jacinto','SHARPED','','PEPK381016',NULL,NULL,'','','','',NULL,NULL,NULL,NULL,NULL,NULL,'2020-05-16 03:20:03.723737','2020-05-16 03:20:03.723754',14,NULL,142,NULL,28,NULL,20,275,NULL),(328,1,'','Raul','Jacinto','DSAD','','NAAP121101HMC',NULL,NULL,'','','','',NULL,NULL,NULL,NULL,'adsasd dasaadds','PARK981010LI9','2020-05-16 03:20:42.026229','2020-05-16 03:20:42.026245',NULL,NULL,NULL,NULL,34,NULL,20,276,NULL),(329,1,NULL,'petra','cuerera','SHARPED','','REYJ841003RY5',NULL,NULL,'','','','',NULL,NULL,NULL,NULL,NULL,NULL,'2020-05-16 03:21:20.988002','2020-05-16 03:21:20.988020',NULL,NULL,NULL,NULL,NULL,NULL,20,NULL,NULL),(330,1,NULL,'CHACHO','CHACHO','CHACHO','','PPOL901011WQ1',NULL,NULL,'','','','',NULL,NULL,NULL,NULL,NULL,NULL,'2020-05-16 03:22:43.182386','2020-05-16 03:22:43.182403',NULL,NULL,NULL,NULL,NULL,8,20,278,NULL),(331,1,NULL,'Raul','PEDRO','PEDRO','','REYY780912PO1',NULL,NULL,'','','','',NULL,NULL,NULL,NULL,NULL,NULL,'2020-05-16 03:22:43.207454','2020-05-16 03:22:43.207471',NULL,NULL,NULL,NULL,NULL,9,20,277,NULL),(332,1,NULL,'CARLOS','PEREZ','PEREZ','','POLO781203PO1',NULL,NULL,'','','','',NULL,NULL,NULL,NULL,NULL,NULL,'2020-05-16 03:22:43.232379','2020-05-16 03:22:43.232396',NULL,NULL,NULL,NULL,NULL,10,20,279,NULL),(333,NULL,NULL,'RICARDO RAUL','MONTES','LOMA','PORK010101HJCRSS89','PORK481016AN7','AN7',NULL,'','raul.jacinto@gmail.com','3319449859','3319449859',NULL,NULL,NULL,NULL,NULL,NULL,'2020-05-16 03:23:38.478942','2020-05-16 03:24:10.411085',NULL,2,142,NULL,NULL,1,21,280,456),(334,NULL,NULL,'CHUCHA','cuerera','bastante','NAAP121101HMCVFDA4','REYJ841003',NULL,'1983-11-11','','','','',NULL,NULL,NULL,NULL,NULL,NULL,'2020-05-16 03:27:28.212495','2020-05-16 03:27:28.212510',NULL,NULL,NULL,NULL,NULL,2,21,283,NULL),(335,NULL,NULL,'Raul','Jacinto','Jacinto','NAAP121101HMCVFDA3','REYJ841003RY5',NULL,'1995-11-06','','','','',NULL,NULL,NULL,NULL,NULL,NULL,'2020-05-16 03:28:54.998755','2020-05-16 03:28:54.998785',NULL,NULL,NULL,NULL,NULL,2,21,284,NULL),(336,1,NULL,'RICARDO RAUL','MONTES','assasa','','MION871010LO1',NULL,NULL,'','','','',NULL,NULL,NULL,NULL,NULL,NULL,'2020-05-16 03:33:22.554210','2020-05-16 03:33:22.554227',NULL,NULL,NULL,NULL,NULL,11,21,NULL,NULL),(337,1,NULL,'Raul','Jacinto','ssssss','','PPUP821203PO3',NULL,NULL,'','','','',NULL,NULL,NULL,NULL,NULL,NULL,'2020-05-16 03:33:22.579245','2020-05-16 03:33:22.579262',NULL,NULL,NULL,NULL,NULL,12,21,NULL,NULL),(338,1,NULL,'RICARDO RAUL','MONTES','jjjjjj','','MION871010LO1',NULL,NULL,'','','','',NULL,NULL,NULL,NULL,NULL,NULL,'2020-05-16 03:35:04.205536','2020-05-16 03:35:04.205552',NULL,NULL,NULL,NULL,NULL,11,21,NULL,NULL),(339,1,NULL,'Raul','Jacinto','ssssss','','PPUP821203PO3',NULL,NULL,'','','','',NULL,NULL,NULL,NULL,NULL,NULL,'2020-05-16 03:35:04.222183','2020-05-16 03:35:04.222199',NULL,NULL,NULL,NULL,NULL,12,21,NULL,NULL),(340,1,NULL,'RICARDO RAUL','MONTES','QWEQ','','PPUP821203PO3',NULL,NULL,'','','','',NULL,NULL,NULL,NULL,NULL,NULL,'2020-05-16 03:35:52.827626','2020-05-16 03:35:52.827643',NULL,NULL,NULL,NULL,NULL,12,21,NULL,NULL),(341,1,NULL,'RICARDO RAUL','MONTES','assasa','','JAMC781016AN6',NULL,NULL,'','','','',NULL,NULL,NULL,NULL,NULL,NULL,'2020-05-16 03:35:52.852597','2020-05-16 03:35:52.852614',NULL,NULL,NULL,NULL,NULL,11,21,NULL,NULL),(342,1,NULL,'RICARDO RAUL','MONTES','SAA','','PEPK381016',NULL,NULL,'','','','',NULL,NULL,NULL,NULL,NULL,NULL,'2020-05-16 03:36:36.097131','2020-05-16 03:36:36.097147',NULL,NULL,NULL,NULL,NULL,12,21,287,NULL),(343,1,NULL,'Raul','Jacinto','aaaaaaa','','POLK980712EW1',NULL,NULL,'','','','',NULL,NULL,NULL,NULL,NULL,NULL,'2020-05-16 03:37:40.233129','2020-05-16 03:37:40.233144',NULL,NULL,NULL,NULL,NULL,NULL,21,288,NULL),(344,1,NULL,'RICARDO RAUL','MONTES','add','','MION980702LO8',NULL,NULL,'','','','',NULL,NULL,NULL,NULL,NULL,NULL,'2020-05-16 03:38:24.922475','2020-05-16 03:38:24.922491',NULL,NULL,NULL,NULL,NULL,NULL,21,NULL,NULL),(345,NULL,NULL,'','','','','',NULL,NULL,'','','','',NULL,NULL,NULL,NULL,NULL,NULL,'2020-05-16 03:39:00.039586','2020-05-16 03:39:00.039603',14,NULL,142,NULL,28,NULL,21,NULL,NULL),(346,1,NULL,'Raul','ppppp','perez','','REYJ841003RY5',NULL,NULL,'','','','',NULL,NULL,NULL,NULL,NULL,NULL,'2020-05-16 03:41:09.642573','2020-05-16 03:41:09.642589',14,NULL,142,NULL,22,NULL,21,291,NULL),(347,1,'','chon','chon','chon','','PEPK381016',NULL,NULL,'','','','',NULL,NULL,NULL,NULL,'adsasd dasaadds','PARK981010LI9','2020-05-16 03:41:49.645697','2020-05-16 03:41:49.645728',NULL,NULL,NULL,NULL,28,NULL,21,292,NULL),(348,1,NULL,'chucha','contes','MONTES','','REYJ841003RY5',NULL,NULL,'','','','',NULL,NULL,NULL,NULL,NULL,NULL,'2020-05-16 03:42:33.850447','2020-05-16 03:42:33.850478',NULL,NULL,NULL,NULL,NULL,NULL,21,NULL,NULL),(349,1,NULL,'chucha','chon','chon','','POLO781203PO1',NULL,NULL,'','','','',NULL,NULL,NULL,NULL,NULL,NULL,'2020-05-16 03:43:23.024413','2020-05-16 03:43:23.024444',NULL,NULL,NULL,NULL,NULL,8,21,294,NULL),(350,1,NULL,'RICARDO RAUL','MONTES','as das as','','REYY780912PO1',NULL,NULL,'','','','',NULL,NULL,NULL,NULL,NULL,NULL,'2020-05-16 03:43:23.074503','2020-05-16 03:43:23.074519',NULL,NULL,NULL,NULL,NULL,9,21,293,NULL),(351,1,NULL,'RICARDO RAUL','MONTES','sa asd','','POLO781203PO1',NULL,NULL,'','','','',NULL,NULL,NULL,NULL,NULL,NULL,'2020-05-16 03:43:23.107875','2020-05-16 03:43:23.107890',NULL,NULL,NULL,NULL,NULL,10,21,295,NULL);
/*!40000 ALTER TABLE `declaracion_infopersonalvar` ENABLE KEYS */;
UNLOCK TABLES;

--
-- Table structure for table `declaracion_ingresosdeclaracion`
--

DROP TABLE IF EXISTS `declaracion_ingresosdeclaracion`;
/*!40101 SET @saved_cs_client     = @@character_set_client */;
/*!40101 SET character_set_client = utf8 */;
CREATE TABLE `declaracion_ingresosdeclaracion` (
  `id` int(11) NOT NULL AUTO_INCREMENT,
  `created_at` datetime(6) NOT NULL,
  `updated_at` datetime(6) NOT NULL,
  `ingreso_mensual_cargo` int(11) DEFAULT NULL,
  `ingreso_mensual_otros_ingresos` int(11) DEFAULT NULL,
  `ingreso_mensual_actividad` int(11) DEFAULT NULL,
  `razon_social_negocio` varchar(100) DEFAULT NULL,
  `tipo_negocio` varchar(300) DEFAULT NULL,
  `ingreso_mensual_financiera` int(11) DEFAULT NULL,
  `otro_tipo_instrumento` varchar(255) NOT NULL,
  `ingreso_mensual_servicios` int(11) DEFAULT NULL,
  `tipo_servicio` varchar(100) DEFAULT NULL,
  `ingreso_otros_ingresos` int(11) DEFAULT NULL,
  `ingreso_mensual_neto` int(11) DEFAULT NULL,
  `ingreso_mensual_pareja_dependientes` int(11) DEFAULT NULL,
  `ingreso_mensual_total` int(11) DEFAULT NULL,
  `ingreso_anio_anterior` tinyint(1) DEFAULT NULL,
  `ingreso_enajenacion_bienes` int(11) DEFAULT NULL,
  `fecha_ingreso` date DEFAULT NULL,
  `fecha_conclusion` date DEFAULT NULL,
  `tipo_ingreso` tinyint(1) DEFAULT NULL,
  `cat_moneda_actividad_id` int(11) NOT NULL,
  `cat_moneda_cargo_id` int(11) NOT NULL,
  `cat_moneda_enajenacion_bienes_id` int(11) NOT NULL,
  `cat_moneda_financiera_id` int(11) NOT NULL,
  `cat_moneda_neto_id` int(11) NOT NULL,
  `cat_moneda_otro_ingresos_mensual_id` int(11) NOT NULL,
  `cat_moneda_otros_ingresos_id` int(11) NOT NULL,
  `cat_moneda_pareja_dependientes_id` int(11) NOT NULL,
  `cat_moneda_servicios_id` int(11) NOT NULL,
  `cat_moneda_total_id` int(11) NOT NULL,
  `cat_tipo_instrumento_id` int(11) DEFAULT NULL,
  `cat_tipos_actividad_id` int(11) DEFAULT NULL,
  `cat_tipos_bienes_id` int(11) DEFAULT NULL,
  `declaraciones_id` int(11) NOT NULL,
  `observaciones_id` int(11) NOT NULL,
  PRIMARY KEY (`id`),
  KEY `declaracion_ingresos_cat_moneda_actividad_d7bdf545_fk_declaraci` (`cat_moneda_actividad_id`),
  KEY `declaracion_ingresos_cat_moneda_cargo_id_23912393_fk_declaraci` (`cat_moneda_cargo_id`),
  KEY `declaracion_ingresos_cat_moneda_enajenaci_4b8f2266_fk_declaraci` (`cat_moneda_enajenacion_bienes_id`),
  KEY `declaracion_ingresos_cat_moneda_financier_314c5e99_fk_declaraci` (`cat_moneda_financiera_id`),
  KEY `declaracion_ingresos_cat_moneda_neto_id_139501ad_fk_declaraci` (`cat_moneda_neto_id`),
  KEY `declaracion_ingresos_cat_moneda_otro_ingr_3880dff4_fk_declaraci` (`cat_moneda_otro_ingresos_mensual_id`),
  KEY `declaracion_ingresos_cat_moneda_otros_ing_3e834e0c_fk_declaraci` (`cat_moneda_otros_ingresos_id`),
  KEY `declaracion_ingresos_cat_moneda_pareja_de_fbd119b9_fk_declaraci` (`cat_moneda_pareja_dependientes_id`),
  KEY `declaracion_ingresos_cat_moneda_servicios_0df72867_fk_declaraci` (`cat_moneda_servicios_id`),
  KEY `declaracion_ingresos_cat_moneda_total_id_dda49ed1_fk_declaraci` (`cat_moneda_total_id`),
  KEY `declaracion_ingresos_cat_tipo_instrumento_9e66ee82_fk_declaraci` (`cat_tipo_instrumento_id`),
  KEY `declaracion_ingresos_cat_tipos_actividad__73e74b0c_fk_declaraci` (`cat_tipos_actividad_id`),
  KEY `declaracion_ingresos_cat_tipos_bienes_id_1abb50ce_fk_declaraci` (`cat_tipos_bienes_id`),
  KEY `declaracion_ingresos_declaraciones_id_d4ef074c_fk_declaraci` (`declaraciones_id`),
  KEY `declaracion_ingresos_observaciones_id_dcc54453_fk_declaraci` (`observaciones_id`),
  CONSTRAINT `declaracion_ingresos_cat_moneda_actividad_d7bdf545_fk_declaraci` FOREIGN KEY (`cat_moneda_actividad_id`) REFERENCES `declaracion_catmonedas` (`id`),
  CONSTRAINT `declaracion_ingresos_cat_moneda_cargo_id_23912393_fk_declaraci` FOREIGN KEY (`cat_moneda_cargo_id`) REFERENCES `declaracion_catmonedas` (`id`),
  CONSTRAINT `declaracion_ingresos_cat_moneda_enajenaci_4b8f2266_fk_declaraci` FOREIGN KEY (`cat_moneda_enajenacion_bienes_id`) REFERENCES `declaracion_catmonedas` (`id`),
  CONSTRAINT `declaracion_ingresos_cat_moneda_financier_314c5e99_fk_declaraci` FOREIGN KEY (`cat_moneda_financiera_id`) REFERENCES `declaracion_catmonedas` (`id`),
  CONSTRAINT `declaracion_ingresos_cat_moneda_neto_id_139501ad_fk_declaraci` FOREIGN KEY (`cat_moneda_neto_id`) REFERENCES `declaracion_catmonedas` (`id`),
  CONSTRAINT `declaracion_ingresos_cat_moneda_otro_ingr_3880dff4_fk_declaraci` FOREIGN KEY (`cat_moneda_otro_ingresos_mensual_id`) REFERENCES `declaracion_catmonedas` (`id`),
  CONSTRAINT `declaracion_ingresos_cat_moneda_otros_ing_3e834e0c_fk_declaraci` FOREIGN KEY (`cat_moneda_otros_ingresos_id`) REFERENCES `declaracion_catmonedas` (`id`),
  CONSTRAINT `declaracion_ingresos_cat_moneda_pareja_de_fbd119b9_fk_declaraci` FOREIGN KEY (`cat_moneda_pareja_dependientes_id`) REFERENCES `declaracion_catmonedas` (`id`),
  CONSTRAINT `declaracion_ingresos_cat_moneda_servicios_0df72867_fk_declaraci` FOREIGN KEY (`cat_moneda_servicios_id`) REFERENCES `declaracion_catmonedas` (`id`),
  CONSTRAINT `declaracion_ingresos_cat_moneda_total_id_dda49ed1_fk_declaraci` FOREIGN KEY (`cat_moneda_total_id`) REFERENCES `declaracion_catmonedas` (`id`),
  CONSTRAINT `declaracion_ingresos_cat_tipo_instrumento_9e66ee82_fk_declaraci` FOREIGN KEY (`cat_tipo_instrumento_id`) REFERENCES `declaracion_cattiposinstrumentos` (`id`),
  CONSTRAINT `declaracion_ingresos_cat_tipos_actividad__73e74b0c_fk_declaraci` FOREIGN KEY (`cat_tipos_actividad_id`) REFERENCES `declaracion_cattiposactividad` (`id`),
  CONSTRAINT `declaracion_ingresos_cat_tipos_bienes_id_1abb50ce_fk_declaraci` FOREIGN KEY (`cat_tipos_bienes_id`) REFERENCES `declaracion_cattiposbienes` (`id`),
  CONSTRAINT `declaracion_ingresos_declaraciones_id_d4ef074c_fk_declaraci` FOREIGN KEY (`declaraciones_id`) REFERENCES `declaracion_declaraciones` (`id`),
  CONSTRAINT `declaracion_ingresos_observaciones_id_dcc54453_fk_declaraci` FOREIGN KEY (`observaciones_id`) REFERENCES `declaracion_observaciones` (`id`)
) ENGINE=InnoDB AUTO_INCREMENT=35 DEFAULT CHARSET=latin1;
/*!40101 SET character_set_client = @saved_cs_client */;

--
-- Dumping data for table `declaracion_ingresosdeclaracion`
--

LOCK TABLES `declaracion_ingresosdeclaracion` WRITE;
/*!40000 ALTER TABLE `declaracion_ingresosdeclaracion` DISABLE KEYS */;
INSERT INTO `declaracion_ingresosdeclaracion` VALUES (1,'2020-05-02 18:29:12.316545','2020-05-02 18:29:12.316565',30000,5400,2000,'Arréglalo todo','Ventas',3000,'',0,'No aplica',400,35400,0,35400,0,NULL,NULL,NULL,1,101,101,101,101,101,101,101,101,101,101,NULL,4,NULL,1,15),(2,'2020-05-02 18:30:46.422067','2020-05-02 18:30:46.422086',400000,102000,0,'Arréglalo todo2','Ventas',50000,'',0,'No aplica',50000,502000,NULL,NULL,1,2000,'2019-06-16','2019-11-19',0,101,101,101,101,101,101,101,101,101,101,NULL,1,3,1,16),(3,'2020-05-02 20:40:09.802873','2020-05-02 20:40:09.802891',50000,15000,5000,'No lo sé Rick','Ventas',4000,'',0,'NO aplica',6000,65000,0,65000,0,NULL,NULL,NULL,1,101,101,101,101,101,101,101,101,101,101,NULL,1,NULL,3,47),(4,'2020-05-02 20:41:36.406405','2020-05-02 20:41:36.406423',80000,29000,10000,'Arréglalo todo','Ventas',8000,'',0,'No aplica',1000,109000,NULL,NULL,1,10000,'2018-01-01','2019-12-21',0,101,101,101,101,101,101,101,101,101,101,NULL,2,1,3,48),(5,'2020-05-03 03:13:33.619421','2020-05-03 03:13:33.619440',20000,3730,1000,'SEAH SA DE CV','INVESTIGACION',1000,'',1500,'Cursos online',230,23730,15000,38730,0,NULL,NULL,NULL,1,101,101,101,101,101,101,101,101,101,101,2,7,NULL,2,74),(6,'2020-05-03 03:51:27.852636','2020-05-03 03:51:27.852655',20000,2730,0,NULL,NULL,0,'',2500,'Cursos online de capacitación',230,22730,NULL,NULL,1,0,NULL,NULL,0,101,101,101,101,101,101,101,101,101,101,NULL,1,NULL,2,75),(7,'2020-05-03 14:43:08.423056','2020-05-03 14:43:08.423075',60000,0,NULL,NULL,NULL,NULL,'',NULL,NULL,NULL,60000,0,60000,0,NULL,NULL,NULL,1,101,101,101,101,101,101,101,101,101,101,NULL,NULL,NULL,4,89),(8,'2020-05-03 14:43:57.680321','2020-05-03 14:43:57.680340',NULL,30000,30000,'asdasa','chido',NULL,'',NULL,NULL,NULL,30000,NULL,NULL,1,NULL,NULL,NULL,0,101,101,101,101,101,101,101,101,101,101,NULL,NULL,NULL,4,90),(9,'2020-05-05 19:01:55.945544','2020-05-07 17:58:04.317384',12000,10500,5000,'Abarrotes Doña Linda SA de CV','Abarrotes',2000,'',3000,'Consultorías a la Cámara de la Industria Abarrotera de Occidente',500,22500,0,22500,0,NULL,NULL,NULL,1,101,101,101,101,101,101,101,101,101,101,5,1,NULL,6,121),(10,'2020-05-05 20:03:41.353272','2020-05-05 21:18:03.283310',24533,0,0,NULL,NULL,0,'',NULL,NULL,0,24533,0,24533,0,NULL,NULL,NULL,1,101,101,101,101,101,101,101,101,101,101,NULL,NULL,NULL,7,134),(11,'2020-05-05 21:53:25.629977','2020-05-05 21:53:25.629996',24533,0,0,NULL,NULL,0,'',0,NULL,0,24533,10000,34533,0,NULL,NULL,NULL,1,101,101,101,101,101,101,101,101,101,101,NULL,NULL,NULL,8,151),(12,'2020-05-05 23:08:24.678449','2020-05-05 23:08:24.678468',58759,0,NULL,NULL,NULL,NULL,'',NULL,NULL,NULL,58759,12000,70759,0,NULL,NULL,NULL,1,101,101,101,101,101,101,101,101,101,101,NULL,NULL,NULL,9,168),(13,'2020-05-05 23:40:04.965359','2020-05-05 23:40:04.965377',58759,0,NULL,NULL,NULL,NULL,'',NULL,NULL,NULL,58759,0,58759,0,NULL,NULL,NULL,1,101,101,101,101,101,101,101,101,101,101,NULL,NULL,NULL,10,184),(14,'2020-05-07 17:19:59.762643','2020-05-07 17:19:59.762662',25000,0,NULL,NULL,NULL,NULL,'',NULL,NULL,NULL,25000,0,25000,0,NULL,NULL,NULL,1,101,101,101,101,101,101,101,101,101,101,NULL,NULL,NULL,12,206),(15,'2020-05-07 17:22:39.325137','2020-05-07 17:22:39.325155',40000,0,NULL,NULL,NULL,NULL,'',NULL,NULL,NULL,40000,NULL,NULL,1,NULL,NULL,NULL,0,101,101,101,101,101,101,101,101,101,101,NULL,NULL,NULL,12,207),(16,'2020-05-07 17:59:56.244705','2020-05-07 17:59:56.244723',13000,10500,5000,'Abarrotes Doña Linda SA de CV','Abarrotes',2000,'',3000,'consultorías',500,23500,NULL,NULL,1,0,NULL,NULL,0,101,101,101,101,101,101,101,101,101,101,5,1,NULL,6,222),(17,'2020-05-07 22:33:34.345105','2020-05-07 22:33:34.345124',20000,8016,2000,'SEAH SA DE CV','TECNOLOGICO',1000,'',4560,'Servicio profesional',456,28016,22000,50016,0,NULL,NULL,NULL,1,101,101,101,101,101,101,101,101,101,101,2,1,NULL,13,256),(18,'2020-05-07 22:36:50.450241','2020-05-07 22:36:50.450260',20000,3100,100,'1.SERVIDOR PUBLICO','GOBIERNO',1000,'',1000,'Servicio profesional',500,23100,NULL,NULL,1,500,'2019-08-01','2018-12-31',0,101,101,101,101,101,101,101,101,101,101,7,7,1,13,257),(19,'2020-05-12 00:55:44.379939','2020-05-12 00:57:35.653360',12000,4000,1000,'SEAH SA DE CV','TECNOLOGICO',1000,'',1000,'Es un tipo de servicio prestado para prueba',1000,16000,0,16000,0,NULL,NULL,NULL,1,101,101,101,101,101,101,101,101,101,101,2,5,NULL,11,277),(20,'2020-05-12 00:59:09.494517','2020-05-12 00:59:09.494536',12500,5000,1000,'RAZON SOCIAL SERVIDOR','INVESTIGACION',1000,'',1000,'kll',1000,17500,NULL,NULL,1,1000,'2019-08-01','2019-12-31',0,101,101,101,101,101,101,101,101,101,101,7,1,1,11,278),(21,'2020-05-15 18:27:30.138301','2020-05-15 18:27:30.138320',40000,13413,1000,'asdasa','chido',12000,'',200,'consultoria',213,53413,34567,87980,0,NULL,NULL,NULL,1,101,101,101,101,101,101,101,101,101,101,1,2,NULL,14,308),(22,'2020-05-15 18:44:31.996828','2020-05-15 18:44:31.996846',40000,26333,1000,'ecm','chido',2000,'',1000,'clases',12333,66333,NULL,NULL,1,10000,NULL,NULL,0,101,101,101,101,101,101,101,101,101,101,1,5,2,14,309),(23,'2020-05-15 19:55:48.236085','2020-05-15 19:55:48.236103',4000,170910,22123,'Arréglalo todo','Ventas',122331,'',14123,'Ventas',12333,174910,40000,214910,0,NULL,NULL,NULL,1,101,101,101,101,101,101,101,101,101,101,1,2,NULL,15,343),(24,'2020-05-15 19:57:12.263196','2020-05-15 19:57:12.263215',40000,209554,30000,'Arréglalo todo','Ventas',2222,'',50000,'Capacitación',123332,249554,NULL,NULL,1,4000,'2018-11-16','2019-11-20',0,101,101,101,101,101,101,101,101,101,101,4,1,1,15,344),(25,'2020-05-15 20:22:31.829291','2020-05-15 20:22:31.829309',89779797,101291877,777,'ecm',NULL,78889,'',12131231,'no se',89080980,191071674,8978979,200050653,0,NULL,NULL,NULL,1,101,101,101,101,101,101,101,101,101,101,1,1,NULL,16,361),(26,'2020-05-15 20:31:02.437240','2020-05-15 20:32:28.087171',5000,35007488,21231521,'No lo se','Ventas',121431,'',12412412,'Servicio op',1242124,35012488,30000,35042488,0,NULL,NULL,NULL,1,101,101,101,101,101,101,101,101,101,101,4,1,NULL,17,371),(27,'2020-05-15 20:34:21.542563','2020-05-15 20:34:21.542582',120000,12279677,12212122,'Arréglalo todo','Ventas',23555,'',23000,'No se',9000,12399677,NULL,NULL,1,12000,'2018-01-02','2019-11-16',0,101,101,101,101,101,101,101,101,101,101,1,2,1,17,372),(28,'2020-05-15 20:38:37.866135','2020-05-15 20:38:37.866154',121212,368910,122100,'ecm','chido',233,'',3232,'clases',122133,490122,NULL,NULL,1,121212,'2016-06-28','2017-06-28',0,101,101,101,101,101,101,101,101,101,101,4,4,1,16,374),(29,'2020-05-16 02:34:38.038951','2020-05-16 02:34:38.038971',23145,108346,14556,'asdasa','chido',45667,'',2456,'CLASES',45667,131491,0,131491,0,NULL,NULL,NULL,1,101,101,101,101,101,101,101,101,101,101,NULL,2,NULL,19,417),(30,'2020-05-16 02:36:55.853756','2020-05-16 02:36:55.853775',40000,281566,2000,'asdasa','servicios',10000,'',10000,'1132133',234566,321566,NULL,NULL,1,25000,NULL,NULL,0,101,101,101,101,101,101,101,101,101,101,2,1,1,19,418),(31,'2020-05-16 03:05:40.196090','2020-05-16 03:05:40.196108',65000,29023,2000,'ecm','servicios',2345,'',1234,'WEQQEW WQQW',23444,94023,146456,240479,0,NULL,NULL,NULL,1,101,101,101,101,101,101,101,101,101,101,1,2,NULL,20,441),(32,'2020-05-16 03:07:49.374979','2020-05-16 03:07:49.374997',1233444,493220,321,'asdasa',NULL,4321,'',54333,'CLASES',432111,1726664,NULL,NULL,1,2134,'1950-08-12','1995-08-05',0,101,101,101,101,101,101,101,101,101,101,NULL,5,2,20,442),(33,'2020-05-16 03:29:55.517361','2020-05-16 03:29:55.517379',20001,98665,12221,'asdasa','servicios',43222,'',43222,'WQEQWQW',NULL,118666,1121221,1239887,0,NULL,NULL,NULL,1,101,101,101,101,101,101,101,101,101,101,5,5,NULL,21,465),(34,'2020-05-16 03:31:12.266930','2020-05-16 03:31:12.266948',30000,555344,333333,'asdasa',NULL,12333,'',123123,'CLASES',43333,585344,NULL,NULL,1,43222,'1994-05-07','2007-11-13',0,101,101,101,101,101,101,101,101,101,101,2,1,2,21,466);
/*!40000 ALTER TABLE `declaracion_ingresosdeclaracion` ENABLE KEYS */;
UNLOCK TABLES;

--
-- Table structure for table `declaracion_inversiones`
--

DROP TABLE IF EXISTS `declaracion_inversiones`;
/*!40101 SET @saved_cs_client     = @@character_set_client */;
/*!40101 SET character_set_client = utf8 */;
CREATE TABLE `declaracion_inversiones` (
  `id` int(11) NOT NULL AUTO_INCREMENT,
  `otra_operacion` varchar(255) NOT NULL,
  `otra_inversion` varchar(255) NOT NULL,
  `otro_tipo_especifico` varchar(255) NOT NULL,
  `num_cuenta` varchar(255) NOT NULL,
  `rfc` varchar(255) NOT NULL,
  `institucion` varchar(255) NOT NULL,
  `otra_forma` varchar(255) NOT NULL,
  `fecha_inicio` date DEFAULT NULL,
  `monto_original` int(11) DEFAULT NULL,
  `tasa_interes` int(11) DEFAULT NULL,
  `saldo_actual` int(11) DEFAULT NULL,
  `plazo` int(11) DEFAULT NULL,
  `otro_tipo_titular` varchar(255) NOT NULL,
  `porcentaje_inversion` int(11) DEFAULT NULL,
  `created_at` datetime(6) NOT NULL,
  `updated_at` datetime(6) NOT NULL,
  `fondo_inversion` varchar(255) DEFAULT NULL,
  `organizaciones` varchar(255) DEFAULT NULL,
  `posesiones` varchar(255) DEFAULT NULL,
  `seguros` varchar(255) DEFAULT NULL,
  `valores_bursatiles` varchar(255) DEFAULT NULL,
  `afores` varchar(255) DEFAULT NULL,
  `activos_bienes_id` int(11) DEFAULT NULL,
  `cat_formas_adquisiciones_id` int(11) DEFAULT NULL,
  `cat_monedas_id` int(11) DEFAULT NULL,
  `cat_paises_id` int(11) DEFAULT NULL,
  `cat_tipo_persona_id` int(11) DEFAULT NULL,
  `cat_tipos_especificos_inversiones_id` int(11) DEFAULT NULL,
  `cat_tipos_inversiones_id` int(11) DEFAULT NULL,
  `cat_tipos_operaciones_id` int(11) DEFAULT NULL,
  `cat_tipos_titulares_id` int(11) DEFAULT NULL,
  `cat_unidades_temporales_id` int(11) DEFAULT NULL,
  `declaraciones_id` int(11) NOT NULL,
  `info_personal_var_id` int(11) NOT NULL,
  `observaciones_id` int(11) NOT NULL,
  PRIMARY KEY (`id`),
  KEY `declaracion_inversio_activos_bienes_id_4bfea7c3_fk_declaraci` (`activos_bienes_id`),
  KEY `declaracion_inversio_cat_formas_adquisici_7a34b96c_fk_declaraci` (`cat_formas_adquisiciones_id`),
  KEY `declaracion_inversio_cat_monedas_id_f4c04ea9_fk_declaraci` (`cat_monedas_id`),
  KEY `declaracion_inversio_cat_paises_id_adf125bf_fk_declaraci` (`cat_paises_id`),
  KEY `declaracion_inversio_cat_tipo_persona_id_868c64e2_fk_declaraci` (`cat_tipo_persona_id`),
  KEY `declaracion_inversio_cat_tipos_especifico_f4b4003b_fk_declaraci` (`cat_tipos_especificos_inversiones_id`),
  KEY `declaracion_inversio_cat_tipos_inversione_9d3d2b86_fk_declaraci` (`cat_tipos_inversiones_id`),
  KEY `declaracion_inversio_cat_tipos_operacione_eab54072_fk_declaraci` (`cat_tipos_operaciones_id`),
  KEY `declaracion_inversio_cat_tipos_titulares__52574655_fk_declaraci` (`cat_tipos_titulares_id`),
  KEY `declaracion_inversio_cat_unidades_tempora_e115056e_fk_declaraci` (`cat_unidades_temporales_id`),
  KEY `declaracion_inversio_declaraciones_id_2688f2af_fk_declaraci` (`declaraciones_id`),
  KEY `declaracion_inversio_info_personal_var_id_65a231a6_fk_declaraci` (`info_personal_var_id`),
  KEY `declaracion_inversio_observaciones_id_37615d8b_fk_declaraci` (`observaciones_id`),
  CONSTRAINT `declaracion_inversio_activos_bienes_id_4bfea7c3_fk_declaraci` FOREIGN KEY (`activos_bienes_id`) REFERENCES `declaracion_activosbienes` (`id`),
  CONSTRAINT `declaracion_inversio_cat_formas_adquisici_7a34b96c_fk_declaraci` FOREIGN KEY (`cat_formas_adquisiciones_id`) REFERENCES `declaracion_catformasadquisiciones` (`id`),
  CONSTRAINT `declaracion_inversio_cat_monedas_id_f4c04ea9_fk_declaraci` FOREIGN KEY (`cat_monedas_id`) REFERENCES `declaracion_catmonedas` (`id`),
  CONSTRAINT `declaracion_inversio_cat_paises_id_adf125bf_fk_declaraci` FOREIGN KEY (`cat_paises_id`) REFERENCES `declaracion_catpaises` (`id`),
  CONSTRAINT `declaracion_inversio_cat_tipo_persona_id_868c64e2_fk_declaraci` FOREIGN KEY (`cat_tipo_persona_id`) REFERENCES `declaracion_cattipopersona` (`id`),
  CONSTRAINT `declaracion_inversio_cat_tipos_especifico_f4b4003b_fk_declaraci` FOREIGN KEY (`cat_tipos_especificos_inversiones_id`) REFERENCES `declaracion_cattiposespecificosinversiones` (`id`),
  CONSTRAINT `declaracion_inversio_cat_tipos_inversione_9d3d2b86_fk_declaraci` FOREIGN KEY (`cat_tipos_inversiones_id`) REFERENCES `declaracion_cattiposinversiones` (`id`),
  CONSTRAINT `declaracion_inversio_cat_tipos_operacione_eab54072_fk_declaraci` FOREIGN KEY (`cat_tipos_operaciones_id`) REFERENCES `declaracion_cattiposoperaciones` (`id`),
  CONSTRAINT `declaracion_inversio_cat_tipos_titulares__52574655_fk_declaraci` FOREIGN KEY (`cat_tipos_titulares_id`) REFERENCES `declaracion_cattipostitulares` (`id`),
  CONSTRAINT `declaracion_inversio_cat_unidades_tempora_e115056e_fk_declaraci` FOREIGN KEY (`cat_unidades_temporales_id`) REFERENCES `declaracion_catunidadestemporales` (`id`),
  CONSTRAINT `declaracion_inversio_declaraciones_id_2688f2af_fk_declaraci` FOREIGN KEY (`declaraciones_id`) REFERENCES `declaracion_declaraciones` (`id`),
  CONSTRAINT `declaracion_inversio_info_personal_var_id_65a231a6_fk_declaraci` FOREIGN KEY (`info_personal_var_id`) REFERENCES `declaracion_infopersonalvar` (`id`),
  CONSTRAINT `declaracion_inversio_observaciones_id_37615d8b_fk_declaraci` FOREIGN KEY (`observaciones_id`) REFERENCES `declaracion_observaciones` (`id`)
) ENGINE=InnoDB AUTO_INCREMENT=20 DEFAULT CHARSET=latin1;
/*!40101 SET character_set_client = @saved_cs_client */;

--
-- Dumping data for table `declaracion_inversiones`
--

LOCK TABLES `declaracion_inversiones` WRITE;
/*!40000 ALTER TABLE `declaracion_inversiones` DISABLE KEYS */;
INSERT INTO `declaracion_inversiones` VALUES (1,'','','','18829919839','','','',NULL,NULL,NULL,20000,0,'',NULL,'2020-05-02 18:39:33.733612','2020-05-02 18:39:33.733628','INVERSIONES FINANCIERAS EN EL EXTRANJERO','CAJAS DE AHORRO','CENTENARIOS','SEGURO DE INVERSION','ACEPTACIONES BANCARIAS','AFORES',NULL,NULL,101,142,NULL,1,2,1,1,NULL,1,9,20),(2,'','','','123123124124152352','','','',NULL,NULL,NULL,30000,0,'',NULL,'2020-05-02 20:49:02.801960','2020-05-02 20:49:02.801975','SOICIEDADES DE INVERSION','ACCIONES','CENTENARIOS','SEGURO DE INVERSION','ACCIONES Y DERIVADOS','FIDEICOMISOS',NULL,NULL,101,142,NULL,2,2,1,1,NULL,3,30,52),(3,'','','','45800005','','','',NULL,NULL,NULL,25600,0,'',NULL,'2020-05-03 04:29:24.454357','2020-05-03 04:29:24.454389','SOICIEDADES DE INVERSION','CAJAS DE AHORRO','MONEDA NACIONAL','SEGURO DE VIDA',NULL,'AFORES',NULL,NULL,101,142,NULL,7,1,1,1,NULL,2,50,79),(4,'','','','6868687687','','','',NULL,NULL,NULL,3000,0,'',NULL,'2020-05-03 20:46:12.982423','2020-05-03 20:46:12.982438',NULL,NULL,NULL,NULL,NULL,NULL,NULL,NULL,101,142,NULL,5,1,1,1,NULL,4,66,94),(5,'','','','1345879034','','','',NULL,NULL,NULL,8000,0,'',NULL,'2020-05-05 20:43:44.017326','2020-05-05 21:19:18.904998','SOICIEDADES DE INVERSION',NULL,NULL,'SEGURO DE VIDA',NULL,'AFORES',NULL,NULL,101,142,NULL,5,1,1,1,NULL,7,93,138),(6,'','','','1529875679','','','',NULL,NULL,NULL,60000,0,'',NULL,'2020-05-05 22:08:24.860838','2020-05-05 22:08:24.860854',NULL,NULL,NULL,NULL,NULL,NULL,NULL,NULL,101,142,NULL,5,1,1,1,NULL,8,105,155),(7,'','','','1529875790','','','',NULL,NULL,NULL,10000,0,'',NULL,'2020-05-05 23:14:21.439055','2020-05-05 23:14:21.439100',NULL,NULL,NULL,NULL,NULL,NULL,NULL,NULL,101,142,NULL,5,1,1,1,NULL,9,115,171),(8,'','','','1345879878','','','',NULL,NULL,NULL,25000,0,'',NULL,'2020-05-05 23:42:50.870624','2020-05-05 23:42:50.870640',NULL,NULL,NULL,NULL,NULL,NULL,NULL,NULL,101,142,NULL,5,1,1,1,NULL,10,123,186),(9,'','','','','','','',NULL,0,0,3200000,0,'',0,'2020-05-07 17:35:53.754233','2020-05-07 17:35:53.754249',NULL,NULL,NULL,NULL,NULL,NULL,NULL,NULL,101,142,NULL,NULL,7,1,1,NULL,12,138,211),(10,'','','','B300004789AD3','','','',NULL,0,0,30000,0,'',0,'2020-05-07 18:14:16.943279','2020-05-07 18:14:16.943295',NULL,NULL,NULL,NULL,'ACCIONES Y DERIVADOS',NULL,NULL,NULL,101,142,NULL,3,6,1,1,NULL,6,153,225),(11,'','','','528221651616546','','','',NULL,0,0,8500,0,'',0,'2020-05-07 22:45:25.951981','2020-05-07 22:45:25.952011','SOICIEDADES DE INVERSION','ACCIONES','DIVISAS','SEGURO DE SEPARACION INDIVIDUALIZADO','ACCIONES Y DERIVADOS','CERTFICADOS DE LA TESORERIA',NULL,NULL,101,142,NULL,5,1,1,1,NULL,13,182,261),(12,'','','','528221651616546','','','',NULL,0,0,52000,0,'',0,'2020-05-12 03:23:45.028268','2020-05-12 03:24:51.429856','INVERSIONES FINANCIERAS EN EL EXTRANJERO','ACCIONES','DIVISAS','SEGURO DE INVERSION','ACCIONES Y DERIVADOS','FIDEICOMISOS',NULL,NULL,101,142,NULL,1,7,1,1,NULL,11,200,282),(13,'','','','6868687687','','','',NULL,0,0,1000000,0,'',0,'2020-05-15 19:08:39.005981','2020-05-15 19:08:39.005997','SOICIEDADES DE INVERSION','ACCIONES','CENTENARIOS','SEGURO DE SEPARACION INDIVIDUALIZADO','ACCIONES Y DERIVADOS','AFORES',NULL,NULL,101,142,NULL,2,1,2,1,NULL,14,227,318),(14,'','','','12312329','','','',NULL,0,0,399,0,'',0,'2020-05-15 20:03:44.497347','2020-05-15 20:03:44.497382','SOICIEDADES DE INVERSION','CAJAS DE AHORRO','DIVISAS','SEGURO DE SEPARACION INDIVIDUALIZADO','ACEPTACIONES BANCARIAS','AFORES',NULL,NULL,101,142,NULL,7,7,1,1,NULL,15,247,349),(15,'','','','221312321','','','',NULL,0,0,60000,0,'',0,'2020-05-15 20:41:18.746793','2020-05-15 20:41:18.746810','SOICIEDADES DE INVERSION','ACCIONES','CENTENARIOS','SEGURO DE SEPARACION INDIVIDUALIZADO','ACCIONES Y DERIVADOS','AFORES',NULL,NULL,101,142,NULL,1,7,1,1,NULL,17,268,377),(16,'','','','87321798213','','','',NULL,0,0,2000,0,'',0,'2020-05-15 20:52:54.978307','2020-05-15 20:52:54.978323','SOICIEDADES DE INVERSION','ACCIONES','MONEDA NACIONAL','SEGURO DE INVERSION','ACEPTACIONES BANCARIAS','AFORES',NULL,NULL,101,142,NULL,2,7,1,1,NULL,16,284,390),(17,'','','','6868687687','','','',NULL,0,0,1200,0,'',0,'2020-05-16 02:43:49.269476','2020-05-16 02:43:49.269493','SOICIEDADES DE INVERSION','ACCIONES','MONEDA NACIONAL','SEGURO DE INVERSION','ACEPTACIONES BANCARIAS','AFORES',NULL,NULL,101,142,NULL,2,7,1,1,NULL,19,304,422),(18,'','','','87321798213','','','',NULL,0,0,1200,0,'',0,'2020-05-16 03:14:38.323343','2020-05-16 03:14:38.323364','INVERSIONES FINANCIERAS EN EL EXTRANJERO','CAJAS DE AHORRO','CENTENARIOS','SEGURO DE INVERSION','ACEPTACIONES BANCARIAS','FIDEICOMISOS',NULL,NULL,101,142,NULL,3,3,1,17,NULL,20,323,446),(19,'','','','87321798213','','','',NULL,0,0,2000,0,'',0,'2020-05-16 03:36:36.122125','2020-05-16 03:36:36.122141','INVERSIONES FINANCIERAS EN EL EXTRANJERO','ACCIONES','MONEDA NACIONAL','SEGURO DE INVERSION','ACEPTACIONES BANCARIAS','FIDEICOMISOS',NULL,NULL,101,142,NULL,2,2,1,1,NULL,21,342,470);
/*!40000 ALTER TABLE `declaracion_inversiones` ENABLE KEYS */;
UNLOCK TABLES;

--
-- Table structure for table `declaracion_membresias`
--

DROP TABLE IF EXISTS `declaracion_membresias`;
/*!40101 SET @saved_cs_client     = @@character_set_client */;
/*!40101 SET character_set_client = utf8 */;
CREATE TABLE `declaracion_membresias` (
  `id` int(11) NOT NULL AUTO_INCREMENT,
  `otras_instituciones` varchar(255) NOT NULL,
  `nombre_institucion` varchar(255) NOT NULL,
  `rfc` varchar(255) NOT NULL,
  `otro_sector` varchar(255) NOT NULL,
  `puesto_rol` varchar(255) NOT NULL,
  `fecha_inicio` date DEFAULT NULL,
  `pagado` tinyint(1) DEFAULT NULL,
  `monto` int(11) DEFAULT NULL,
  `created_at` datetime(6) NOT NULL,
  `updated_at` datetime(6) NOT NULL,
  `otra_naturaleza` varchar(255) DEFAULT NULL,
  `cat_naturaleza_membresia_id` int(11) DEFAULT NULL,
  `cat_sectores_industria_id` int(11) DEFAULT NULL,
  `cat_tipos_instituciones_id` int(11) DEFAULT NULL,
  `cat_tipos_operaciones_id` int(11) DEFAULT NULL,
  `declaraciones_id` int(11) NOT NULL,
  `domicilios_id` int(11) NOT NULL,
  `moneda_id` int(11) DEFAULT NULL,
  `observaciones_id` int(11) NOT NULL,
  `tipoRelacion_id` int(11) DEFAULT NULL,
  PRIMARY KEY (`id`),
  KEY `declaracion_membresi_cat_naturaleza_membr_e3502c57_fk_declaraci` (`cat_naturaleza_membresia_id`),
  KEY `declaracion_membresi_cat_sectores_industr_f72dfe5d_fk_declaraci` (`cat_sectores_industria_id`),
  KEY `declaracion_membresi_cat_tipos_institucio_aede5c47_fk_declaraci` (`cat_tipos_instituciones_id`),
  KEY `declaracion_membresi_cat_tipos_operacione_f5d60af4_fk_declaraci` (`cat_tipos_operaciones_id`),
  KEY `declaracion_membresi_declaraciones_id_45741598_fk_declaraci` (`declaraciones_id`),
  KEY `declaracion_membresi_domicilios_id_f8d850a4_fk_declaraci` (`domicilios_id`),
  KEY `declaracion_membresi_moneda_id_afa0614e_fk_declaraci` (`moneda_id`),
  KEY `declaracion_membresi_observaciones_id_d0f2470e_fk_declaraci` (`observaciones_id`),
  KEY `declaracion_membresi_tipoRelacion_id_1d92a718_fk_declaraci` (`tipoRelacion_id`),
  CONSTRAINT `declaracion_membresi_cat_naturaleza_membr_e3502c57_fk_declaraci` FOREIGN KEY (`cat_naturaleza_membresia_id`) REFERENCES `declaracion_catnaturalezamembresia` (`id`),
  CONSTRAINT `declaracion_membresi_cat_sectores_industr_f72dfe5d_fk_declaraci` FOREIGN KEY (`cat_sectores_industria_id`) REFERENCES `declaracion_catsectoresindustria` (`id`),
  CONSTRAINT `declaracion_membresi_cat_tipos_institucio_aede5c47_fk_declaraci` FOREIGN KEY (`cat_tipos_instituciones_id`) REFERENCES `declaracion_cattiposinstituciones` (`id`),
  CONSTRAINT `declaracion_membresi_cat_tipos_operacione_f5d60af4_fk_declaraci` FOREIGN KEY (`cat_tipos_operaciones_id`) REFERENCES `declaracion_cattiposoperaciones` (`id`),
  CONSTRAINT `declaracion_membresi_declaraciones_id_45741598_fk_declaraci` FOREIGN KEY (`declaraciones_id`) REFERENCES `declaracion_declaraciones` (`id`),
  CONSTRAINT `declaracion_membresi_domicilios_id_f8d850a4_fk_declaraci` FOREIGN KEY (`domicilios_id`) REFERENCES `declaracion_domicilios` (`id`),
  CONSTRAINT `declaracion_membresi_moneda_id_afa0614e_fk_declaraci` FOREIGN KEY (`moneda_id`) REFERENCES `declaracion_catmonedas` (`id`),
  CONSTRAINT `declaracion_membresi_observaciones_id_d0f2470e_fk_declaraci` FOREIGN KEY (`observaciones_id`) REFERENCES `declaracion_observaciones` (`id`),
  CONSTRAINT `declaracion_membresi_tipoRelacion_id_1d92a718_fk_declaraci` FOREIGN KEY (`tipoRelacion_id`) REFERENCES `declaracion_cattiposrelacionespersonales` (`id`)
) ENGINE=InnoDB AUTO_INCREMENT=17 DEFAULT CHARSET=latin1;
/*!40101 SET character_set_client = @saved_cs_client */;

--
-- Dumping data for table `declaracion_membresias`
--

LOCK TABLES `declaracion_membresias` WRITE;
/*!40000 ALTER TABLE `declaracion_membresias` DISABLE KEYS */;
INSERT INTO `declaracion_membresias` VALUES (1,'','Regalando sonrisas','RESI101010SOL','','Comunicación','2010-01-01',1,4000,'2020-05-02 18:46:16.164656','2020-05-02 18:46:16.164685',NULL,NULL,NULL,1,1,1,9,101,24,1),(2,'','Por un mundo mejor','MJRO101010OLS','','Socio','2006-01-01',0,NULL,'2020-05-02 20:54:47.169284','2020-05-02 20:54:47.169299',NULL,NULL,NULL,1,1,3,28,NULL,56,1),(3,'Ninguno','MoveW Urbania','MOIV010101256','','Gerente del area de cardio','2019-08-09',1,1200,'2020-05-03 04:33:41.193695','2020-05-03 04:33:41.193710',NULL,NULL,NULL,5,1,2,46,101,83,11),(4,'','qqqqqq','JCMR691009AN2','','jefazaso','1979-07-01',0,NULL,'2020-05-04 00:29:27.476089','2020-05-04 00:29:27.476105',NULL,NULL,NULL,1,1,4,57,NULL,98,NULL),(5,'','qqqqqq','JCMR691009AN2','','jefazaso','2016-12-18',0,0,'2020-05-07 17:43:34.695357','2020-05-07 17:43:34.695387',NULL,NULL,NULL,NULL,NULL,12,120,NULL,216,NULL),(6,'','Voluntarios Unidos del Norte','VOLU801111GM3','','Vocal','1986-01-01',0,0,'2020-05-07 18:23:13.258462','2020-05-07 18:23:13.258478',NULL,NULL,NULL,2,1,6,129,NULL,227,11),(7,'','CARITAS FELICES','CAY12345YU89','','AUXILIAR','2011-01-24',1,2000,'2020-05-07 18:58:53.801926','2020-05-07 18:58:53.801941',NULL,NULL,NULL,2,1,10,138,101,237,11),(8,'No aplica','MoveW Urbania','MOIV010101256','','Socio del departamento de limpieza','2018-01-01',1,1500,'2020-05-07 22:53:46.028743','2020-05-07 22:53:46.028760',NULL,NULL,NULL,5,1,13,154,101,265,11),(9,'','MoveW Urbania','MOIV010101256','','Socio del departamento de limpieza','1940-01-01',0,0,'2020-05-12 03:52:23.528946','2020-05-12 03:52:23.528961',NULL,NULL,NULL,1,1,11,172,NULL,287,1),(10,'','qqqqqq','JCMR691009AN2','','jefazaso','2000-02-21',1,10,'2020-05-15 19:26:31.302210','2020-05-15 19:26:31.302225',NULL,NULL,NULL,2,1,14,193,101,322,11),(11,'','Regalando sonrisas','PIRK781006AN7','','Desarrollador','2012-01-01',1,7000,'2020-05-15 20:08:49.988072','2020-05-15 20:08:49.988087',NULL,NULL,NULL,1,1,15,214,101,355,1),(12,'','I can\'t go any further than this.','PIRK781006AN7','','Dueño','1992-01-01',1,23111,'2020-05-15 20:45:33.800524','2020-05-15 20:45:33.800539',NULL,NULL,NULL,1,1,17,230,101,381,1),(13,'','qqqqqq','JCMR691009AN2','','jefazaso','1954-07-14',1,1,'2020-05-15 21:04:19.919038','2020-05-15 21:04:19.919053',NULL,NULL,NULL,1,1,16,241,101,394,8),(14,'','club guadalajara','JAPR691009AN2','','jefazaso','1958-08-17',1,200,'2020-05-16 02:51:09.257238','2020-05-16 02:51:09.257253',NULL,NULL,NULL,2,1,19,258,101,426,11),(15,'','qqqqqq','JAMR691009AN2','','jefazaso','2001-08-18',1,890,'2020-05-16 03:18:36.381148','2020-05-16 03:18:36.381164',NULL,NULL,NULL,2,1,20,274,101,450,11),(16,'','qqqqqq','JCMR691009AN2','','jefazaso','1958-10-21',1,9090,'2020-05-16 03:39:42.360154','2020-05-16 03:39:42.360170',NULL,NULL,NULL,3,1,21,290,101,474,11);
/*!40000 ALTER TABLE `declaracion_membresias` ENABLE KEYS */;
UNLOCK TABLES;

--
-- Table structure for table `declaracion_mueblesnoregistrables`
--

DROP TABLE IF EXISTS `declaracion_mueblesnoregistrables`;
/*!40101 SET @saved_cs_client     = @@character_set_client */;
/*!40101 SET character_set_client = utf8 */;
CREATE TABLE `declaracion_mueblesnoregistrables` (
  `id` int(11) NOT NULL AUTO_INCREMENT,
  `otra_operacion` varchar(255) NOT NULL,
  `otro_bien_mueble` varchar(255) NOT NULL,
  `marca` varchar(255) NOT NULL,
  `modelo` varchar(255) NOT NULL,
  `forma_pago` varchar(255) NOT NULL,
  `anio` int(11) DEFAULT NULL,
  `num_serie` varchar(255) NOT NULL,
  `descripcion_bien` varchar(255) NOT NULL,
  `otro_titular` varchar(255) NOT NULL,
  `otra_forma` varchar(255) NOT NULL,
  `fecha_adquisicion` date DEFAULT NULL,
  `precio_adquisicion` int(11) DEFAULT NULL,
  `created_at` datetime(6) NOT NULL,
  `updated_at` datetime(6) NOT NULL,
  `activos_bienes_id` int(11) NOT NULL,
  `cat_formas_adquisiciones_id` int(11) DEFAULT NULL,
  `cat_monedas_id` int(11) DEFAULT NULL,
  `cat_motivo_baja_id` int(11) DEFAULT NULL,
  `cat_paises_id` int(11) DEFAULT NULL,
  `cat_tipos_muebles_id` int(11) DEFAULT NULL,
  `cat_tipos_operaciones_id` int(11) DEFAULT NULL,
  `cat_tipos_titulares_id` int(11) DEFAULT NULL,
  `declaraciones_id` int(11) NOT NULL,
  `domicilios_id` int(11) DEFAULT NULL,
  `observaciones_id` int(11) NOT NULL,
  `tipo_relacion_id` int(11) DEFAULT NULL,
  PRIMARY KEY (`id`),
  KEY `declaracion_mueblesn_activos_bienes_id_024dcf19_fk_declaraci` (`activos_bienes_id`),
  KEY `declaracion_mueblesn_cat_formas_adquisici_faa85e62_fk_declaraci` (`cat_formas_adquisiciones_id`),
  KEY `declaracion_mueblesn_cat_monedas_id_e6c992b9_fk_declaraci` (`cat_monedas_id`),
  KEY `declaracion_mueblesn_cat_motivo_baja_id_9dc2f165_fk_declaraci` (`cat_motivo_baja_id`),
  KEY `declaracion_mueblesn_cat_paises_id_3ca85c81_fk_declaraci` (`cat_paises_id`),
  KEY `declaracion_mueblesn_cat_tipos_muebles_id_47f1bccc_fk_declaraci` (`cat_tipos_muebles_id`),
  KEY `declaracion_mueblesn_cat_tipos_operacione_b7fe9022_fk_declaraci` (`cat_tipos_operaciones_id`),
  KEY `declaracion_mueblesn_cat_tipos_titulares__f8d5dc97_fk_declaraci` (`cat_tipos_titulares_id`),
  KEY `declaracion_mueblesn_declaraciones_id_c619a54e_fk_declaraci` (`declaraciones_id`),
  KEY `declaracion_mueblesn_domicilios_id_67d417c4_fk_declaraci` (`domicilios_id`),
  KEY `declaracion_mueblesn_observaciones_id_cc910b1b_fk_declaraci` (`observaciones_id`),
  KEY `declaracion_mueblesn_tipo_relacion_id_ddb07b73_fk_declaraci` (`tipo_relacion_id`),
  CONSTRAINT `declaracion_mueblesn_activos_bienes_id_024dcf19_fk_declaraci` FOREIGN KEY (`activos_bienes_id`) REFERENCES `declaracion_activosbienes` (`id`),
  CONSTRAINT `declaracion_mueblesn_cat_formas_adquisici_faa85e62_fk_declaraci` FOREIGN KEY (`cat_formas_adquisiciones_id`) REFERENCES `declaracion_catformasadquisiciones` (`id`),
  CONSTRAINT `declaracion_mueblesn_cat_monedas_id_e6c992b9_fk_declaraci` FOREIGN KEY (`cat_monedas_id`) REFERENCES `declaracion_catmonedas` (`id`),
  CONSTRAINT `declaracion_mueblesn_cat_motivo_baja_id_9dc2f165_fk_declaraci` FOREIGN KEY (`cat_motivo_baja_id`) REFERENCES `declaracion_catmotivobaja` (`id`),
  CONSTRAINT `declaracion_mueblesn_cat_paises_id_3ca85c81_fk_declaraci` FOREIGN KEY (`cat_paises_id`) REFERENCES `declaracion_catpaises` (`id`),
  CONSTRAINT `declaracion_mueblesn_cat_tipos_muebles_id_47f1bccc_fk_declaraci` FOREIGN KEY (`cat_tipos_muebles_id`) REFERENCES `declaracion_cattiposmuebles` (`id`),
  CONSTRAINT `declaracion_mueblesn_cat_tipos_operacione_b7fe9022_fk_declaraci` FOREIGN KEY (`cat_tipos_operaciones_id`) REFERENCES `declaracion_cattiposoperaciones` (`id`),
  CONSTRAINT `declaracion_mueblesn_cat_tipos_titulares__f8d5dc97_fk_declaraci` FOREIGN KEY (`cat_tipos_titulares_id`) REFERENCES `declaracion_cattipostitulares` (`id`),
  CONSTRAINT `declaracion_mueblesn_declaraciones_id_c619a54e_fk_declaraci` FOREIGN KEY (`declaraciones_id`) REFERENCES `declaracion_declaraciones` (`id`),
  CONSTRAINT `declaracion_mueblesn_domicilios_id_67d417c4_fk_declaraci` FOREIGN KEY (`domicilios_id`) REFERENCES `declaracion_domicilios` (`id`),
  CONSTRAINT `declaracion_mueblesn_observaciones_id_cc910b1b_fk_declaraci` FOREIGN KEY (`observaciones_id`) REFERENCES `declaracion_observaciones` (`id`),
  CONSTRAINT `declaracion_mueblesn_tipo_relacion_id_ddb07b73_fk_declaraci` FOREIGN KEY (`tipo_relacion_id`) REFERENCES `declaracion_cattiposrelacionespersonales` (`id`)
) ENGINE=InnoDB AUTO_INCREMENT=20 DEFAULT CHARSET=latin1;
/*!40101 SET character_set_client = @saved_cs_client */;

--
-- Dumping data for table `declaracion_mueblesnoregistrables`
--

LOCK TABLES `declaracion_mueblesnoregistrables` WRITE;
/*!40000 ALTER TABLE `declaracion_mueblesnoregistrables` DISABLE KEYS */;
INSERT INTO `declaracion_mueblesnoregistrables` VALUES (1,'','','Ford','Figo','CRÉDITO',2001,'231214123','','','','2015-12-18',400000,'2020-05-02 18:35:55.633490','2020-05-02 18:35:55.633507',2,1,101,1,NULL,1,1,1,1,5,18,NULL),(2,'','','Patric Parcks','Perla negra','CRÉDITO',1990,'1','','','','1998-12-18',600000,'2020-05-02 20:46:22.824464','2020-05-02 20:46:22.824479',6,1,101,1,NULL,3,1,1,3,24,50,NULL),(3,'','','FORD','SPARK','NO APLICA',2006,'158963','','','','2019-10-10',NULL,'2020-05-03 03:55:01.584106','2020-05-03 03:55:01.584122',10,6,NULL,NULL,NULL,1,1,1,2,42,77,NULL),(4,'','','lrenault','2343','CRÉDITO',2015,'3444454353454','','','','1959-12-13',190000,'2020-05-03 20:35:14.256334','2020-05-03 20:35:14.256355',14,1,101,NULL,NULL,1,1,1,4,53,92,NULL),(5,'','','NISSAN','SENTRA','CONTADO',2007,'MJYTR56789T65432','','','','2010-11-19',150000,'2020-05-05 20:24:03.716540','2020-05-05 21:18:48.067079',19,1,101,1,NULL,1,1,1,7,77,136,NULL),(6,'','','NISSAN','VERSA','CRÉDITO',2016,'JKLH9000456C7903','','','','2016-11-21',2500000,'2020-05-05 22:02:50.899163','2020-05-05 22:02:50.899179',22,1,101,1,NULL,1,1,1,8,87,153,NULL),(7,'','','lrenault','2343','CONTADO',2012,'122414161616','','','','1980-11-20',67889,'2020-05-07 17:28:17.555558','2020-05-07 17:28:28.910996',28,1,101,NULL,NULL,2,1,1,12,115,209,NULL),(8,'','','Honda','CRV','CONTADO',2003,'RBN3487NPwK33351','','','','2008-08-10',85000,'2020-05-07 18:08:36.152041','2020-05-07 18:08:36.152056',32,1,101,NULL,NULL,1,1,1,6,127,224,NULL),(9,'','','NISSAN','VERSA','CONTADO',2017,'HJU7890134MN890','','','','2017-08-10',2500000,'2020-05-07 18:40:24.321425','2020-05-07 18:40:24.321442',35,1,101,1,NULL,1,1,1,10,137,235,NULL),(10,'','','FORD','SPARK','NO APLICA',2020,'85996320','','','','2013-08-10',0,'2020-05-07 22:41:57.462564','2020-05-07 22:41:57.462580',37,4,NULL,NULL,NULL,1,1,1,13,150,259,NULL),(11,'','','FORD','SPARK','CONTADO',2020,'85996320','','','','2018-07-13',1500,'2020-05-12 03:22:02.371888','2020-05-12 03:22:02.371904',41,1,101,NULL,NULL,1,1,1,11,165,280,NULL),(13,'','','lrenault','logan','CONTADO',2017,'3444454353454','','','','1941-03-08',2000,'2020-05-15 19:06:07.199736','2020-05-15 19:14:01.181815',45,1,101,NULL,NULL,2,1,1,14,188,315,NULL),(14,'','','dasda','dsad','CRÉDITO',2020,'1341234','','','','2019-12-18',0,'2020-05-15 20:01:28.396009','2020-05-15 20:01:28.396025',49,2,NULL,1,NULL,3,1,2,15,208,347,NULL),(15,'','','Mira','Lo que','CONTADO',2020,'171231','','','','2015-12-16',5443,'2020-05-15 20:38:42.320231','2020-05-15 20:38:42.320247',53,1,101,2,NULL,1,1,1,17,226,375,NULL),(16,'','','lrenault','2343','CONTADO',2019,'122414161616','','','','2010-09-09',200,'2020-05-15 20:47:27.585672','2020-05-15 20:47:27.585689',56,NULL,101,1,NULL,3,NULL,1,16,233,385,NULL),(17,'','','lrenault','logan','CONTADO',2007,'3444454353454','','','DAASD','2012-08-19',7500,'2020-05-16 02:40:46.099357','2020-05-16 02:40:46.099394',61,1,101,4,NULL,1,1,1,19,254,420,NULL),(18,'','','lrenault','logan','CONTADO',2019,'QW EQW','','','','2012-03-19',200,'2020-05-16 03:12:05.890908','2020-05-16 03:12:05.890924',65,2,101,1,NULL,2,1,2,20,270,444,NULL),(19,'','','lrenault','logan','CONTADO',2010,'122414161616','','','','2017-07-21',2000,'2020-05-16 03:35:04.238893','2020-05-16 03:35:04.238908',69,2,101,NULL,NULL,NULL,1,4,21,286,468,NULL);
/*!40000 ALTER TABLE `declaracion_mueblesnoregistrables` ENABLE KEYS */;
UNLOCK TABLES;

--
-- Table structure for table `declaracion_nacionalidades`
--

DROP TABLE IF EXISTS `declaracion_nacionalidades`;
/*!40101 SET @saved_cs_client     = @@character_set_client */;
/*!40101 SET character_set_client = utf8 */;
CREATE TABLE `declaracion_nacionalidades` (
  `id` int(11) NOT NULL AUTO_INCREMENT,
  `created_at` datetime(6) NOT NULL,
  `updated_at` datetime(6) NOT NULL,
  `cat_paises_id` int(11) DEFAULT NULL,
  `info_personal_var_id` int(11) NOT NULL,
  PRIMARY KEY (`id`),
  KEY `declaracion_nacional_cat_paises_id_33c12751_fk_declaraci` (`cat_paises_id`),
  KEY `declaracion_nacional_info_personal_var_id_69f68616_fk_declaraci` (`info_personal_var_id`),
  CONSTRAINT `declaracion_nacional_cat_paises_id_33c12751_fk_declaraci` FOREIGN KEY (`cat_paises_id`) REFERENCES `declaracion_catpaises` (`id`),
  CONSTRAINT `declaracion_nacional_info_personal_var_id_69f68616_fk_declaraci` FOREIGN KEY (`info_personal_var_id`) REFERENCES `declaracion_infopersonalvar` (`id`)
) ENGINE=InnoDB AUTO_INCREMENT=22 DEFAULT CHARSET=latin1;
/*!40101 SET character_set_client = @saved_cs_client */;

--
-- Dumping data for table `declaracion_nacionalidades`
--

LOCK TABLES `declaracion_nacionalidades` WRITE;
/*!40000 ALTER TABLE `declaracion_nacionalidades` DISABLE KEYS */;
INSERT INTO `declaracion_nacionalidades` VALUES (1,'2020-05-02 17:08:33.893880','2020-05-02 17:08:33.893897',142,1),(2,'2020-05-02 18:56:38.519497','2020-05-02 18:56:38.519514',142,19),(3,'2020-05-02 20:06:11.989290','2020-05-02 20:06:11.989311',81,21),(4,'2020-05-03 01:44:36.543678','2020-05-03 01:44:36.543696',142,41),(5,'2020-05-04 20:25:41.719394','2020-05-04 20:25:41.719424',142,76),(6,'2020-05-05 18:34:12.116355','2020-05-05 18:34:12.116390',142,78),(7,'2020-05-05 19:40:59.810296','2020-05-05 19:40:59.810314',142,85),(8,'2020-05-05 21:33:51.898208','2020-05-05 21:33:51.898230',142,97),(9,'2020-05-05 22:50:29.931127','2020-05-05 22:50:29.931145',142,109),(10,'2020-05-05 23:34:13.275603','2020-05-05 23:34:13.275620',142,119),(11,'2020-05-06 04:33:26.891694','2020-05-06 04:33:26.891712',142,126),(12,'2020-05-07 17:11:51.872596','2020-05-07 17:11:51.872618',142,127),(13,'2020-05-07 22:04:16.834194','2020-05-07 22:04:16.834212',142,170),(14,'2020-05-15 19:38:26.667688','2020-05-15 19:38:26.667706',142,237),(15,'2020-05-15 19:45:39.142052','2020-05-15 19:45:39.142069',89,238),(16,'2020-05-15 20:23:17.684336','2020-05-15 20:23:17.684362',39,259),(17,'2020-05-15 20:23:17.708924','2020-05-15 20:23:17.708942',142,259),(18,'2020-05-15 22:29:39.786544','2020-05-15 22:29:39.786561',142,294),(19,'2020-05-15 23:03:12.069553','2020-05-15 23:03:12.069571',142,295),(20,'2020-05-16 02:56:24.579118','2020-05-16 02:56:24.579135',142,314),(21,'2020-05-16 03:24:10.445546','2020-05-16 03:24:10.445563',3,333);
/*!40000 ALTER TABLE `declaracion_nacionalidades` ENABLE KEYS */;
UNLOCK TABLES;

--
-- Table structure for table `declaracion_observaciones`
--

DROP TABLE IF EXISTS `declaracion_observaciones`;
/*!40101 SET @saved_cs_client     = @@character_set_client */;
/*!40101 SET character_set_client = utf8 */;
CREATE TABLE `declaracion_observaciones` (
  `id` int(11) NOT NULL AUTO_INCREMENT,
  `observacion` varchar(255) NOT NULL,
  `created_at` datetime(6) NOT NULL,
  `updated_at` datetime(6) NOT NULL,
  PRIMARY KEY (`id`)
) ENGINE=InnoDB AUTO_INCREMENT=480 DEFAULT CHARSET=latin1;
/*!40101 SET character_set_client = @saved_cs_client */;

--
-- Dumping data for table `declaracion_observaciones`
--

LOCK TABLES `declaracion_observaciones` WRITE;
/*!40000 ALTER TABLE `declaracion_observaciones` DISABLE KEYS */;
INSERT INTO `declaracion_observaciones` VALUES (1,'','2020-05-02 15:52:12.456536','2020-05-02 15:52:12.456554'),(2,'','2020-05-02 15:53:16.250400','2020-05-02 15:53:16.250431'),(3,'','2020-05-02 15:55:05.755932','2020-05-02 15:55:05.755950'),(4,'','2020-05-02 15:55:10.474438','2020-05-02 15:55:10.474456'),(5,'','2020-05-02 16:02:47.441137','2020-05-02 16:02:47.441154'),(6,'','2020-05-02 16:05:12.810616','2020-05-02 16:05:12.810634'),(7,'','2020-05-02 16:11:53.957999','2020-05-02 16:11:53.958017'),(8,'NO aplica','2020-05-02 17:08:33.700828','2020-05-02 17:08:33.700845'),(9,'','2020-05-02 17:08:33.937468','2020-05-02 17:08:33.937485'),(10,'','2020-05-02 17:08:33.986412','2020-05-02 17:08:33.986429'),(11,'','2020-05-02 17:08:34.086601','2020-05-02 17:08:34.086618'),(12,'No aplica','2020-05-02 17:13:22.393170','2020-05-02 17:15:31.493757'),(13,'No aplica','2020-05-02 18:14:17.828103','2020-05-02 18:14:17.828121'),(14,'No aplica','2020-05-02 18:17:38.451006','2020-05-02 20:01:25.968026'),(15,'No aplica','2020-05-02 18:29:12.297252','2020-05-02 18:29:12.297270'),(16,'NO aplica','2020-05-02 18:30:46.395740','2020-05-02 18:30:46.395757'),(17,'No aplica','2020-05-02 18:33:47.338343','2020-05-02 18:33:47.338365'),(18,'No aplica','2020-05-02 18:35:55.441256','2020-05-02 18:35:55.441274'),(19,'No aplica','2020-05-02 18:38:03.253648','2020-05-02 18:38:03.253667'),(20,'NO aplcia','2020-05-02 18:39:33.598961','2020-05-02 18:39:33.598980'),(21,'NO aplcia','2020-05-02 18:41:29.753118','2020-05-02 18:41:29.753136'),(22,'No aplcia','2020-05-02 18:43:21.004679','2020-05-02 18:43:21.004698'),(23,'NO aplica','2020-05-02 18:45:22.073974','2020-05-02 18:45:22.073993'),(24,'No aplica','2020-05-02 18:46:16.122512','2020-05-02 18:46:16.122531'),(25,'No aplica','2020-05-02 18:47:04.242577','2020-05-02 18:47:04.242595'),(26,'No aplica','2020-05-02 18:48:03.442938','2020-05-02 18:48:03.442956'),(27,'No aplcia','2020-05-02 18:49:05.004220','2020-05-02 18:49:05.004239'),(28,'No aplica','2020-05-02 18:49:57.564073','2020-05-02 18:49:57.564091'),(29,'No aplica','2020-05-02 18:51:45.812453','2020-05-02 18:51:45.812473'),(30,'','2020-05-02 18:56:38.351582','2020-05-02 18:56:38.351602'),(31,'','2020-05-02 18:56:38.646430','2020-05-02 18:56:38.646449'),(32,'','2020-05-02 18:56:38.695861','2020-05-02 18:56:38.695878'),(33,'','2020-05-02 18:56:38.779140','2020-05-02 18:56:38.779158'),(34,'','2020-05-02 18:57:56.421266','2020-05-02 18:57:56.421284'),(35,'','2020-05-02 19:25:31.969024','2020-05-02 19:25:53.755759'),(36,'','2020-05-02 19:42:17.578968','2020-05-02 19:42:17.578987'),(37,'','2020-05-02 20:04:58.910896','2020-05-02 20:04:58.910914'),(38,'No aplica','2020-05-02 20:06:11.796069','2020-05-02 20:06:11.796085'),(39,'','2020-05-02 20:06:12.132665','2020-05-02 20:06:12.132682'),(40,'','2020-05-02 20:06:12.207116','2020-05-02 20:06:12.207133'),(41,'','2020-05-02 20:06:12.273767','2020-05-02 20:06:12.273784'),(42,'','2020-05-02 20:18:17.194407','2020-05-02 20:18:17.194426'),(43,'No aplica','2020-05-02 20:31:37.191784','2020-05-02 20:31:37.191802'),(44,'No aplica','2020-05-02 20:32:46.391618','2020-05-02 20:32:46.391635'),(45,'No aplica','2020-05-02 20:34:03.562760','2020-05-02 20:34:03.562778'),(46,'No aplica','2020-05-02 20:37:59.343393','2020-05-02 20:37:59.343411'),(47,'No aplica','2020-05-02 20:40:09.775692','2020-05-02 20:40:09.775710'),(48,'No aplica','2020-05-02 20:41:36.388314','2020-05-02 20:41:36.388331'),(49,'No aplcia','2020-05-02 20:43:54.371337','2020-05-02 20:43:54.371359'),(50,'No aplica','2020-05-02 20:46:22.699196','2020-05-02 20:46:22.699244'),(51,'No aplica','2020-05-02 20:48:06.768276','2020-05-02 20:48:06.768295'),(52,'No aplica','2020-05-02 20:49:02.731316','2020-05-02 20:49:02.731335'),(53,'NO aplica','2020-05-02 20:50:24.178622','2020-05-02 20:50:24.178640'),(54,'No aplica','2020-05-02 20:51:56.410674','2020-05-02 20:51:56.410691'),(55,'NO aplcia','2020-05-02 20:52:47.237040','2020-05-02 20:52:47.237058'),(56,'No aplica','2020-05-02 20:54:47.087555','2020-05-02 20:54:47.087573'),(57,'No aplcia','2020-05-02 20:55:32.474890','2020-05-02 20:55:32.474908'),(58,'No aplica','2020-05-02 20:56:25.651831','2020-05-02 20:56:25.651848'),(59,'No aplica','2020-05-02 20:57:47.130455','2020-05-02 20:57:47.130474'),(60,'No aplica','2020-05-02 20:58:34.061299','2020-05-02 20:58:34.061316'),(61,'No aplcia','2020-05-02 21:00:08.678570','2020-05-02 21:00:08.678588'),(62,'','2020-05-03 00:17:21.191685','2020-05-03 00:17:21.191703'),(63,'','2020-05-03 01:43:23.306485','2020-05-03 01:43:23.306503'),(64,'ninguna','2020-05-03 01:44:36.404821','2020-05-03 01:44:36.404840'),(65,'','2020-05-03 01:44:36.629010','2020-05-03 01:44:36.629028'),(66,'','2020-05-03 01:44:36.711527','2020-05-03 01:44:36.711545'),(67,'','2020-05-03 01:44:36.744953','2020-05-03 01:44:36.744970'),(68,'','2020-05-03 01:45:58.009444','2020-05-03 01:45:58.009461'),(69,'','2020-05-03 01:47:09.888494','2020-05-03 01:47:09.888514'),(70,'','2020-05-03 01:48:08.813070','2020-05-03 01:48:08.813088'),(71,'','2020-05-03 01:49:16.317309','2020-05-03 01:49:16.317328'),(72,'','2020-05-03 01:50:13.511079','2020-05-03 01:50:13.511099'),(73,'No aplica','2020-05-03 03:03:24.611827','2020-05-03 03:03:24.611846'),(74,'','2020-05-03 03:13:33.594425','2020-05-03 03:13:33.594442'),(75,'No aplica','2020-05-03 03:51:27.825177','2020-05-03 03:51:27.825195'),(76,'No aplica','2020-05-03 03:53:38.630779','2020-05-03 03:53:38.630797'),(77,'No aplica','2020-05-03 03:55:01.475555','2020-05-03 03:55:01.475572'),(78,'No aplica','2020-05-03 03:57:04.036254','2020-05-03 04:26:53.083908'),(79,'','2020-05-03 04:29:24.369627','2020-05-03 04:29:24.369646'),(80,'No aplica','2020-05-03 04:30:49.323989','2020-05-03 04:30:49.324008'),(81,'No aplica','2020-05-03 04:32:04.095232','2020-05-03 04:32:04.095251'),(82,'No aplica','2020-05-03 04:32:39.309414','2020-05-03 04:32:39.309434'),(83,'','2020-05-03 04:33:41.107414','2020-05-03 04:33:41.107432'),(84,'No aplica','2020-05-03 04:35:09.569031','2020-05-03 04:35:09.569049'),(85,'No aplica','2020-05-03 04:36:01.796682','2020-05-03 04:36:01.796701'),(86,'No aplica','2020-05-03 04:36:58.966193','2020-05-03 04:36:58.966211'),(87,'No aplica','2020-05-03 04:37:53.697519','2020-05-03 04:37:53.697538'),(88,'No aplica','2020-05-03 04:38:32.021124','2020-05-03 04:38:32.021144'),(89,'','2020-05-03 14:43:08.395153','2020-05-03 14:43:08.395172'),(90,'','2020-05-03 14:43:57.660331','2020-05-03 14:43:57.660349'),(91,'','2020-05-03 20:33:48.961812','2020-05-03 20:33:48.961829'),(92,'','2020-05-03 20:35:14.156035','2020-05-03 20:35:14.156053'),(93,'','2020-05-03 20:36:09.488585','2020-05-03 20:36:09.488602'),(94,'','2020-05-03 20:46:12.873662','2020-05-03 20:46:12.873680'),(95,'','2020-05-03 20:51:58.839262','2020-05-03 20:52:23.561501'),(96,'','2020-05-03 20:53:12.021244','2020-05-03 20:53:12.021263'),(97,'','2020-05-04 00:28:30.672331','2020-05-04 00:28:30.672353'),(98,'','2020-05-04 00:29:27.398223','2020-05-04 00:29:27.398241'),(99,'','2020-05-04 01:30:50.355890','2020-05-04 01:30:50.355908'),(100,'','2020-05-04 01:31:32.105765','2020-05-04 01:31:32.105783'),(101,'','2020-05-04 01:32:24.495002','2020-05-04 01:32:24.495020'),(102,'','2020-05-04 01:33:18.608275','2020-05-04 01:33:18.608292'),(103,'','2020-05-04 01:34:41.535179','2020-05-04 01:34:41.535198'),(104,'','2020-05-04 20:22:11.725225','2020-05-04 20:22:11.725243'),(105,'Esta es una prueba','2020-05-04 20:25:41.618160','2020-05-04 20:25:41.618176'),(106,'','2020-05-04 20:25:41.796456','2020-05-04 20:25:41.796473'),(107,'','2020-05-04 20:25:41.845436','2020-05-04 20:25:41.845453'),(108,'','2020-05-04 20:25:41.895571','2020-05-04 20:25:41.895588'),(109,'DQWW','2020-05-05 16:29:48.234305','2020-05-05 16:29:48.234323'),(110,'DQWDQW','2020-05-05 16:30:37.347169','2020-05-05 16:30:37.347188'),(111,'','2020-05-05 18:32:21.420568','2020-05-05 18:32:21.420586'),(112,'Ninguna','2020-05-05 18:34:11.964977','2020-05-07 17:44:01.495075'),(113,'','2020-05-05 18:34:12.193217','2020-05-05 18:34:12.193248'),(114,'','2020-05-05 18:34:12.267441','2020-05-05 18:34:12.267459'),(115,'','2020-05-05 18:34:12.317496','2020-05-05 18:34:12.317513'),(116,'Graduado con honores','2020-05-05 18:37:56.199178','2020-05-07 17:47:34.856761'),(117,'Ninguna','2020-05-05 18:43:52.246060','2020-05-07 17:48:20.427888'),(118,'','2020-05-05 18:55:34.496883','2020-05-07 17:49:06.240000'),(119,'No aplica','2020-05-05 18:55:49.854567','2020-05-07 17:56:59.350901'),(120,'Ninguna','2020-05-05 18:59:39.501131','2020-05-07 17:57:16.631334'),(121,'','2020-05-05 19:01:55.929321','2020-05-07 17:58:04.292462'),(122,'','2020-05-05 19:18:04.242724','2020-05-07 18:09:23.292449'),(123,'','2020-05-05 19:26:39.288827','2020-05-07 18:14:55.566616'),(124,'','2020-05-05 19:26:52.446008','2020-05-07 18:18:29.388411'),(125,'','2020-05-05 19:38:48.018898','2020-05-05 19:38:48.018931'),(126,'','2020-05-05 19:40:59.683990','2020-05-05 21:09:33.116451'),(127,'','2020-05-05 19:40:59.970603','2020-05-05 19:40:59.970621'),(128,'','2020-05-05 19:41:00.028322','2020-05-05 19:41:00.028341'),(129,'','2020-05-05 19:41:00.078296','2020-05-05 19:41:00.078314'),(130,'ninguna','2020-05-05 19:45:35.740863','2020-05-05 21:16:08.908312'),(131,'NINGUNA','2020-05-05 19:48:59.130692','2020-05-05 21:16:29.823261'),(132,'NINGUNA','2020-05-05 19:57:27.466220','2020-05-05 21:16:56.092603'),(133,'','2020-05-05 19:58:36.741195','2020-05-05 21:17:29.523912'),(134,'NINGUNO','2020-05-05 20:03:41.334180','2020-05-05 21:18:03.256994'),(135,'NINGUNA','2020-05-05 20:15:33.289809','2020-05-05 21:18:32.795873'),(136,'NINGUNA','2020-05-05 20:24:03.591212','2020-05-05 21:18:47.932276'),(137,'NINGUNA','2020-05-05 20:27:18.078595','2020-05-05 21:19:03.833771'),(138,'NINGUNA','2020-05-05 20:43:43.906157','2020-05-05 21:19:18.823972'),(139,'NINGUNA','2020-05-05 20:48:35.348334','2020-05-05 21:19:48.397830'),(140,'','2020-05-05 20:48:47.634109','2020-05-05 21:19:56.220692'),(141,'NINGUNO','2020-05-05 20:54:41.354260','2020-05-05 21:17:46.424189'),(142,'','2020-05-05 21:32:09.853564','2020-05-05 21:32:09.853595'),(143,'NINGUNA','2020-05-05 21:33:51.671569','2020-05-05 21:33:51.671604'),(144,'','2020-05-05 21:33:52.058561','2020-05-05 21:33:52.058603'),(145,'','2020-05-05 21:33:52.132665','2020-05-05 21:33:52.132688'),(146,'','2020-05-05 21:33:52.207811','2020-05-05 21:33:52.207834'),(147,'NINGUNA','2020-05-05 21:37:08.497840','2020-05-05 21:37:08.497858'),(148,'NINGUNA','2020-05-05 21:38:43.184635','2020-05-05 21:38:43.184653'),(149,'ninguna','2020-05-05 21:44:35.832212','2020-05-05 21:44:35.832230'),(150,'NINGUNO','2020-05-05 21:49:19.426238','2020-05-05 21:49:19.426258'),(151,'NINGUNA','2020-05-05 21:53:25.611848','2020-05-05 21:53:25.611867'),(152,'NINGUNA','2020-05-05 21:56:49.030459','2020-05-05 21:56:49.030477'),(153,'NINGUNA','2020-05-05 22:02:50.798860','2020-05-05 22:02:50.798877'),(154,'NINGUNA','2020-05-05 22:06:13.848397','2020-05-05 22:06:13.848433'),(155,'NINGUNA','2020-05-05 22:08:24.791020','2020-05-05 22:08:24.791038'),(156,'','2020-05-05 22:08:38.409973','2020-05-05 22:08:38.409992'),(157,'','2020-05-05 22:08:45.378093','2020-05-05 22:08:45.378110'),(158,'NINGUNA','2020-05-05 22:13:00.538091','2020-05-05 22:13:00.538111'),(159,'','2020-05-05 22:48:57.697305','2020-05-05 22:48:57.697323'),(160,'NINGUNA','2020-05-05 22:50:29.729687','2020-05-05 22:50:29.729704'),(161,'','2020-05-05 22:50:30.142329','2020-05-05 22:50:30.142369'),(162,'','2020-05-05 22:50:30.216387','2020-05-05 22:50:30.216418'),(163,'','2020-05-05 22:50:30.266422','2020-05-05 22:50:30.266440'),(164,'NINGUNA','2020-05-05 22:53:15.375345','2020-05-05 23:23:04.459561'),(165,'nunguna','2020-05-05 22:57:03.794450','2020-05-05 22:57:03.794468'),(166,'NINGUNA','2020-05-05 22:59:35.741539','2020-05-05 22:59:35.741557'),(167,'NUNGUNA','2020-05-05 23:03:39.989277','2020-05-05 23:03:39.989296'),(168,'NINGUNA','2020-05-05 23:08:24.659459','2020-05-05 23:08:24.659476'),(169,'NINGUNA','2020-05-05 23:10:57.942620','2020-05-05 23:10:57.942639'),(170,'NINGUNA','2020-05-05 23:13:22.488343','2020-05-05 23:13:22.488368'),(171,'NINGUNA','2020-05-05 23:14:21.381572','2020-05-05 23:14:21.381591'),(172,'','2020-05-05 23:14:32.337232','2020-05-05 23:14:32.337251'),(173,'','2020-05-05 23:14:46.451332','2020-05-05 23:14:46.451354'),(174,'ninguna','2020-05-05 23:22:16.153548','2020-05-05 23:22:16.153567'),(175,'','2020-05-05 23:32:44.552560','2020-05-05 23:32:44.552577'),(176,'Ninguna','2020-05-05 23:34:13.174300','2020-05-05 23:34:13.174316'),(177,'','2020-05-05 23:34:13.377500','2020-05-05 23:34:13.377517'),(178,'','2020-05-05 23:34:13.451990','2020-05-05 23:34:13.452014'),(179,'','2020-05-05 23:34:13.501745','2020-05-05 23:34:13.501768'),(180,'NINGUNA','2020-05-05 23:35:43.866552','2020-05-05 23:35:43.866571'),(181,'NINGUNA','2020-05-05 23:37:05.031015','2020-05-05 23:37:05.031033'),(182,'NINGUNA','2020-05-05 23:39:16.148218','2020-05-05 23:39:16.148237'),(183,'','2020-05-05 23:39:25.344799','2020-05-05 23:39:25.344816'),(184,'NINGUNA','2020-05-05 23:40:04.945886','2020-05-05 23:40:04.945903'),(185,'NINGUNA','2020-05-05 23:42:00.847807','2020-05-05 23:42:00.847824'),(186,'NINGUNA','2020-05-05 23:42:50.788109','2020-05-05 23:42:50.788127'),(187,'NINGUNA','2020-05-05 23:42:59.823471','2020-05-07 18:48:18.221588'),(188,'NINGUNA','2020-05-05 23:43:08.184318','2020-05-07 18:52:24.998719'),(189,'','2020-05-06 04:22:39.186488','2020-05-06 04:22:39.186519'),(190,'','2020-05-06 04:23:24.369239','2020-05-06 04:23:24.369258'),(191,'','2020-05-06 04:32:55.711939','2020-05-06 04:32:55.711972'),(192,'No aplica','2020-05-06 04:33:26.715400','2020-05-06 04:33:26.715430'),(193,'','2020-05-06 04:33:27.035111','2020-05-06 04:33:27.035143'),(194,'','2020-05-06 04:33:27.109799','2020-05-06 04:33:27.109816'),(195,'','2020-05-06 04:33:27.159583','2020-05-06 04:33:27.159600'),(196,'','2020-05-07 17:10:53.596580','2020-05-07 17:10:53.596598'),(197,'','2020-05-07 17:11:51.721106','2020-05-07 17:11:51.721123'),(198,'','2020-05-07 17:11:51.924299','2020-05-07 17:11:51.924318'),(199,'','2020-05-07 17:11:51.973500','2020-05-07 17:11:51.973518'),(200,'','2020-05-07 17:11:52.023546','2020-05-07 17:11:52.023564'),(201,'','2020-05-07 17:12:48.748769','2020-05-07 17:12:48.748788'),(202,'none','2020-05-07 17:14:33.170317','2020-05-07 17:15:23.537574'),(203,'','2020-05-07 17:16:38.739566','2020-05-07 17:16:38.739586'),(204,'','2020-05-07 17:18:09.157247','2020-05-07 17:18:09.157266'),(205,'','2020-05-07 17:19:25.447237','2020-05-07 17:19:25.447256'),(206,'','2020-05-07 17:19:59.732472','2020-05-07 17:19:59.732491'),(207,'','2020-05-07 17:22:39.305128','2020-05-07 17:22:39.305147'),(208,'','2020-05-07 17:24:18.366692','2020-05-07 17:24:18.366712'),(209,'','2020-05-07 17:28:17.456421','2020-05-07 17:28:28.802011'),(210,'','2020-05-07 17:30:02.435937','2020-05-07 17:30:02.545066'),(211,'','2020-05-07 17:35:53.676330','2020-05-07 17:35:53.676348'),(212,'','2020-05-07 17:36:54.455797','2020-05-07 17:36:54.455815'),(213,'','2020-05-07 17:37:47.259109','2020-05-07 17:37:47.259128'),(214,'','2020-05-07 17:37:47.402589','2020-05-07 17:37:47.402606'),(215,'','2020-05-07 17:38:48.435812','2020-05-07 17:38:48.435831'),(216,'','2020-05-07 17:43:34.613050','2020-05-07 17:43:34.613068'),(217,'','2020-05-07 17:44:31.940683','2020-05-07 17:44:31.940701'),(218,'','2020-05-07 17:45:32.136723','2020-05-07 17:45:32.136742'),(219,'','2020-05-07 17:46:07.387463','2020-05-07 17:46:07.387482'),(220,'','2020-05-07 17:46:55.596690','2020-05-07 17:46:55.596708'),(221,'','2020-05-07 17:52:15.744185','2020-05-07 17:52:15.744204'),(222,'','2020-05-07 17:59:56.185909','2020-05-07 17:59:56.185926'),(223,'','2020-05-07 18:03:46.774658','2020-05-07 18:03:46.774676'),(224,'','2020-05-07 18:08:36.016886','2020-05-07 18:08:36.016904'),(225,'','2020-05-07 18:14:16.861780','2020-05-07 18:14:16.861799'),(226,'','2020-05-07 18:21:48.878504','2020-05-07 18:21:48.878524'),(227,'','2020-05-07 18:23:13.186459','2020-05-07 18:23:13.186476'),(228,'','2020-05-07 18:26:39.354688','2020-05-07 18:26:39.354706'),(229,'','2020-05-07 18:28:51.428390','2020-05-07 18:28:51.428424'),(230,'','2020-05-07 18:31:01.805729','2020-05-07 18:31:01.805748'),(231,'NINGUNA','2020-05-07 18:32:32.802835','2020-05-07 18:32:32.802856'),(232,'','2020-05-07 18:33:45.548969','2020-05-07 18:33:45.548987'),(233,'','2020-05-07 18:37:00.293391','2020-05-07 18:37:00.293409'),(234,'NINGUNA','2020-05-07 18:37:14.016551','2020-05-07 18:37:14.016569'),(235,'NINGUNA','2020-05-07 18:40:24.221169','2020-05-07 18:40:24.221187'),(236,'NINGUNA','2020-05-07 18:56:40.151353','2020-05-07 18:56:40.151387'),(237,'NINGUNA','2020-05-07 18:58:53.721306','2020-05-07 18:58:53.721325'),(238,'NINGUNA','2020-05-07 19:02:31.719477','2020-05-07 19:08:00.054554'),(239,'NINGUNA','2020-05-07 19:04:49.674761','2020-05-07 19:04:49.674780'),(240,'NINGUNA','2020-05-07 19:07:06.494285','2020-05-07 19:07:06.494302'),(241,'NINGUNO','2020-05-07 19:12:22.811814','2020-05-07 19:12:22.811832'),(242,'','2020-05-07 19:18:47.473008','2020-05-07 19:18:47.473026'),(243,'','2020-05-07 22:03:16.356100','2020-05-07 22:03:16.356117'),(244,'No aplica','2020-05-07 22:04:16.682857','2020-05-07 22:04:16.682873'),(245,'','2020-05-07 22:04:16.910969','2020-05-07 22:04:16.910987'),(246,'','2020-05-07 22:04:16.985300','2020-05-07 22:04:16.985345'),(247,'','2020-05-07 22:04:17.035340','2020-05-07 22:04:17.035361'),(248,'No aplica','2020-05-07 22:06:15.571346','2020-05-07 22:06:15.571382'),(249,'','2020-05-07 22:08:28.808449','2020-05-07 22:08:28.808468'),(250,'','2020-05-07 22:10:01.265347','2020-05-07 22:10:01.265397'),(251,'','2020-05-07 22:16:27.249521','2020-05-07 22:16:27.249540'),(252,'','2020-05-07 22:19:33.193048','2020-05-07 22:19:33.193067'),(253,'No aplica','2020-05-07 22:30:02.245037','2020-05-07 22:30:02.245056'),(254,'No aplica','2020-05-07 22:30:46.564297','2020-05-07 22:30:46.564318'),(255,'No aplica','2020-05-07 22:32:38.752000','2020-05-07 22:32:38.752019'),(256,'','2020-05-07 22:33:34.319544','2020-05-07 22:33:34.319563'),(257,'','2020-05-07 22:36:50.400093','2020-05-07 22:36:50.400111'),(258,'','2020-05-07 22:40:17.384642','2020-05-07 22:40:17.384661'),(259,'','2020-05-07 22:41:57.259913','2020-05-07 22:41:57.259931'),(260,'','2020-05-07 22:43:46.939286','2020-05-07 22:44:07.270660'),(261,'','2020-05-07 22:45:25.868532','2020-05-07 22:45:25.868550'),(262,'','2020-05-07 22:46:46.759720','2020-05-07 22:46:46.759739'),(263,'','2020-05-07 22:51:54.821523','2020-05-07 22:51:54.821542'),(264,'','2020-05-07 22:53:00.114713','2020-05-07 22:53:00.114731'),(265,'','2020-05-07 22:53:45.976014','2020-05-07 22:53:45.976031'),(266,'','2020-05-07 22:54:27.429331','2020-05-07 22:54:27.429348'),(267,'','2020-05-07 22:55:20.588570','2020-05-07 22:55:20.588588'),(268,'','2020-05-07 22:56:06.711694','2020-05-07 22:56:06.711712'),(269,'','2020-05-07 22:57:41.212926','2020-05-07 22:57:41.212944'),(270,'','2020-05-07 22:59:06.634237','2020-05-07 22:59:06.634255'),(271,'','2020-05-11 22:11:52.284279','2020-05-11 22:11:52.284297'),(272,'En este apartado de DATOS CURRICULARES solo se guarda el dato principal como profesionista','2020-05-11 22:56:01.668773','2020-05-12 00:23:29.874355'),(273,'Observaciones del ENCARGO ACTUAL','2020-05-12 00:33:14.523163','2020-05-12 00:33:14.523182'),(274,'Observación de EXPERIENCIA LABORAL --','2020-05-12 00:41:07.179384','2020-05-12 00:41:07.179415'),(275,'OBSERVACION DE LA PAREJA','2020-05-12 00:45:52.303302','2020-05-12 00:46:06.318776'),(276,'Observaciones de DEPENDIENTES ECONOMICOS','2020-05-12 00:48:17.184685','2020-05-12 00:48:17.184704'),(277,'Observaciones de INGRESOS NETOS ------','2020-05-12 00:55:44.356055','2020-05-12 00:57:35.629422'),(278,'Observaciones de SERVIDOR PUBLICO','2020-05-12 00:59:09.472373','2020-05-12 00:59:09.472420'),(279,'Observación de la sección de BIENES INMUEBLES','2020-05-12 02:46:49.040705','2020-05-12 03:21:07.377989'),(280,'Observaciones MUEBLES NO REGISTRABLES / VEHICULOS','2020-05-12 03:22:02.196590','2020-05-12 03:22:02.196627'),(281,'Observación de un MUEBLE','2020-05-12 03:22:57.839013','2020-05-12 03:22:57.839031'),(282,'Observación de INVERSIONES','2020-05-12 03:23:44.949551','2020-05-12 03:24:51.347817'),(283,'Observacion de FIDEICOMISO','2020-05-12 03:27:10.408393','2020-05-12 03:27:10.408424'),(284,'Observación de ADEUDOS','2020-05-12 03:30:20.250977','2020-05-12 03:30:20.250994'),(285,'Observaciones de PRESTAMO COMO DATO','2020-05-12 03:31:09.123291','2020-05-12 03:31:09.123310'),(286,'Observacion de socios-comerciales','2020-05-12 03:51:41.105688','2020-05-12 03:51:41.105707'),(287,'Observación de  toma de deciciones','2020-05-12 03:52:23.489455','2020-05-12 03:52:23.489473'),(288,'Observación de APOYOS','2020-05-12 03:53:19.196874','2020-05-12 03:53:19.196893'),(289,'Observación de REPRESENTACIONES','2020-05-12 03:54:04.251771','2020-05-12 03:54:04.251790'),(290,'Observación de CLIENTES PRINCIPALES','2020-05-12 03:54:44.003987','2020-05-12 03:54:44.004006'),(291,'Observación de BENEFICIOS','2020-05-12 03:55:19.243123','2020-05-12 03:55:19.243142'),(292,'','2020-05-13 17:03:56.288631','2020-05-13 17:03:56.288663'),(293,'','2020-05-15 02:32:01.770298','2020-05-15 02:32:01.770316'),(294,'','2020-05-15 02:32:58.582037','2020-05-15 02:32:58.582054'),(295,'','2020-05-15 02:32:58.793620','2020-05-15 02:32:58.793640'),(296,'','2020-05-15 02:32:58.867697','2020-05-15 02:32:58.867714'),(297,'','2020-05-15 02:32:58.917757','2020-05-15 02:32:58.917774'),(298,'none','2020-05-15 14:23:07.589739','2020-05-15 17:57:40.965070'),(299,'adsadads','2020-05-15 17:58:41.036921','2020-05-15 17:58:41.036939'),(300,'ninguno','2020-05-15 18:16:14.033334','2020-05-15 18:16:14.033355'),(301,'ninguna','2020-05-15 18:16:59.158599','2020-05-15 18:16:59.158617'),(302,'desde el nuevo mundo','2020-05-15 18:18:32.884052','2020-05-15 18:18:32.884071'),(303,'none','2020-05-15 18:20:12.963635','2020-05-15 18:20:12.963653'),(304,'aaaa','2020-05-15 18:21:27.684563','2020-05-15 18:21:27.684582'),(305,'','2020-05-15 18:21:39.712290','2020-05-15 18:21:39.712307'),(306,'','2020-05-15 18:23:31.767119','2020-05-15 18:23:31.767137'),(307,'que tonterias','2020-05-15 18:25:58.411937','2020-05-15 18:25:58.411954'),(308,'ninguna','2020-05-15 18:27:30.113031','2020-05-15 18:27:30.113053'),(309,'ninguna','2020-05-15 18:44:31.979424','2020-05-15 18:44:31.979442'),(310,'ninguna','2020-05-15 18:55:23.963317','2020-05-15 18:55:23.963334'),(311,'aaaaa','2020-05-15 18:57:26.296954','2020-05-15 19:04:31.726060'),(312,'khjkhkjhkj','2020-05-15 18:59:20.154848','2020-05-15 19:02:54.313202'),(313,'','2020-05-15 19:03:51.504887','2020-05-15 19:03:51.504904'),(314,'sfgchjkghxgc','2020-05-15 19:06:03.950722','2020-05-15 19:06:03.950741'),(315,'No aplica','2020-05-15 19:06:07.098056','2020-05-15 19:14:01.083255'),(316,'kjhkjhkj','2020-05-15 19:06:32.780512','2020-05-15 19:14:50.364825'),(317,'sfgchjkghxgc','2020-05-15 19:06:52.659119','2020-05-15 19:06:52.659138'),(318,'aaaa','2020-05-15 19:08:38.941060','2020-05-15 19:08:38.941078'),(319,'aaaaaa','2020-05-15 19:20:46.468762','2020-05-15 19:20:46.468781'),(320,'aaaaaa','2020-05-15 19:22:26.784518','2020-05-15 19:22:26.784537'),(321,'aaaaaa','2020-05-15 19:25:45.543725','2020-05-15 19:25:45.543744'),(322,'aaaaaa','2020-05-15 19:26:31.247341','2020-05-15 19:26:31.247364'),(323,'compra descarada de votos','2020-05-15 19:28:00.568949','2020-05-15 19:28:00.568967'),(324,'none','2020-05-15 19:28:49.880836','2020-05-15 19:28:49.880855'),(325,'none','2020-05-15 19:30:04.906208','2020-05-15 19:30:04.906226'),(326,'none','2020-05-15 19:30:51.302954','2020-05-15 19:30:51.302972'),(327,'aaaSA','2020-05-15 19:36:19.646681','2020-05-15 19:36:19.646705'),(328,'No aplica.','2020-05-15 19:38:26.558159','2020-05-15 19:38:26.558176'),(329,'','2020-05-15 19:38:26.752760','2020-05-15 19:38:26.752801'),(330,'','2020-05-15 19:38:26.802228','2020-05-15 19:38:26.802251'),(331,'','2020-05-15 19:38:26.860706','2020-05-15 19:38:26.860729'),(332,'No aplica','2020-05-15 19:40:33.851464','2020-05-15 19:40:33.851482'),(333,'No aplica','2020-05-15 19:41:51.307560','2020-05-15 19:41:51.307579'),(334,'ninguna','2020-05-15 19:45:38.974115','2020-05-15 19:45:38.974132'),(335,'','2020-05-15 19:45:39.210629','2020-05-15 19:45:39.210647'),(336,'','2020-05-15 19:45:39.259990','2020-05-15 19:45:39.260008'),(337,'','2020-05-15 19:45:39.359360','2020-05-15 19:45:39.359378'),(338,'mhkjhkjhkj','2020-05-15 19:46:34.595671','2020-05-15 19:46:54.396084'),(339,'kjlkjlk','2020-05-15 19:48:57.466074','2020-05-15 19:48:57.466092'),(340,'No aplica','2020-05-15 19:50:33.504595','2020-05-15 19:50:33.504613'),(341,'No aplica','2020-05-15 19:52:08.119605','2020-05-15 19:52:08.119623'),(342,'No aplica','2020-05-15 19:54:42.880925','2020-05-15 19:54:42.880944'),(343,'No aplica','2020-05-15 19:55:48.218429','2020-05-15 19:55:48.218449'),(344,'No aplica','2020-05-15 19:57:12.239947','2020-05-15 19:57:12.239968'),(345,'No aplica','2020-05-15 19:59:35.630956','2020-05-15 19:59:35.630975'),(346,'none','2020-05-15 20:01:23.104605','2020-05-15 20:01:23.104623'),(347,'No aplica','2020-05-15 20:01:28.295808','2020-05-15 20:01:28.295825'),(348,'No lo sabe.','2020-05-15 20:02:37.726510','2020-05-15 20:02:37.726527'),(349,'No aplica','2020-05-15 20:03:44.444887','2020-05-15 20:03:44.444906'),(350,'No aplica','2020-05-15 20:04:47.276499','2020-05-15 20:04:47.276518'),(351,'jhjhkj','2020-05-15 20:05:02.062614','2020-05-15 20:05:02.062634'),(352,'nnnnnn','2020-05-15 20:06:00.253173','2020-05-15 20:06:00.253192'),(353,'No aplica','2020-05-15 20:06:52.030863','2020-05-15 20:06:52.030881'),(354,'No aplica','2020-05-15 20:08:19.505360','2020-05-15 20:08:19.505394'),(355,'No aplcia','2020-05-15 20:08:49.952029','2020-05-15 20:08:49.952047'),(356,'No aplcia','2020-05-15 20:09:39.395925','2020-05-15 20:09:39.395944'),(357,'No aplica','2020-05-15 20:10:40.687990','2020-05-15 20:10:40.688010'),(358,'No aplica','2020-05-15 20:11:47.505820','2020-05-15 20:11:47.505839'),(359,'No aplica','2020-05-15 20:12:46.817537','2020-05-15 20:12:46.817556'),(360,'No aplcia','2020-05-15 20:14:02.753394','2020-05-15 20:14:02.753413'),(361,'ninguna','2020-05-15 20:22:31.811876','2020-05-15 20:22:31.811894'),(362,'NO aplica','2020-05-15 20:23:17.574409','2020-05-15 20:23:17.574425'),(363,'','2020-05-15 20:23:17.785989','2020-05-15 20:23:17.786006'),(364,'','2020-05-15 20:23:17.826746','2020-05-15 20:23:17.826764'),(365,'','2020-05-15 20:23:17.885317','2020-05-15 20:23:17.885362'),(366,'No aplica','2020-05-15 20:23:59.130946','2020-05-15 20:23:59.130965'),(367,'No aplica','2020-05-15 20:25:09.998092','2020-05-15 20:25:09.998111'),(368,'NO aplica','2020-05-15 20:25:41.803558','2020-05-15 20:26:28.178079'),(369,'No aplica','2020-05-15 20:28:08.368597','2020-05-15 20:28:08.368616'),(370,'No aplica','2020-05-15 20:29:26.286950','2020-05-15 20:29:26.286968'),(371,'NO aplica','2020-05-15 20:31:02.411785','2020-05-15 20:32:28.063424'),(372,'No aplica','2020-05-15 20:34:21.528082','2020-05-15 20:34:21.528100'),(373,'No aplica','2020-05-15 20:37:09.702314','2020-05-15 20:37:09.702332'),(374,'none','2020-05-15 20:38:37.840687','2020-05-15 20:38:37.840705'),(375,'Viene Diego rumbeando.','2020-05-15 20:38:42.220003','2020-05-15 20:38:42.220020'),(376,'No aplica','2020-05-15 20:39:56.518880','2020-05-15 20:39:56.518926'),(377,'No aplica','2020-05-15 20:41:18.662252','2020-05-15 20:41:18.662271'),(378,'No aplica','2020-05-15 20:42:11.901847','2020-05-15 20:42:11.901865'),(379,'No aplica','2020-05-15 20:43:39.382117','2020-05-15 20:43:39.382135'),(380,'I can go with you to hell','2020-05-15 20:44:18.966326','2020-05-15 20:44:18.966344'),(381,'No aplica','2020-05-15 20:45:33.749628','2020-05-15 20:45:33.749646'),(382,'1111','2020-05-15 20:46:00.189744','2020-05-15 20:46:00.189762'),(383,'No aplica','2020-05-15 20:46:11.004966','2020-05-15 20:46:11.004984'),(384,'No aplica','2020-05-15 20:47:00.553330','2020-05-15 20:47:00.553348'),(385,'hghjhhjhj','2020-05-15 20:47:27.427019','2020-05-15 20:47:27.427077'),(386,'No aplica','2020-05-15 20:47:42.389181','2020-05-15 20:47:42.389199'),(387,'NO aplica','2020-05-15 20:48:14.685139','2020-05-15 20:48:14.685159'),(388,'No aplica','2020-05-15 20:49:32.499178','2020-05-15 20:49:32.499198'),(389,'sSSAsas','2020-05-15 20:49:42.656901','2020-05-15 20:49:42.656918'),(390,'ninguna','2020-05-15 20:52:54.900249','2020-05-15 20:52:54.900268'),(391,'none','2020-05-15 20:54:22.861542','2020-05-15 20:54:22.861561'),(392,'dasdsasad','2020-05-15 21:03:10.107019','2020-05-15 21:03:10.107041'),(393,'aaaaaa','2020-05-15 21:03:43.968303','2020-05-15 21:03:43.968321'),(394,'aaaaa','2020-05-15 21:04:19.839559','2020-05-15 21:04:19.839577'),(395,'compra de votos','2020-05-15 21:05:06.088890','2020-05-15 21:05:06.088909'),(396,'asdsa','2020-05-15 21:05:44.211390','2020-05-15 21:05:44.211421'),(397,'dsaadsd','2020-05-15 21:06:52.415090','2020-05-15 21:06:52.415109'),(398,'paar nada','2020-05-15 21:07:37.818904','2020-05-15 21:07:37.818923'),(399,'asdsas sfsfds','2020-05-15 21:08:19.501810','2020-05-15 21:08:19.501829'),(400,'','2020-05-15 22:28:24.497243','2020-05-15 22:28:24.497274'),(401,'aSASAS','2020-05-15 22:29:39.701919','2020-05-15 22:45:58.622806'),(402,'','2020-05-15 22:29:39.863303','2020-05-15 22:29:39.863322'),(403,'','2020-05-15 22:29:39.912562','2020-05-15 22:29:39.912580'),(404,'','2020-05-15 22:29:39.962647','2020-05-15 22:29:39.962664'),(405,'asassd asa','2020-05-15 22:46:57.500800','2020-05-15 22:46:57.500818'),(406,'','2020-05-15 23:01:37.906639','2020-05-15 23:01:37.906670'),(407,'asaaas','2020-05-15 23:03:11.943229','2020-05-16 02:24:14.959963'),(408,'','2020-05-15 23:03:12.154765','2020-05-15 23:03:12.154784'),(409,'','2020-05-15 23:03:12.204118','2020-05-15 23:03:12.204136'),(410,'','2020-05-15 23:03:12.237488','2020-05-15 23:03:12.237506'),(411,'','2020-05-16 02:00:05.626552','2020-05-16 02:00:05.626570'),(412,'sasaasd','2020-05-16 02:26:21.038321','2020-05-16 02:26:21.038339'),(413,'xasads','2020-05-16 02:27:00.624082','2020-05-16 02:27:00.624100'),(414,'XSA','2020-05-16 02:28:53.484524','2020-05-16 02:28:53.484542'),(415,'SDASDSA','2020-05-16 02:32:47.996108','2020-05-16 02:32:47.996126'),(416,'SADSA','2020-05-16 02:33:31.229679','2020-05-16 02:33:31.229698'),(417,'HOLA','2020-05-16 02:34:38.012586','2020-05-16 02:34:38.012604'),(418,'ASDDASDSA','2020-05-16 02:36:55.836749','2020-05-16 02:36:55.836768'),(419,'ADSDASDS','2020-05-16 02:38:49.459313','2020-05-16 02:38:49.459331'),(420,'PASTEL DE CHOCOLATE','2020-05-16 02:40:45.999123','2020-05-16 02:40:45.999141'),(421,'saSA ASSS','2020-05-16 02:42:26.758053','2020-05-16 02:42:26.758071'),(422,'AASDAS','2020-05-16 02:43:49.160229','2020-05-16 02:43:49.160248'),(423,'SASAs','2020-05-16 02:48:49.652059','2020-05-16 02:48:49.652077'),(424,'Sassadsa','2020-05-16 02:49:42.962907','2020-05-16 02:49:42.962926'),(425,'sadasda asdsd adsdas','2020-05-16 02:50:24.246325','2020-05-16 02:50:24.246343'),(426,'dassdas dsadsa','2020-05-16 02:51:09.204481','2020-05-16 02:51:09.204500'),(427,'paonksakdas  dasjdas','2020-05-16 02:52:15.066563','2020-05-16 02:52:15.066582'),(428,'none','2020-05-16 02:52:58.742613','2020-05-16 02:52:58.742632'),(429,'LOPPEZ','2020-05-16 02:53:33.702023','2020-05-16 02:53:33.702042'),(430,'ADSASD DAAD','2020-05-16 02:54:12.018574','2020-05-16 02:54:12.018593'),(431,'SsaA SA S','2020-05-16 02:55:27.829829','2020-05-16 02:55:27.829847'),(432,'ASDASASD','2020-05-16 02:56:24.494667','2020-05-16 02:56:24.494684'),(433,'','2020-05-16 02:56:24.647655','2020-05-16 02:56:24.647673'),(434,'','2020-05-16 02:56:24.736490','2020-05-16 02:56:24.736513'),(435,'','2020-05-16 02:56:24.813932','2020-05-16 02:56:24.813954'),(436,'ASDSADA','2020-05-16 02:57:37.695586','2020-05-16 02:57:37.695605'),(437,'ASDD ASDD DA DDS','2020-05-16 02:58:39.514381','2020-05-16 02:58:57.891264'),(438,'<XDA ASDAS','2020-05-16 03:00:07.968606','2020-05-16 03:00:07.968624'),(439,'AS SAss A','2020-05-16 03:01:36.470446','2020-05-16 03:01:36.470465'),(440,'ASASD','2020-05-16 03:03:12.322001','2020-05-16 03:03:12.322021'),(441,'QWE QWEQW','2020-05-16 03:05:40.178827','2020-05-16 03:05:40.178846'),(442,'DA AD A','2020-05-16 03:07:49.356876','2020-05-16 03:07:49.356894'),(443,'JH HJ KJH H JK','2020-05-16 03:10:00.346254','2020-05-16 03:10:00.346276'),(444,'SAS SAs','2020-05-16 03:12:05.790704','2020-05-16 03:12:05.790722'),(445,'S S Sa','2020-05-16 03:13:27.283951','2020-05-16 03:13:27.283969'),(446,'A SA AS','2020-05-16 03:14:38.244985','2020-05-16 03:14:38.245003'),(447,'SASASA','2020-05-16 03:16:11.242915','2020-05-16 03:16:11.242934'),(448,'klj jlkj lk','2020-05-16 03:17:12.034787','2020-05-16 03:17:12.034805'),(449,'klklkl jjkkjl jjkljk','2020-05-16 03:17:54.855649','2020-05-16 03:17:54.855667'),(450,'jjklkjkjl jjlkk','2020-05-16 03:18:36.283208','2020-05-16 03:18:36.283225'),(451,'asSA','2020-05-16 03:19:21.812929','2020-05-16 03:19:21.812947'),(452,'<XZ ADDAS SADDAS','2020-05-16 03:20:03.669410','2020-05-16 03:20:03.669427'),(453,'ASD DAS AD DAS','2020-05-16 03:20:41.977816','2020-05-16 03:20:41.977834'),(454,'DQW QQW QWEQ','2020-05-16 03:21:20.966549','2020-05-16 03:21:20.966568'),(455,'POLLL APPA A','2020-05-16 03:22:43.020925','2020-05-16 03:22:43.020943'),(456,'','2020-05-16 03:23:38.403596','2020-05-16 03:24:10.302523'),(457,'','2020-05-16 03:23:38.564889','2020-05-16 03:23:38.564907'),(458,'','2020-05-16 03:23:38.630913','2020-05-16 03:23:38.630930'),(459,'','2020-05-16 03:23:38.672576','2020-05-16 03:23:38.672593'),(460,'AS ASD A','2020-05-16 03:24:59.602687','2020-05-16 03:24:59.602705'),(461,'A A DAS','2020-05-16 03:25:54.059717','2020-05-16 03:25:54.059735'),(462,'ASD A DA','2020-05-16 03:26:33.524491','2020-05-16 03:26:33.524508'),(463,'SA S S SA','2020-05-16 03:27:28.153416','2020-05-16 03:27:28.153435'),(464,'1 12 2112','2020-05-16 03:28:54.944476','2020-05-16 03:28:54.944495'),(465,'SAD DADA ASDDAS','2020-05-16 03:29:55.500915','2020-05-16 03:29:55.500932'),(466,'DDAS ADDAD','2020-05-16 03:31:12.235039','2020-05-16 03:31:12.235057'),(467,'Z<X<ZXZ< SASA','2020-05-16 03:33:22.504108','2020-05-16 03:33:22.504125'),(468,'SAas s s','2020-05-16 03:35:04.163711','2020-05-16 03:35:04.163728'),(469,'SAS SA','2020-05-16 03:35:52.802532','2020-05-16 03:35:52.802549'),(470,'as sasa','2020-05-16 03:36:36.042252','2020-05-16 03:36:36.042270'),(471,'a as adas','2020-05-16 03:37:40.193486','2020-05-16 03:37:40.193503'),(472,'ad ads a a','2020-05-16 03:38:24.850753','2020-05-16 03:38:24.850771'),(473,'jk hj kjh k','2020-05-16 03:39:00.013529','2020-05-16 03:39:00.013549'),(474,'kljklj jlklj klkl','2020-05-16 03:39:42.311355','2020-05-16 03:39:42.311388'),(475,'lololl','2020-05-16 03:40:19.934924','2020-05-16 03:40:19.934943'),(476,'as asd asd','2020-05-16 03:41:09.592007','2020-05-16 03:41:09.592025'),(477,'as as ads das','2020-05-16 03:41:49.589817','2020-05-16 03:41:49.589835'),(478,'asd assa asd','2020-05-16 03:42:33.820221','2020-05-16 03:42:33.820238'),(479,'ppp ppp ppp ppp','2020-05-16 03:43:22.887911','2020-05-16 03:43:22.887928');
/*!40000 ALTER TABLE `declaracion_observaciones` ENABLE KEYS */;
UNLOCK TABLES;

--
-- Table structure for table `declaracion_prestamocomodato`
--

DROP TABLE IF EXISTS `declaracion_prestamocomodato`;
/*!40101 SET @saved_cs_client     = @@character_set_client */;
/*!40101 SET character_set_client = utf8 */;
CREATE TABLE `declaracion_prestamocomodato` (
  `id` int(11) NOT NULL AUTO_INCREMENT,
  `otra_operacion` varchar(255) NOT NULL,
  `tipo_obj_comodato` varchar(100) DEFAULT NULL,
  `otro_tipo_inmueble` varchar(100) DEFAULT NULL,
  `otro_tipo_mueble` varchar(255) NOT NULL,
  `mueble_marca` varchar(255) NOT NULL,
  `mueble_submarca` varchar(255) NOT NULL,
  `mueble_modelo` int(11) DEFAULT NULL,
  `mueble_num_serie` varchar(255) NOT NULL,
  `mueble_num_registro` varchar(255) NOT NULL,
  `otro_tipo_relacion` varchar(255) NOT NULL,
  `otro_tipo_adeudo` varchar(255) NOT NULL,
  `cat_paises_id` int(11) DEFAULT NULL,
  `cat_tipos_inmueble_id` int(11) DEFAULT NULL,
  `cat_tipos_muebles_id` int(11) DEFAULT NULL,
  `cat_tipos_operaciones_id` int(11) DEFAULT NULL,
  `declaraciones_id` int(11) NOT NULL,
  `inmueble_domicilios_id` int(11) DEFAULT NULL,
  `observaciones_id` int(11) NOT NULL,
  `titular_infopersonalVar_id` int(11) DEFAULT NULL,
  `titular_relacion_id` int(11) DEFAULT NULL,
  PRIMARY KEY (`id`),
  KEY `declaracion_prestamo_cat_paises_id_4ab8eda8_fk_declaraci` (`cat_paises_id`),
  KEY `declaracion_prestamo_cat_tipos_inmueble_i_831c45ff_fk_declaraci` (`cat_tipos_inmueble_id`),
  KEY `declaracion_prestamo_cat_tipos_muebles_id_1b69f005_fk_declaraci` (`cat_tipos_muebles_id`),
  KEY `declaracion_prestamo_cat_tipos_operacione_3fab732c_fk_declaraci` (`cat_tipos_operaciones_id`),
  KEY `declaracion_prestamo_declaraciones_id_b63d3649_fk_declaraci` (`declaraciones_id`),
  KEY `declaracion_prestamo_inmueble_domicilios__1f840946_fk_declaraci` (`inmueble_domicilios_id`),
  KEY `declaracion_prestamo_observaciones_id_252fa429_fk_declaraci` (`observaciones_id`),
  KEY `declaracion_prestamo_titular_infopersonal_cb34e238_fk_declaraci` (`titular_infopersonalVar_id`),
  KEY `declaracion_prestamo_titular_relacion_id_a35cb496_fk_declaraci` (`titular_relacion_id`),
  CONSTRAINT `declaracion_prestamo_cat_paises_id_4ab8eda8_fk_declaraci` FOREIGN KEY (`cat_paises_id`) REFERENCES `declaracion_catpaises` (`id`),
  CONSTRAINT `declaracion_prestamo_cat_tipos_inmueble_i_831c45ff_fk_declaraci` FOREIGN KEY (`cat_tipos_inmueble_id`) REFERENCES `declaracion_cattiposinmuebles` (`id`),
  CONSTRAINT `declaracion_prestamo_cat_tipos_muebles_id_1b69f005_fk_declaraci` FOREIGN KEY (`cat_tipos_muebles_id`) REFERENCES `declaracion_cattiposmuebles` (`id`),
  CONSTRAINT `declaracion_prestamo_cat_tipos_operacione_3fab732c_fk_declaraci` FOREIGN KEY (`cat_tipos_operaciones_id`) REFERENCES `declaracion_cattiposoperaciones` (`id`),
  CONSTRAINT `declaracion_prestamo_declaraciones_id_b63d3649_fk_declaraci` FOREIGN KEY (`declaraciones_id`) REFERENCES `declaracion_declaraciones` (`id`),
  CONSTRAINT `declaracion_prestamo_inmueble_domicilios__1f840946_fk_declaraci` FOREIGN KEY (`inmueble_domicilios_id`) REFERENCES `declaracion_domicilios` (`id`),
  CONSTRAINT `declaracion_prestamo_observaciones_id_252fa429_fk_declaraci` FOREIGN KEY (`observaciones_id`) REFERENCES `declaracion_observaciones` (`id`),
  CONSTRAINT `declaracion_prestamo_titular_infopersonal_cb34e238_fk_declaraci` FOREIGN KEY (`titular_infopersonalVar_id`) REFERENCES `declaracion_infopersonalvar` (`id`),
  CONSTRAINT `declaracion_prestamo_titular_relacion_id_a35cb496_fk_declaraci` FOREIGN KEY (`titular_relacion_id`) REFERENCES `declaracion_cattiposrelacionespersonales` (`id`)
) ENGINE=InnoDB AUTO_INCREMENT=21 DEFAULT CHARSET=latin1;
/*!40101 SET character_set_client = @saved_cs_client */;

--
-- Dumping data for table `declaracion_prestamocomodato`
--

LOCK TABLES `declaracion_prestamocomodato` WRITE;
/*!40000 ALTER TABLE `declaracion_prestamocomodato` DISABLE KEYS */;
INSERT INTO `declaracion_prestamocomodato` VALUES (1,'',NULL,NULL,'','Honda','Civic',2018,'12141231','123151231','Amigo','Comodato',142,1,1,1,1,8,22,11,38),(2,'',NULL,NULL,'','Honda','Acord',2001,'9928938','1299381992','','Comodato',142,1,1,1,3,27,54,32,1),(3,'',NULL,NULL,'','MAZDA','FORD',789,'25987','8977115510','','Comodato',142,7,1,1,2,45,81,52,38),(4,'',NULL,NULL,'','','',NULL,'','','','Comodato',142,1,NULL,1,4,56,96,68,NULL),(5,'',NULL,NULL,'Carreta','Sin Marca','Para arado',-1,'Sin Numero','Sin numero','Padre','Comodato',142,7,9,2,6,71,124,84,38),(6,'',NULL,NULL,'','','',NULL,'','','','Comodato',142,NULL,NULL,NULL,7,80,140,95,NULL),(7,'',NULL,NULL,'','','',NULL,'','','','Comodato',142,NULL,NULL,NULL,8,90,157,107,NULL),(8,'',NULL,NULL,'','','',NULL,'','','','Comodato',142,NULL,NULL,NULL,9,99,173,117,NULL),(9,'',NULL,NULL,'','','',NULL,'','','','Comodato',142,1,9,1,10,107,188,125,38),(10,'',NULL,NULL,'','','',NULL,'','','','Comodato',142,6,NULL,1,12,118,213,140,NULL),(11,'',NULL,NULL,'','','',NULL,'','','','Comodato',142,6,NULL,1,12,119,214,141,NULL),(12,'',NULL,NULL,'','MAZDA','TORO',4589,'494987','','','Comodato',142,7,1,1,13,153,263,184,11),(13,'',NULL,NULL,'','FORD','2',2018,'494987','34234','','Comodato',142,1,1,1,11,171,285,205,1),(14,'',NULL,NULL,'','peprprpr','aaaaa',11112,'121132312321','1223123','ninguno','Comodato',142,1,1,1,14,192,320,229,38),(15,'',NULL,NULL,'','Volks','Bocho',2001,'2231324','23253','','Comodato',142,1,1,1,15,213,353,251,1),(16,'',NULL,NULL,'','Neon','Spirit',1920,'1212412','12421123','','Comodato',142,1,1,1,17,229,379,270,1),(17,'',NULL,NULL,'','peprprpr','aaaaa',2019,'1123321QS','1223123','','Comodato',142,NULL,1,NULL,16,240,392,286,1),(18,'',NULL,NULL,'','peprprpr','aaaaa',2010,'1123321QS','1223123','NINGUNO','Comodato',142,5,1,1,19,257,424,306,38),(19,'',NULL,NULL,'','peprprpr','aaaaa',1999,'','1223123','','Comodato',142,1,1,1,20,273,448,325,8),(20,'',NULL,NULL,'','peprprpr','aaaaa',2010,'1123321QS','1223123','','Comodato',142,1,1,1,21,289,472,344,8);
/*!40000 ALTER TABLE `declaracion_prestamocomodato` ENABLE KEYS */;
UNLOCK TABLES;

--
-- Table structure for table `declaracion_representaciones`
--

DROP TABLE IF EXISTS `declaracion_representaciones`;
/*!40101 SET @saved_cs_client     = @@character_set_client */;
/*!40101 SET character_set_client = utf8 */;
CREATE TABLE `declaracion_representaciones` (
  `id` int(11) NOT NULL AUTO_INCREMENT,
  `otra_representacion` varchar(255) NOT NULL,
  `fecha_inicio` date DEFAULT NULL,
  `pagado` tinyint(1) DEFAULT NULL,
  `created_at` datetime(6) NOT NULL,
  `updated_at` datetime(6) NOT NULL,
  `es_representacion_activa` tinyint(1) DEFAULT NULL,
  `monto` int(11) DEFAULT NULL,
  `es_mueble` tinyint(1) DEFAULT NULL,
  `otro_mueble` varchar(255) DEFAULT NULL,
  `cat_moneda_id` int(11) DEFAULT NULL,
  `cat_tipos_muebles_id` int(11) DEFAULT NULL,
  `cat_tipos_operaciones_id` int(11) DEFAULT NULL,
  `cat_tipos_relaciones_personales_id` int(11) DEFAULT NULL,
  `cat_tipos_representaciones_id` int(11) DEFAULT NULL,
  `declaraciones_id` int(11) NOT NULL,
  `info_personal_var_id` int(11) NOT NULL,
  `observaciones_id` int(11) NOT NULL,
  PRIMARY KEY (`id`),
  KEY `declaracion_represen_cat_moneda_id_ede36c3f_fk_declaraci` (`cat_moneda_id`),
  KEY `declaracion_represen_cat_tipos_muebles_id_3d480067_fk_declaraci` (`cat_tipos_muebles_id`),
  KEY `declaracion_represen_cat_tipos_operacione_4fcd608c_fk_declaraci` (`cat_tipos_operaciones_id`),
  KEY `declaracion_represen_cat_tipos_relaciones_93e0bbf5_fk_declaraci` (`cat_tipos_relaciones_personales_id`),
  KEY `declaracion_represen_cat_tipos_representa_15700f00_fk_declaraci` (`cat_tipos_representaciones_id`),
  KEY `declaracion_represen_declaraciones_id_9fc9f340_fk_declaraci` (`declaraciones_id`),
  KEY `declaracion_represen_info_personal_var_id_c945bcb6_fk_declaraci` (`info_personal_var_id`),
  KEY `declaracion_represen_observaciones_id_acef1dc3_fk_declaraci` (`observaciones_id`),
  CONSTRAINT `declaracion_represen_cat_moneda_id_ede36c3f_fk_declaraci` FOREIGN KEY (`cat_moneda_id`) REFERENCES `declaracion_catmonedas` (`id`),
  CONSTRAINT `declaracion_represen_cat_tipos_muebles_id_3d480067_fk_declaraci` FOREIGN KEY (`cat_tipos_muebles_id`) REFERENCES `declaracion_cattiposmuebles` (`id`),
  CONSTRAINT `declaracion_represen_cat_tipos_operacione_4fcd608c_fk_declaraci` FOREIGN KEY (`cat_tipos_operaciones_id`) REFERENCES `declaracion_cattiposoperaciones` (`id`),
  CONSTRAINT `declaracion_represen_cat_tipos_relaciones_93e0bbf5_fk_declaraci` FOREIGN KEY (`cat_tipos_relaciones_personales_id`) REFERENCES `declaracion_cattiposrelacionespersonales` (`id`),
  CONSTRAINT `declaracion_represen_cat_tipos_representa_15700f00_fk_declaraci` FOREIGN KEY (`cat_tipos_representaciones_id`) REFERENCES `declaracion_cattiposrepresentaciones` (`id`),
  CONSTRAINT `declaracion_represen_declaraciones_id_9fc9f340_fk_declaraci` FOREIGN KEY (`declaraciones_id`) REFERENCES `declaracion_declaraciones` (`id`),
  CONSTRAINT `declaracion_represen_info_personal_var_id_c945bcb6_fk_declaraci` FOREIGN KEY (`info_personal_var_id`) REFERENCES `declaracion_infopersonalvar` (`id`),
  CONSTRAINT `declaracion_represen_observaciones_id_acef1dc3_fk_declaraci` FOREIGN KEY (`observaciones_id`) REFERENCES `declaracion_observaciones` (`id`)
) ENGINE=InnoDB AUTO_INCREMENT=17 DEFAULT CHARSET=latin1;
/*!40101 SET character_set_client = @saved_cs_client */;

--
-- Dumping data for table `declaracion_representaciones`
--

LOCK TABLES `declaracion_representaciones` WRITE;
/*!40000 ALTER TABLE `declaracion_representaciones` DISABLE KEYS */;
INSERT INTO `declaracion_representaciones` VALUES (1,'','2011-01-01',1,'2020-05-02 18:48:03.529165','2020-05-02 18:48:03.529180',1,1000,NULL,NULL,101,NULL,1,1,1,1,13,26),(2,'','2016-01-01',0,'2020-05-02 20:56:25.731323','2020-05-02 20:56:25.731338',1,NULL,NULL,NULL,NULL,NULL,1,1,1,3,34,58),(3,'','1986-01-01',1,'2020-05-03 04:36:01.922957','2020-05-03 04:36:01.922972',1,4000,NULL,NULL,101,NULL,1,1,1,2,54,85),(4,'','1985-01-01',0,'2020-05-04 01:31:32.160071','2020-05-04 01:31:32.160086',1,NULL,NULL,NULL,NULL,NULL,1,11,1,4,70,100),(5,'','1999-10-06',0,'2020-05-07 17:45:32.216623','2020-05-07 17:45:32.216638',1,0,NULL,NULL,NULL,NULL,1,1,2,12,143,218),(6,'','2014-01-01',1,'2020-05-07 18:28:51.498090','2020-05-07 18:28:51.498105',1,0,NULL,NULL,101,NULL,1,11,1,6,155,229),(7,'','2014-01-23',0,'2020-05-07 19:04:49.754171','2020-05-07 19:04:49.754186',1,0,NULL,NULL,NULL,NULL,1,11,1,10,167,239),(8,'','2016-09-06',1,'2020-05-07 22:55:20.656835','2020-05-07 22:55:20.656850',1,600,NULL,NULL,101,NULL,1,1,2,13,186,267),(9,'','2019-06-18',1,'2020-05-12 03:54:04.326744','2020-05-12 03:54:04.326759',1,8520,NULL,NULL,101,NULL,1,1,1,11,207,289),(10,'','1995-06-07',1,'2020-05-15 19:28:49.989983','2020-05-15 19:28:49.989998',1,1,NULL,NULL,101,NULL,NULL,11,1,14,231,324),(11,'','2001-01-01',1,'2020-05-15 20:10:40.789086','2020-05-15 20:10:40.789101',1,121412,NULL,NULL,101,NULL,1,1,1,15,253,357),(12,'','2010-01-16',1,'2020-05-15 20:47:00.637663','2020-05-15 20:47:00.637692',1,10000,NULL,NULL,101,NULL,1,1,1,17,274,384),(13,'','1994-03-06',1,'2020-05-15 21:05:44.268124','2020-05-15 21:05:44.268140',1,200,NULL,NULL,101,NULL,1,8,1,16,288,396),(14,'','1954-06-05',1,'2020-05-16 02:52:58.841060','2020-05-16 02:52:58.841076',1,400,NULL,NULL,101,NULL,1,1,1,19,308,428),(15,'','2006-09-06',1,'2020-05-16 03:20:03.765445','2020-05-16 03:20:03.765460',1,300,NULL,NULL,101,NULL,1,11,2,20,327,452),(16,'','1981-08-10',1,'2020-05-16 03:41:09.667544','2020-05-16 03:41:09.667559',1,100,NULL,NULL,101,NULL,1,11,NULL,21,346,476);
/*!40000 ALTER TABLE `declaracion_representaciones` ENABLE KEYS */;
UNLOCK TABLES;

--
-- Table structure for table `declaracion_secciondeclaracion`
--

DROP TABLE IF EXISTS `declaracion_secciondeclaracion`;
/*!40101 SET @saved_cs_client     = @@character_set_client */;
/*!40101 SET character_set_client = utf8 */;
CREATE TABLE `declaracion_secciondeclaracion` (
  `id` int(11) NOT NULL AUTO_INCREMENT,
  `estatus` int(11) NOT NULL,
  `aplica` tinyint(1) NOT NULL,
  `max` int(11) NOT NULL,
  `num` int(11) NOT NULL,
  `created_at` datetime(6) NOT NULL,
  `updated_at` datetime(6) NOT NULL,
  `declaraciones_id` int(11) NOT NULL,
  `observaciones_id` int(11) DEFAULT NULL,
  `seccion_id` int(11) NOT NULL,
  PRIMARY KEY (`id`),
  KEY `declaracion_secciond_declaraciones_id_d2a22dad_fk_declaraci` (`declaraciones_id`),
  KEY `declaracion_secciond_observaciones_id_0ac9ba06_fk_declaraci` (`observaciones_id`),
  KEY `declaracion_secciond_seccion_id_809df765_fk_declaraci` (`seccion_id`),
  CONSTRAINT `declaracion_secciond_declaraciones_id_d2a22dad_fk_declaraci` FOREIGN KEY (`declaraciones_id`) REFERENCES `declaracion_declaraciones` (`id`),
  CONSTRAINT `declaracion_secciond_observaciones_id_0ac9ba06_fk_declaraci` FOREIGN KEY (`observaciones_id`) REFERENCES `declaracion_observaciones` (`id`),
  CONSTRAINT `declaracion_secciond_seccion_id_809df765_fk_declaraci` FOREIGN KEY (`seccion_id`) REFERENCES `declaracion_secciones` (`id`)
) ENGINE=InnoDB AUTO_INCREMENT=511 DEFAULT CHARSET=latin1;
/*!40101 SET character_set_client = @saved_cs_client */;

--
-- Dumping data for table `declaracion_secciondeclaracion`
--

LOCK TABLES `declaracion_secciondeclaracion` WRITE;
/*!40000 ALTER TABLE `declaracion_secciondeclaracion` DISABLE KEYS */;
INSERT INTO `declaracion_secciondeclaracion` VALUES (1,1,1,4,4,'2020-05-02 17:08:33.912554','2020-05-03 01:34:15.861511',1,NULL,2),(2,0,1,55,0,'2020-05-02 17:08:33.959641','2020-05-03 01:34:16.726948',1,9,1),(3,0,1,18,0,'2020-05-02 17:08:34.059765','2020-05-03 01:34:17.044176',1,10,17),(4,0,1,1,0,'2020-05-02 17:08:34.109948','2020-05-03 01:34:17.085944',1,11,25),(5,1,1,2,2,'2020-05-02 17:09:49.477453','2020-05-03 01:34:15.942703',1,NULL,3),(6,1,1,3,3,'2020-05-02 17:13:22.438466','2020-05-03 01:34:15.994522',1,NULL,4),(7,1,1,3,3,'2020-05-02 18:14:17.975390','2020-05-03 01:34:16.110912',1,NULL,6),(8,1,1,4,4,'2020-05-02 18:17:38.672513','2020-05-03 01:34:16.162117',1,NULL,7),(9,1,1,6,6,'2020-05-02 18:29:12.336103','2020-05-03 01:34:16.269648',1,NULL,9),(10,1,1,5,5,'2020-05-02 18:30:46.458295','2020-05-03 01:34:16.327898',1,NULL,10),(11,1,1,3,3,'2020-05-02 18:33:47.666939','2020-05-03 01:34:16.386256',1,NULL,11),(12,1,1,5,5,'2020-05-02 18:35:55.862306','2020-05-03 01:34:16.444825',1,NULL,12),(13,1,1,4,4,'2020-05-02 18:38:03.624343','2020-05-03 01:34:16.503129',1,NULL,13),(14,1,1,1,1,'2020-05-02 18:39:33.761690','2020-05-03 01:34:16.562453',1,NULL,14),(15,1,1,4,4,'2020-05-02 18:41:29.917972','2020-05-03 01:34:16.620144',1,NULL,15),(16,1,1,4,4,'2020-05-02 18:43:21.180757','2020-05-03 01:34:16.678816',1,NULL,16),(17,1,1,3,3,'2020-05-02 18:45:22.210152','2020-05-03 01:34:16.745155',1,NULL,18),(18,1,1,3,3,'2020-05-02 18:46:16.217162','2020-05-03 01:34:16.803609',1,NULL,19),(19,1,1,2,2,'2020-05-02 18:47:04.305532','2020-05-03 01:34:16.845223',1,NULL,20),(20,1,1,3,3,'2020-05-02 18:48:03.557315','2020-05-03 01:34:16.894609',1,NULL,21),(21,1,1,3,3,'2020-05-02 18:49:05.235133','2020-05-03 01:34:16.928658',1,NULL,22),(22,1,1,2,2,'2020-05-02 18:49:57.651169','2020-05-03 01:34:16.979605',1,NULL,23),(23,1,1,2,2,'2020-05-02 18:51:46.273112','2020-05-03 01:34:17.020743',1,NULL,24),(24,1,1,4,4,'2020-05-02 18:56:38.546630','2020-05-03 04:38:43.127558',2,NULL,2),(25,0,1,55,0,'2020-05-02 18:56:38.677322','2020-05-03 04:38:44.179179',2,31,1),(26,0,1,18,0,'2020-05-02 18:56:38.727473','2020-05-03 04:38:44.611338',2,32,17),(27,0,1,1,0,'2020-05-02 18:56:38.810942','2020-05-03 04:38:44.661338',2,33,25),(28,1,1,2,2,'2020-05-02 18:57:24.142278','2020-05-03 04:38:43.209180',2,NULL,3),(29,1,1,3,3,'2020-05-02 18:57:56.471674','2020-05-03 04:38:43.260816',2,NULL,4),(30,1,1,3,3,'2020-05-02 19:25:32.076869','2020-05-03 04:38:43.395305',2,NULL,5),(31,1,1,4,4,'2020-05-02 19:42:17.849679','2020-05-03 04:38:43.618394',2,NULL,8),(32,1,1,3,3,'2020-05-02 20:01:26.052385','2020-05-03 01:34:16.054308',1,NULL,5),(33,1,1,4,4,'2020-05-02 20:06:12.066241','2020-05-15 19:09:34.185923',3,NULL,2),(34,0,1,55,0,'2020-05-02 20:06:12.180189','2020-05-15 19:09:35.018365',3,39,1),(35,0,1,18,0,'2020-05-02 20:06:12.246957','2020-05-15 19:09:35.435855',3,40,17),(36,0,1,1,0,'2020-05-02 20:06:12.313692','2020-05-15 19:09:35.486067',3,41,25),(37,1,1,4,4,'2020-05-02 20:18:17.382103','2020-05-03 04:38:43.568228',2,NULL,7),(38,1,1,2,2,'2020-05-02 20:30:52.982120','2020-05-15 19:09:34.250902',3,NULL,3),(39,1,1,3,3,'2020-05-02 20:31:37.242491','2020-05-15 19:09:34.302548',3,NULL,4),(40,1,1,3,3,'2020-05-02 20:32:46.470981','2020-05-15 19:09:34.403810',3,NULL,5),(41,1,1,3,3,'2020-05-02 20:34:03.645178','2020-05-15 19:09:34.452325',3,NULL,6),(42,1,1,4,4,'2020-05-02 20:37:59.702787','2020-05-15 19:09:34.510041',3,NULL,7),(43,1,1,6,6,'2020-05-02 20:40:09.880907','2020-05-15 19:09:34.627738',3,NULL,9),(44,1,1,5,5,'2020-05-02 20:41:36.425882','2020-05-15 19:09:34.694606',3,NULL,10),(45,1,1,3,3,'2020-05-02 20:43:54.683464','2020-05-15 19:09:34.744550',3,NULL,11),(46,1,1,5,5,'2020-05-02 20:46:23.052782','2020-05-15 19:09:34.794797',3,NULL,12),(47,1,1,4,4,'2020-05-02 20:48:07.230250','2020-05-15 19:09:34.844598',3,NULL,13),(48,1,1,1,1,'2020-05-02 20:49:02.821590','2020-05-15 19:09:34.895370',3,NULL,14),(49,1,1,4,4,'2020-05-02 20:50:24.348454','2020-05-15 19:09:34.944824',3,NULL,15),(50,1,1,4,4,'2020-05-02 20:51:56.621364','2020-05-15 19:09:34.995178',3,NULL,16),(51,1,1,3,3,'2020-05-02 20:52:47.293899','2020-05-15 19:09:35.044927',3,NULL,18),(52,1,1,3,3,'2020-05-02 20:54:47.197280','2020-05-15 19:09:35.136811',3,NULL,19),(53,1,1,2,2,'2020-05-02 20:55:32.551914','2020-05-15 19:09:35.187666',3,NULL,20),(54,1,1,3,3,'2020-05-02 20:56:25.809248','2020-05-15 19:09:35.236436',3,NULL,21),(55,1,1,3,3,'2020-05-02 20:57:47.270938','2020-05-15 19:09:35.287152',3,NULL,22),(56,1,1,2,2,'2020-05-02 20:58:34.143498','2020-05-15 19:09:35.337832',3,NULL,23),(57,1,1,2,2,'2020-05-02 21:00:09.285867','2020-05-15 19:09:35.387403',3,NULL,24),(58,1,1,4,4,'2020-05-03 00:17:21.376935','2020-05-03 01:34:16.218618',1,NULL,8),(59,1,1,1,1,'2020-05-03 00:17:42.490851','2020-05-03 01:34:17.062137',1,NULL,26),(60,1,1,4,4,'2020-05-03 01:44:36.562466','2020-05-04 01:35:14.229295',4,NULL,2),(61,0,1,55,0,'2020-05-03 01:44:36.676329','2020-05-04 01:35:15.020091',4,65,1),(62,0,1,18,0,'2020-05-03 01:44:36.726434','2020-05-04 01:35:15.429197',4,66,17),(63,0,1,1,0,'2020-05-03 01:44:36.759842','2020-05-04 01:35:15.479132',4,67,25),(64,1,1,2,2,'2020-05-03 01:45:12.336394','2020-05-04 01:35:14.277510',4,NULL,3),(65,1,1,3,3,'2020-05-03 01:45:58.094767','2020-05-04 01:35:14.338142',4,NULL,4),(66,1,1,3,3,'2020-05-03 01:47:10.074477','2020-05-04 01:35:14.397021',4,NULL,5),(67,1,1,3,3,'2020-05-03 01:48:08.901462','2020-05-04 01:35:14.462220',4,NULL,6),(68,1,1,4,4,'2020-05-03 01:49:16.560999','2020-05-04 01:35:14.520005',4,NULL,7),(69,1,1,4,4,'2020-05-03 01:50:13.621445','2020-05-04 01:35:14.570062',4,NULL,8),(70,1,1,3,3,'2020-05-03 03:03:24.749001','2020-05-03 04:38:43.452386',2,NULL,6),(71,1,1,6,6,'2020-05-03 03:13:33.647332','2020-05-03 04:38:43.727827',2,NULL,9),(72,1,1,5,5,'2020-05-03 03:51:27.928386','2020-05-03 04:38:43.769392',2,NULL,10),(73,1,1,3,3,'2020-05-03 03:53:38.957059','2020-05-03 04:38:43.819596',2,NULL,11),(74,1,1,5,5,'2020-05-03 03:55:01.762394','2020-05-03 04:38:43.903699',2,NULL,12),(75,1,1,4,4,'2020-05-03 03:57:04.347658','2020-05-03 04:38:43.961881',2,NULL,13),(76,1,1,1,1,'2020-05-03 04:29:24.507449','2020-05-03 04:38:44.021246',2,NULL,14),(77,1,1,4,4,'2020-05-03 04:30:49.426795','2020-05-03 04:38:44.062183',2,NULL,15),(78,1,1,4,4,'2020-05-03 04:32:04.208881','2020-05-03 04:38:44.120757',2,NULL,16),(79,1,1,3,3,'2020-05-03 04:32:39.411804','2020-05-03 04:38:44.237420',2,NULL,18),(80,1,1,3,3,'2020-05-03 04:33:41.238418','2020-05-03 04:38:44.295732',2,NULL,19),(81,1,1,2,2,'2020-05-03 04:35:09.610742','2020-05-03 04:38:44.346433',2,NULL,20),(82,1,1,3,3,'2020-05-03 04:36:01.951017','2020-05-03 04:38:44.395128',2,NULL,21),(83,1,1,3,3,'2020-05-03 04:36:59.052662','2020-05-03 04:38:44.487684',2,NULL,22),(84,1,1,2,2,'2020-05-03 04:37:53.778843','2020-05-03 04:38:44.538481',2,NULL,23),(85,1,1,2,2,'2020-05-03 04:38:32.541493','2020-05-03 04:38:44.587921',2,NULL,24),(86,1,1,1,0,'2020-05-03 04:38:42.975521','2020-05-03 04:38:44.700878',2,NULL,26),(87,1,1,6,6,'2020-05-03 14:43:08.451043','2020-05-04 01:35:14.620971',4,NULL,9),(88,1,1,5,5,'2020-05-03 14:43:57.756150','2020-05-04 01:35:14.696163',4,NULL,10),(89,1,1,3,3,'2020-05-03 20:33:49.215343','2020-05-04 01:35:14.746224',4,NULL,11),(90,1,1,5,5,'2020-05-03 20:35:14.457126','2020-05-04 01:35:14.796412',4,NULL,12),(91,1,1,4,4,'2020-05-03 20:36:09.708729','2020-05-04 01:35:14.846293',4,NULL,13),(92,1,1,1,1,'2020-05-03 20:46:13.010628','2020-05-04 01:35:14.897278',4,NULL,14),(93,1,1,4,4,'2020-05-03 20:51:58.994980','2020-05-04 01:35:14.946526',4,NULL,15),(94,1,1,4,4,'2020-05-03 20:53:12.113313','2020-05-04 01:35:14.996884',4,NULL,16),(95,1,1,3,3,'2020-05-04 00:28:30.834168','2020-05-04 01:35:15.046568',4,NULL,18),(96,1,1,3,3,'2020-05-04 00:29:27.638134','2020-05-04 01:35:15.097437',4,NULL,19),(97,1,1,2,2,'2020-05-04 01:30:50.411643','2020-05-04 01:35:15.146969',4,NULL,20),(98,1,1,3,3,'2020-05-04 01:31:32.179788','2020-05-04 01:35:15.246325',4,NULL,21),(99,1,1,3,3,'2020-05-04 01:32:24.629803','2020-05-04 01:35:15.297159',4,NULL,22),(100,1,1,2,2,'2020-05-04 01:33:18.672428','2020-05-04 01:35:15.347978',4,NULL,23),(101,1,1,2,2,'2020-05-04 01:34:42.074799','2020-05-04 01:35:15.405810',4,NULL,24),(102,1,1,1,0,'2020-05-04 01:35:14.144066','2020-05-04 01:35:15.535417',4,NULL,26),(103,1,1,4,4,'2020-05-04 20:25:41.746429','2020-05-05 16:30:37.970288',5,NULL,2),(104,0,1,55,0,'2020-05-04 20:25:41.819155','2020-05-05 16:30:38.143419',5,106,1),(105,0,1,18,0,'2020-05-04 20:25:41.868692','2020-05-04 20:25:41.868708',5,107,17),(106,0,1,1,0,'2020-05-04 20:25:41.918750','2020-05-04 20:25:41.918765',5,108,25),(107,1,1,2,2,'2020-05-05 16:29:12.808142','2020-05-05 16:30:38.018677',5,NULL,3),(108,1,1,3,3,'2020-05-05 16:29:48.289651','2020-05-05 16:30:38.070475',5,NULL,4),(109,1,1,4,4,'2020-05-05 16:30:37.476451','2020-05-05 16:30:38.124818',5,NULL,7),(110,1,1,4,4,'2020-05-05 18:34:12.143507','2020-05-07 18:37:40.041493',6,NULL,2),(111,0,1,55,0,'2020-05-05 18:34:12.240564','2020-05-07 18:37:41.015362',6,113,1),(112,0,1,18,0,'2020-05-05 18:34:12.290645','2020-05-07 18:37:41.366576',6,114,17),(113,0,1,1,0,'2020-05-05 18:34:12.340697','2020-05-07 18:37:41.416703',6,115,25),(114,1,1,2,2,'2020-05-05 18:36:14.576106','2020-05-07 18:37:40.114969',6,NULL,3),(115,1,1,3,3,'2020-05-05 18:37:56.305576','2020-05-07 18:37:40.168082',6,NULL,4),(116,1,1,3,3,'2020-05-05 18:43:52.316560','2020-05-07 18:37:40.217052',6,NULL,5),(117,1,1,3,3,'2020-05-05 18:55:34.577008','2020-05-07 18:37:40.265669',6,NULL,6),(118,1,1,4,4,'2020-05-05 18:55:50.081656','2020-05-07 18:37:40.315127',6,NULL,7),(119,1,1,4,4,'2020-05-05 18:59:39.726798','2020-05-07 18:37:40.365302',6,NULL,8),(120,1,1,6,6,'2020-05-05 19:01:55.968516','2020-05-07 18:37:40.566888',6,NULL,9),(121,1,1,5,5,'2020-05-05 19:02:13.185880','2020-05-07 18:37:40.649797',6,NULL,10),(122,1,1,5,5,'2020-05-05 19:13:48.906805','2020-05-07 18:37:40.749874',6,NULL,12),(123,1,1,4,4,'2020-05-05 19:18:04.471805','2020-05-07 18:37:40.799985',6,NULL,13),(124,1,1,1,1,'2020-05-05 19:18:32.848507','2020-05-07 18:37:40.892458',6,NULL,14),(125,1,1,4,4,'2020-05-05 19:26:39.405338','2020-05-07 18:37:40.941850',6,NULL,15),(126,1,0,4,4,'2020-05-05 19:26:52.547306','2020-05-07 18:37:40.990922',6,NULL,16),(127,1,1,3,3,'2020-05-05 19:27:23.967086','2020-05-07 18:37:41.041913',6,NULL,18),(128,1,1,3,3,'2020-05-05 19:27:37.927778','2020-05-07 18:37:41.092199',6,NULL,19),(129,1,1,2,2,'2020-05-05 19:28:00.927806','2020-05-07 18:37:41.142298',6,NULL,20),(130,1,1,3,3,'2020-05-05 19:28:11.927764','2020-05-07 18:37:41.191517',6,NULL,21),(131,1,1,3,3,'2020-05-05 19:28:25.888749','2020-05-07 18:37:41.242455',6,NULL,22),(132,1,1,2,2,'2020-05-05 19:28:42.518606','2020-05-07 18:37:41.293836',6,NULL,23),(133,1,1,2,2,'2020-05-05 19:28:50.772882','2020-05-07 18:37:41.343246',6,NULL,24),(134,1,1,1,1,'2020-05-05 19:29:03.988241','2020-05-07 18:37:41.392917',6,NULL,26),(135,1,1,3,3,'2020-05-05 19:32:04.130411','2020-05-07 18:37:40.699779',6,NULL,11),(136,1,1,4,4,'2020-05-05 19:40:59.870839','2020-05-05 21:21:51.524728',7,NULL,2),(137,0,1,55,0,'2020-05-05 19:41:00.001410','2020-05-05 21:21:52.257860',7,127,1),(138,0,1,18,0,'2020-05-05 19:41:00.051440','2020-05-05 21:21:52.683630',7,128,17),(139,0,1,1,0,'2020-05-05 19:41:00.101805','2020-05-05 21:21:52.733641',7,129,25),(140,1,1,2,2,'2020-05-05 19:44:06.337957','2020-05-05 21:21:51.564769',7,NULL,3),(141,1,1,3,3,'2020-05-05 19:45:35.841240','2020-05-05 21:21:51.624894',7,NULL,4),(142,1,1,3,3,'2020-05-05 19:48:59.206152','2020-05-05 21:21:51.676471',7,NULL,5),(143,1,1,3,3,'2020-05-05 19:57:27.588538','2020-05-05 21:21:51.716105',7,NULL,6),(144,1,0,4,4,'2020-05-05 19:58:37.021595','2020-05-05 21:21:51.756885',7,NULL,7),(145,1,1,6,6,'2020-05-05 20:03:41.372871','2020-05-05 21:21:51.849879',7,NULL,9),(146,1,0,5,5,'2020-05-05 20:04:26.032057','2020-05-05 21:21:51.898848',7,NULL,10),(147,1,1,3,3,'2020-05-05 20:15:33.526460','2020-05-05 21:21:51.941700',7,NULL,11),(148,1,1,5,5,'2020-05-05 20:24:03.919789','2020-05-05 21:21:51.991886',7,NULL,12),(149,1,1,4,4,'2020-05-05 20:27:18.340635','2020-05-05 21:21:52.041723',7,NULL,13),(150,1,1,1,1,'2020-05-05 20:43:44.045421','2020-05-05 21:21:52.134529',7,NULL,14),(151,1,1,4,4,'2020-05-05 20:48:35.512248','2020-05-05 21:21:52.184517',7,NULL,15),(152,1,0,4,4,'2020-05-05 20:48:47.777764','2020-05-05 21:21:52.233420',7,NULL,16),(153,1,0,3,3,'2020-05-05 20:48:57.330444','2020-05-05 21:21:52.283450',7,NULL,18),(154,1,0,3,3,'2020-05-05 20:51:33.661671','2020-05-05 21:21:52.358617',7,NULL,19),(155,1,0,2,2,'2020-05-05 20:51:48.105888','2020-05-05 21:21:52.408630',7,NULL,20),(156,1,0,3,3,'2020-05-05 20:51:55.859531','2020-05-05 21:21:52.459198',7,NULL,21),(157,1,0,3,3,'2020-05-05 20:52:06.052572','2020-05-05 21:21:52.517047',7,NULL,22),(158,1,0,2,2,'2020-05-05 20:52:14.128903','2020-05-05 21:21:52.600610',7,NULL,23),(159,1,0,2,2,'2020-05-05 20:52:23.782851','2020-05-05 21:21:52.659127',7,NULL,24),(160,1,1,4,4,'2020-05-05 20:54:41.532820','2020-05-05 21:21:51.799035',7,NULL,8),(161,1,1,1,0,'2020-05-05 21:21:51.389869','2020-05-05 21:21:52.789787',7,NULL,26),(162,1,1,4,4,'2020-05-05 21:33:52.008840','2020-05-05 22:16:07.720568',8,NULL,2),(163,0,1,55,0,'2020-05-05 21:33:52.105687','2020-05-05 22:16:08.543492',8,144,1),(164,0,1,18,0,'2020-05-05 21:33:52.172478','2020-05-05 22:16:08.902421',8,145,17),(165,0,1,1,0,'2020-05-05 21:33:52.230995','2020-05-05 22:16:08.952550',8,146,25),(166,1,1,2,2,'2020-05-05 21:34:45.756465','2020-05-05 22:16:07.775294',8,NULL,3),(167,1,1,3,3,'2020-05-05 21:37:08.585821','2020-05-05 22:16:07.827089',8,NULL,4),(168,1,1,3,3,'2020-05-05 21:38:43.332195','2020-05-05 22:16:07.878005',8,NULL,5),(169,1,1,3,3,'2020-05-05 21:44:35.953869','2020-05-05 22:16:07.926584',8,NULL,6),(170,1,1,4,4,'2020-05-05 21:49:19.606312','2020-05-05 22:16:07.976053',8,NULL,7),(171,1,1,6,6,'2020-05-05 21:53:25.705804','2020-05-05 22:16:08.119530',8,NULL,9),(172,1,0,5,5,'2020-05-05 21:53:42.505153','2020-05-05 22:16:08.168452',8,NULL,10),(173,1,1,3,3,'2020-05-05 21:56:49.367569','2020-05-05 22:16:08.244512',8,NULL,11),(174,1,1,5,5,'2020-05-05 22:02:51.086803','2020-05-05 22:16:08.294670',8,NULL,12),(175,1,1,4,4,'2020-05-05 22:06:14.127071','2020-05-05 22:16:08.344570',8,NULL,13),(176,1,1,1,1,'2020-05-05 22:08:24.936355','2020-05-05 22:16:08.395462',8,NULL,14),(177,1,0,4,4,'2020-05-05 22:08:38.536542','2020-05-05 22:16:08.469005',8,NULL,15),(178,1,0,4,4,'2020-05-05 22:08:45.478837','2020-05-05 22:16:08.519030',8,NULL,16),(179,1,0,3,3,'2020-05-05 22:08:55.570766','2020-05-05 22:16:08.569128',8,NULL,18),(180,1,0,3,3,'2020-05-05 22:09:13.213344','2020-05-05 22:16:08.619328',8,NULL,19),(181,1,0,2,2,'2020-05-05 22:09:22.649014','2020-05-05 22:16:08.677608',8,NULL,20),(182,1,0,3,3,'2020-05-05 22:09:53.979644','2020-05-05 22:16:08.727609',8,NULL,21),(183,1,0,3,3,'2020-05-05 22:10:06.813173','2020-05-05 22:16:08.777599',8,NULL,22),(184,1,0,2,2,'2020-05-05 22:10:15.068643','2020-05-05 22:16:08.827738',8,NULL,23),(185,1,0,2,2,'2020-05-05 22:10:36.106431','2020-05-05 22:16:08.877983',8,NULL,24),(186,1,1,4,4,'2020-05-05 22:13:00.637492','2020-05-05 22:16:08.026229',8,NULL,8),(187,1,1,1,0,'2020-05-05 22:16:07.606002','2020-05-05 22:16:09.000282',8,NULL,26),(188,1,1,4,4,'2020-05-05 22:50:30.033604','2020-05-05 23:25:16.257750',9,NULL,2),(189,0,1,55,0,'2020-05-05 22:50:30.189487','2020-05-05 23:25:17.098487',9,161,1),(190,0,1,18,0,'2020-05-05 22:50:30.239575','2020-05-05 23:25:17.482650',9,162,17),(191,0,1,1,0,'2020-05-05 22:50:30.289684','2020-05-05 23:25:17.532685',9,163,25),(192,1,1,2,2,'2020-05-05 22:52:15.310846','2020-05-05 23:25:16.299011',9,NULL,3),(193,1,1,3,3,'2020-05-05 22:53:15.417480','2020-05-05 23:25:16.374377',9,NULL,4),(194,1,1,3,3,'2020-05-05 22:57:03.909301','2020-05-05 23:25:16.433547',9,NULL,5),(195,1,1,3,3,'2020-05-05 22:59:35.827713','2020-05-05 23:25:16.473952',9,NULL,6),(196,1,1,4,4,'2020-05-05 23:03:40.184019','2020-05-05 23:25:16.590120',9,NULL,7),(197,1,1,6,6,'2020-05-05 23:08:24.706446','2020-05-05 23:25:16.699613',9,NULL,9),(198,1,0,5,5,'2020-05-05 23:08:38.519488','2020-05-05 23:25:16.781798',9,NULL,10),(199,1,1,3,3,'2020-05-05 23:10:58.137940','2020-05-05 23:25:16.832960',9,NULL,11),(200,1,0,5,5,'2020-05-05 23:11:13.661085','2020-05-05 23:25:16.873591',9,NULL,12),(201,1,1,4,4,'2020-05-05 23:13:22.733863','2020-05-05 23:25:16.924685',9,NULL,13),(202,1,1,1,1,'2020-05-05 23:14:21.500392','2020-05-05 23:25:16.975559',9,NULL,14),(203,1,0,4,4,'2020-05-05 23:14:32.465850','2020-05-05 23:25:17.023913',9,NULL,15),(204,1,0,4,4,'2020-05-05 23:14:46.597458','2020-05-05 23:25:17.073990',9,NULL,16),(205,1,0,3,3,'2020-05-05 23:14:54.851980','2020-05-05 23:25:17.124040',9,NULL,18),(206,1,0,3,3,'2020-05-05 23:15:03.341535','2020-05-05 23:25:17.174132',9,NULL,19),(207,1,0,2,2,'2020-05-05 23:15:11.128548','2020-05-05 23:25:17.224223',9,NULL,20),(208,1,0,3,3,'2020-05-05 23:15:18.661418','2020-05-05 23:25:17.274312',9,NULL,21),(209,1,0,3,3,'2020-05-05 23:17:15.389459','2020-05-05 23:25:17.349498',9,NULL,22),(210,1,0,2,2,'2020-05-05 23:17:22.337481','2020-05-05 23:25:17.407864',9,NULL,23),(211,1,0,2,2,'2020-05-05 23:17:30.656699','2020-05-05 23:25:17.458096',9,NULL,24),(212,1,1,4,4,'2020-05-05 23:22:16.319032','2020-05-05 23:25:16.640306',9,NULL,8),(213,1,1,1,0,'2020-05-05 23:25:16.164222','2020-05-05 23:25:17.588800',9,NULL,26),(214,1,1,4,4,'2020-05-05 23:34:13.327747','2020-05-07 23:12:32.558579',10,NULL,2),(215,0,1,55,0,'2020-05-05 23:34:13.424911','2020-05-07 23:12:33.374025',10,177,1),(216,0,1,18,0,'2020-05-05 23:34:13.474930','2020-05-07 23:12:33.833141',10,178,17),(217,0,1,1,0,'2020-05-05 23:34:13.525018','2020-05-07 23:12:33.874868',10,179,25),(218,1,1,2,2,'2020-05-05 23:35:00.664408','2020-05-07 23:12:32.614973',10,NULL,3),(219,1,1,3,3,'2020-05-05 23:35:43.931858','2020-05-07 23:12:32.666913',10,NULL,4),(220,1,1,3,3,'2020-05-05 23:37:05.123290','2020-05-07 23:12:32.726045',10,NULL,5),(221,1,1,3,3,'2020-05-05 23:39:16.290803','2020-05-07 23:12:32.782852',10,NULL,6),(222,1,0,4,4,'2020-05-05 23:39:25.532582','2020-05-07 23:12:32.923984',10,NULL,7),(223,1,1,4,4,'2020-05-05 23:39:33.189417','2020-05-07 23:12:32.974341',10,NULL,8),(224,1,1,6,6,'2020-05-05 23:40:04.984991','2020-05-07 23:12:33.025145',10,NULL,9),(225,1,0,5,5,'2020-05-05 23:40:17.190090','2020-05-07 23:12:33.082585',10,NULL,10),(226,1,1,3,3,'2020-05-05 23:40:24.629581','2020-05-07 23:12:33.125247',10,NULL,11),(227,1,1,5,5,'2020-05-05 23:40:31.185680','2020-05-07 23:12:33.175404',10,NULL,12),(228,1,1,4,4,'2020-05-05 23:42:01.101237','2020-05-07 23:12:33.216872',10,NULL,13),(229,1,1,1,1,'2020-05-05 23:42:51.021237','2020-05-07 23:12:33.259425',10,NULL,14),(230,1,1,4,4,'2020-05-05 23:42:59.928634','2020-05-07 23:12:33.300537',10,NULL,15),(231,1,1,4,4,'2020-05-05 23:43:08.345927','2020-05-07 23:12:33.350919',10,NULL,16),(232,1,1,3,3,'2020-05-05 23:43:16.417221','2020-05-07 23:12:33.392245',10,NULL,18),(233,1,1,3,3,'2020-05-05 23:43:22.187031','2020-05-07 23:12:33.492529',10,NULL,19),(234,1,1,2,2,'2020-05-05 23:43:28.856719','2020-05-07 23:12:33.551013',10,NULL,20),(235,1,1,3,3,'2020-05-05 23:43:35.586066','2020-05-07 23:12:33.658586',10,NULL,21),(236,1,1,3,3,'2020-05-05 23:43:41.985925','2020-05-07 23:12:33.701055',10,NULL,22),(237,1,1,2,2,'2020-05-05 23:43:48.983862','2020-05-07 23:12:33.760255',10,NULL,23),(238,1,0,2,2,'2020-05-05 23:43:55.589922','2020-05-07 23:12:33.808528',10,NULL,24),(239,1,1,1,1,'2020-05-05 23:44:13.109387','2020-05-07 23:12:33.851041',10,NULL,26),(240,1,1,4,4,'2020-05-06 04:33:26.918809','2020-05-15 19:40:04.891881',11,NULL,2),(241,0,1,55,0,'2020-05-06 04:33:27.082688','2020-05-15 19:40:05.740952',11,193,1),(242,0,1,18,0,'2020-05-06 04:33:27.132714','2020-05-15 19:40:06.217004',11,194,17),(243,0,1,1,0,'2020-05-06 04:33:27.182847','2020-05-06 04:33:27.182864',11,195,25),(244,1,1,4,4,'2020-05-07 17:11:51.899539','2020-05-07 17:52:48.006696',12,NULL,2),(245,0,1,55,0,'2020-05-07 17:11:51.946550','2020-05-07 17:52:48.823165',12,198,1),(246,0,1,18,0,'2020-05-07 17:11:51.996681','2020-05-07 17:52:49.190386',12,199,17),(247,0,1,1,0,'2020-05-07 17:11:52.071766','2020-05-07 17:52:49.240497',12,200,25),(248,1,1,2,2,'2020-05-07 17:12:17.161503','2020-05-07 17:52:48.063322',12,NULL,3),(249,1,1,3,3,'2020-05-07 17:12:48.806925','2020-05-07 17:52:48.106938',12,NULL,4),(250,1,1,3,3,'2020-05-07 17:14:33.260675','2020-05-07 17:52:48.150071',12,NULL,5),(251,1,1,3,3,'2020-05-07 17:16:38.861078','2020-05-07 17:52:48.198503',12,NULL,6),(252,1,1,4,4,'2020-05-07 17:18:09.315408','2020-05-07 17:52:48.248972',12,NULL,7),(253,1,1,4,4,'2020-05-07 17:19:25.630293','2020-05-07 17:52:48.298042',12,NULL,8),(254,1,1,6,6,'2020-05-07 17:19:59.818396','2020-05-07 17:52:48.357593',12,NULL,9),(255,1,1,5,5,'2020-05-07 17:22:39.353112','2020-05-07 17:52:48.432648',12,NULL,10),(256,1,1,3,3,'2020-05-07 17:24:18.611827','2020-05-07 17:52:48.493578',12,NULL,11),(257,1,1,5,5,'2020-05-07 17:28:17.684237','2020-05-07 17:52:48.557716',12,NULL,12),(258,1,1,4,4,'2020-05-07 17:30:02.664668','2020-05-07 17:52:48.607626',12,NULL,13),(259,1,1,1,1,'2020-05-07 17:35:53.852031','2020-05-07 17:52:48.658521',12,NULL,14),(260,1,1,4,4,'2020-05-07 17:36:54.625835','2020-05-07 17:52:48.749877',12,NULL,15),(261,1,1,4,4,'2020-05-07 17:37:47.509475','2020-05-07 17:52:48.799889',12,NULL,16),(262,1,1,3,3,'2020-05-07 17:38:48.612299','2020-05-07 17:52:48.849535',12,NULL,18),(263,1,1,3,3,'2020-05-07 17:43:34.723742','2020-05-07 17:52:48.899798',12,NULL,19),(264,1,1,2,2,'2020-05-07 17:44:31.991181','2020-05-07 17:52:48.949873',12,NULL,20),(265,1,1,3,3,'2020-05-07 17:45:32.244788','2020-05-07 17:52:48.999371',12,NULL,21),(266,1,1,3,3,'2020-05-07 17:46:07.512366','2020-05-07 17:52:49.066660',12,NULL,22),(267,1,1,2,2,'2020-05-07 17:46:55.677328','2020-05-07 17:52:49.117430',12,NULL,23),(268,1,1,2,2,'2020-05-07 17:52:16.163364','2020-05-07 17:52:49.167015',12,NULL,24),(269,1,1,1,0,'2020-05-07 17:52:47.888386','2020-05-07 17:52:49.279928',12,NULL,26),(270,1,1,4,4,'2020-05-07 22:04:16.861182','2020-05-07 22:59:32.282438',13,NULL,2),(271,0,1,55,0,'2020-05-07 22:04:16.958398','2020-05-07 22:59:33.056677',13,245,1),(272,0,1,18,0,'2020-05-07 22:04:17.008504','2020-05-07 22:59:33.490804',13,246,17),(273,0,1,1,0,'2020-05-07 22:04:17.058629','2020-05-07 22:59:33.607704',13,247,25),(274,1,1,2,2,'2020-05-07 22:05:11.835292','2020-05-07 22:59:32.347509',13,NULL,3),(275,1,1,3,3,'2020-05-07 22:06:15.682498','2020-05-07 22:59:32.399811',13,NULL,4),(276,1,1,3,3,'2020-05-07 22:08:28.905802','2020-05-07 22:59:32.483625',13,NULL,5),(277,1,1,3,3,'2020-05-07 22:10:01.391313','2020-05-07 22:59:32.532168',13,NULL,6),(278,1,1,4,4,'2020-05-07 22:16:27.616012','2020-05-07 22:59:32.581698',13,NULL,7),(279,1,1,4,4,'2020-05-07 22:32:38.873763','2020-05-07 22:59:32.631774',13,NULL,8),(280,1,1,6,6,'2020-05-07 22:33:34.459668','2020-05-07 22:59:32.682753',13,NULL,9),(281,1,1,5,5,'2020-05-07 22:36:50.486638','2020-05-07 22:59:32.732776',13,NULL,10),(282,1,1,3,3,'2020-05-07 22:40:17.571468','2020-05-07 22:59:32.782646',13,NULL,11),(283,1,1,5,5,'2020-05-07 22:41:57.655274','2020-05-07 22:59:32.832811',13,NULL,12),(284,1,1,4,4,'2020-05-07 22:43:47.184549','2020-05-07 22:59:32.882846',13,NULL,13),(285,1,1,1,1,'2020-05-07 22:45:26.077753','2020-05-07 22:59:32.933748',13,NULL,14),(286,1,1,4,4,'2020-05-07 22:46:46.872752','2020-05-07 22:59:32.983111',13,NULL,15),(287,1,1,4,4,'2020-05-07 22:51:54.981372','2020-05-07 22:59:33.033462',13,NULL,16),(288,1,1,3,3,'2020-05-07 22:53:00.349273','2020-05-07 22:59:33.083157',13,NULL,18),(289,1,1,3,3,'2020-05-07 22:53:46.104561','2020-05-07 22:59:33.183409',13,NULL,19),(290,1,1,2,2,'2020-05-07 22:54:27.532308','2020-05-07 22:59:33.234194',13,NULL,20),(291,1,1,3,3,'2020-05-07 22:55:20.718289','2020-05-07 22:59:33.282876',13,NULL,21),(292,1,1,3,3,'2020-05-07 22:56:06.865034','2020-05-07 22:59:33.333555',13,NULL,22),(293,1,1,2,2,'2020-05-07 22:57:41.496945','2020-05-07 22:59:33.384489',13,NULL,23),(294,1,1,2,2,'2020-05-07 22:59:07.024162','2020-05-07 22:59:33.434576',13,NULL,24),(295,1,1,1,0,'2020-05-07 22:59:32.181719','2020-05-07 22:59:33.655327',13,NULL,26),(296,1,1,3,3,'2020-05-11 22:56:01.759761','2020-05-15 19:40:04.991808',11,NULL,4),(297,1,1,1,0,'2020-05-12 00:23:29.931920','2020-05-12 00:23:29.931937',11,272,4),(298,1,1,3,3,'2020-05-12 00:33:14.609945','2020-05-15 19:40:05.042820',11,273,5),(299,1,1,3,3,'2020-05-12 00:41:07.451626','2020-05-15 19:40:05.100248',11,274,6),(300,1,1,4,4,'2020-05-12 00:45:52.425430','2020-05-15 19:40:05.207776',11,275,7),(301,1,1,4,4,'2020-05-12 00:48:17.320314','2020-05-15 19:40:05.257890',11,276,8),(302,1,1,6,6,'2020-05-12 00:55:44.408090','2020-05-15 19:40:05.324189',11,277,9),(303,1,1,5,5,'2020-05-12 00:59:09.522464','2020-05-15 19:40:05.375338',11,278,10),(304,1,1,3,3,'2020-05-12 02:46:49.227030','2020-05-15 19:40:05.425389',11,279,11),(305,1,1,5,5,'2020-05-12 03:22:02.550285','2020-05-15 19:40:05.517251',11,280,12),(306,1,1,4,4,'2020-05-12 03:22:57.992757','2020-05-15 19:40:05.567285',11,281,13),(307,1,1,1,1,'2020-05-12 03:24:51.458489','2020-05-15 19:40:05.618165',11,NULL,14),(308,1,1,2,2,'2020-05-12 03:27:10.825916','2020-05-15 19:40:06.194078',11,283,24),(309,1,1,4,4,'2020-05-12 03:30:20.481865','2020-05-15 19:40:05.667462',11,284,15),(310,1,1,4,4,'2020-05-12 03:31:09.204486','2020-05-15 19:40:05.717774',11,285,16),(311,1,1,3,3,'2020-05-12 03:51:41.212799','2020-05-15 19:40:05.767409',11,286,18),(312,1,1,3,3,'2020-05-12 03:52:23.548716','2020-05-15 19:40:05.876452',11,287,19),(313,1,1,2,2,'2020-05-12 03:53:19.249805','2020-05-15 19:40:05.926746',11,288,20),(314,1,1,3,3,'2020-05-12 03:54:04.354855','2020-05-15 19:40:05.975618',11,289,21),(315,1,1,3,3,'2020-05-12 03:54:44.150215','2020-05-15 19:40:06.026305',11,290,22),(316,1,1,2,2,'2020-05-12 03:55:19.334605','2020-05-15 19:40:06.135643',11,291,23),(317,1,1,2,2,'2020-05-12 15:57:25.199006','2020-05-15 19:40:04.940204',11,NULL,3),(318,1,1,4,4,'2020-05-15 02:32:58.744042','2020-05-15 19:36:54.014127',14,294,2),(319,0,1,55,0,'2020-05-15 02:32:58.840859','2020-05-15 19:36:54.789038',14,295,1),(320,0,1,18,0,'2020-05-15 02:32:58.890932','2020-05-15 19:36:55.139547',14,296,17),(321,0,1,1,0,'2020-05-15 02:32:58.941057','2020-05-15 19:36:55.189595',14,297,25),(322,1,1,2,2,'2020-05-15 14:22:56.151091','2020-05-15 19:36:54.070701',14,NULL,3),(323,1,1,3,3,'2020-05-15 14:23:07.638915','2020-05-15 19:36:54.122493',14,298,4),(324,1,1,3,3,'2020-05-15 17:58:41.155249','2020-05-15 19:36:54.181862',14,299,5),(325,1,1,3,3,'2020-05-15 18:16:14.099066','2020-05-15 19:36:54.222589',14,300,6),(326,1,1,4,4,'2020-05-15 18:23:31.870048','2020-05-15 19:36:54.272005',14,306,7),(327,1,1,4,4,'2020-05-15 18:25:58.561162','2020-05-15 19:36:54.313909',14,307,8),(328,1,1,6,6,'2020-05-15 18:27:30.166391','2020-05-15 19:36:54.356486',14,308,9),(329,1,1,5,5,'2020-05-15 18:44:32.016490','2020-05-15 19:36:54.398263',14,309,10),(330,1,1,3,3,'2020-05-15 18:55:24.191967','2020-05-15 19:36:54.457132',14,310,11),(331,1,1,5,5,'2020-05-15 18:57:26.533946','2020-05-15 19:36:54.498394',14,311,12),(332,1,1,4,4,'2020-05-15 18:59:20.359945','2020-05-15 19:36:54.573357',14,312,13),(333,1,1,1,0,'2020-05-15 19:03:51.686499','2020-05-15 19:03:51.686520',14,313,13),(334,1,1,1,0,'2020-05-15 19:06:07.328195','2020-05-15 19:14:01.351737',14,315,12),(335,1,1,1,0,'2020-05-15 19:06:33.041290','2020-05-15 19:14:50.645969',14,316,13),(336,1,1,4,4,'2020-05-15 19:06:52.819136','2020-05-15 19:09:34.576866',3,317,8),(337,1,1,1,1,'2020-05-15 19:08:39.025809','2020-05-15 19:36:54.624210',14,318,14),(338,1,1,1,0,'2020-05-15 19:09:34.084500','2020-05-15 19:09:35.542135',3,NULL,26),(339,1,1,4,4,'2020-05-15 19:20:46.575726','2020-05-15 19:36:54.673650',14,319,15),(340,1,1,4,4,'2020-05-15 19:22:26.885201','2020-05-15 19:36:54.765977',14,320,16),(341,1,1,3,3,'2020-05-15 19:25:45.676481','2020-05-15 19:36:54.815513',14,321,18),(342,1,1,3,3,'2020-05-15 19:26:31.330618','2020-05-15 19:36:54.865529',14,322,19),(343,1,1,2,2,'2020-05-15 19:28:00.636332','2020-05-15 19:36:54.915740',14,323,20),(344,1,1,3,3,'2020-05-15 19:28:50.018263','2020-05-15 19:36:54.968286',14,324,21),(345,1,1,3,3,'2020-05-15 19:30:05.007898','2020-05-15 19:36:55.015716',14,325,22),(346,1,1,2,2,'2020-05-15 19:30:51.383162','2020-05-15 19:36:55.066568',14,326,23),(347,1,1,2,2,'2020-05-15 19:36:20.153451','2020-05-15 19:36:55.116700',14,327,24),(348,1,1,1,0,'2020-05-15 19:36:53.897097','2020-05-15 19:36:55.229068',14,NULL,26),(349,1,1,4,4,'2020-05-15 19:38:26.694946','2020-05-15 20:14:55.272102',15,328,2),(350,0,1,55,0,'2020-05-15 19:38:26.783656','2020-05-15 20:14:56.088473',15,329,1),(351,0,1,18,0,'2020-05-15 19:38:26.825370','2020-05-15 20:14:56.489122',15,330,17),(352,0,1,1,0,'2020-05-15 19:38:26.904203','2020-05-15 20:14:56.581175',15,331,25),(353,1,1,2,2,'2020-05-15 19:38:52.281733','2020-05-15 20:14:55.320369',15,NULL,3),(354,1,1,3,3,'2020-05-15 19:40:33.912226','2020-05-15 20:14:55.372073',15,332,4),(355,1,1,3,3,'2020-05-15 19:41:51.394085','2020-05-15 20:14:55.423008',15,333,5),(356,1,1,4,4,'2020-05-15 19:45:39.185895','2020-05-15 21:08:34.343520',16,334,2),(357,0,1,55,0,'2020-05-15 19:45:39.233002','2020-05-15 21:08:35.126445',16,335,1),(358,0,1,18,0,'2020-05-15 19:45:39.283108','2020-05-15 21:08:35.552242',16,336,17),(359,0,1,1,0,'2020-05-15 19:45:39.383277','2020-05-15 21:08:35.602995',16,337,25),(360,1,1,2,2,'2020-05-15 19:45:57.470657','2020-05-15 21:08:34.391594',16,NULL,3),(361,1,1,3,3,'2020-05-15 19:46:34.643556','2020-05-15 21:08:34.443369',16,338,4),(362,1,1,3,3,'2020-05-15 19:48:57.552524','2020-05-15 21:08:34.494270',16,339,5),(363,1,1,3,3,'2020-05-15 19:50:33.591761','2020-05-15 20:14:55.471515',15,340,6),(364,1,1,4,4,'2020-05-15 19:52:08.289497','2020-05-15 20:14:55.521123',15,341,7),(365,1,1,4,4,'2020-05-15 19:54:43.011228','2020-05-15 20:14:55.571165',15,342,8),(366,1,1,6,6,'2020-05-15 19:55:48.264131','2020-05-15 20:14:55.622108',15,343,9),(367,1,1,5,5,'2020-05-15 19:57:12.307850','2020-05-15 20:14:55.672354',15,344,10),(368,1,1,3,3,'2020-05-15 19:59:35.876328','2020-05-15 20:14:55.772338',15,345,11),(369,1,1,3,3,'2020-05-15 20:01:23.187144','2020-05-15 21:08:34.542884',16,346,6),(370,1,1,5,5,'2020-05-15 20:01:28.575747','2020-05-15 20:14:55.822720',15,347,12),(371,1,1,4,4,'2020-05-15 20:02:38.021753','2020-05-15 20:14:55.899699',15,348,13),(372,1,1,1,1,'2020-05-15 20:03:44.517237','2020-05-15 20:14:55.965179',15,349,14),(373,1,1,4,4,'2020-05-15 20:04:47.378952','2020-05-15 20:14:56.015231',15,350,15),(374,1,1,4,4,'2020-05-15 20:05:02.196770','2020-05-15 21:08:34.592494',16,351,7),(375,1,1,4,4,'2020-05-15 20:06:00.387811','2020-05-15 21:08:34.642525',16,352,8),(376,1,1,4,4,'2020-05-15 20:06:52.135066','2020-05-15 20:14:56.065365',15,353,16),(377,1,1,3,3,'2020-05-15 20:08:19.592090','2020-05-15 20:14:56.115041',15,354,18),(378,1,1,3,3,'2020-05-15 20:08:50.007943','2020-05-15 20:14:56.165191',15,355,19),(379,1,1,2,2,'2020-05-15 20:09:39.464794','2020-05-15 20:14:56.215373',15,356,20),(380,1,1,3,3,'2020-05-15 20:10:40.808846','2020-05-15 20:14:56.264659',15,357,21),(381,1,1,3,3,'2020-05-15 20:11:47.630826','2020-05-15 20:14:56.315356',15,358,22),(382,1,1,2,2,'2020-05-15 20:12:46.933613','2020-05-15 20:14:56.366204',15,359,23),(383,1,1,2,2,'2020-05-15 20:14:03.170890','2020-05-15 20:14:56.415793',15,360,24),(384,1,1,1,0,'2020-05-15 20:14:55.167846','2020-05-15 20:14:56.628737',15,NULL,26),(385,1,1,6,6,'2020-05-15 20:22:31.849001','2020-05-15 21:08:34.694612',16,361,9),(386,1,1,4,4,'2020-05-15 20:23:17.761229','2020-05-15 20:51:37.025189',17,362,2),(387,0,1,55,0,'2020-05-15 20:23:17.808264','2020-05-15 20:51:37.790399',17,363,1),(388,0,1,18,0,'2020-05-15 20:23:17.850017','2020-05-15 20:51:38.232864',17,364,17),(389,0,1,1,0,'2020-05-15 20:23:17.908464','2020-05-15 20:51:38.283028',17,365,25),(390,1,1,2,2,'2020-05-15 20:23:35.269892','2020-05-15 20:51:37.073080',17,NULL,3),(391,1,1,3,3,'2020-05-15 20:23:59.179215','2020-05-15 20:51:37.125328',17,366,4),(392,1,1,3,3,'2020-05-15 20:25:10.084536','2020-05-15 20:51:37.175637',17,367,5),(393,1,1,3,3,'2020-05-15 20:25:41.889669','2020-05-15 20:51:37.224246',17,368,6),(394,1,1,4,4,'2020-05-15 20:28:08.466472','2020-05-15 20:51:37.274105',17,369,7),(395,1,1,4,4,'2020-05-15 20:29:26.407650','2020-05-15 20:51:37.323841',17,370,8),(396,1,1,6,6,'2020-05-15 20:31:02.465371','2020-05-15 20:51:37.416521',17,371,9),(397,1,1,5,5,'2020-05-15 20:34:21.570779','2020-05-15 20:51:37.466619',17,372,10),(398,1,1,3,3,'2020-05-15 20:37:10.022735','2020-05-15 20:51:37.516604',17,373,11),(399,1,1,5,5,'2020-05-15 20:38:37.894066','2020-05-15 21:08:34.760669',16,374,10),(400,1,1,5,5,'2020-05-15 20:38:42.415168','2020-05-15 20:51:37.566866',17,375,12),(401,1,1,4,4,'2020-05-15 20:39:56.755606','2020-05-15 20:51:37.616694',17,376,13),(402,1,1,1,1,'2020-05-15 20:41:18.775123','2020-05-15 20:51:37.667598',17,377,14),(403,1,1,4,4,'2020-05-15 20:42:12.148664','2020-05-15 20:51:37.716917',17,378,15),(404,1,1,4,4,'2020-05-15 20:43:39.486048','2020-05-15 20:51:37.767314',17,379,16),(405,1,1,3,3,'2020-05-15 20:44:19.054794','2020-05-15 20:51:37.817065',17,380,18),(406,1,1,3,3,'2020-05-15 20:45:33.820493','2020-05-15 20:51:37.908828',17,381,19),(407,1,1,3,3,'2020-05-15 20:46:00.468545','2020-05-15 21:08:34.835687',16,382,11),(408,1,1,2,2,'2020-05-15 20:46:11.074700','2020-05-15 20:51:37.967599',17,383,20),(409,1,1,3,3,'2020-05-15 20:47:00.724332','2020-05-15 20:51:38.058537',17,384,21),(410,1,1,5,5,'2020-05-15 20:47:27.755849','2020-05-15 21:08:34.894688',16,385,12),(411,1,1,3,3,'2020-05-15 20:47:42.464450','2020-05-15 20:51:38.109324',17,386,22),(412,1,1,2,2,'2020-05-15 20:48:14.772702','2020-05-15 20:51:38.160179',17,387,23),(413,1,1,2,2,'2020-05-15 20:49:32.800130','2020-05-15 20:51:38.209692',17,388,24),(414,1,1,4,4,'2020-05-15 20:49:42.885613','2020-05-15 21:08:34.944229',16,389,13),(415,1,1,1,0,'2020-05-15 20:50:50.191623','2020-05-15 20:51:38.330781',17,NULL,26),(416,1,1,1,1,'2020-05-15 20:52:55.006880','2020-05-15 21:08:34.995171',16,390,14),(417,1,1,4,4,'2020-05-15 20:54:22.936040','2020-05-15 21:08:35.044533',16,391,15),(418,1,1,4,4,'2020-05-15 21:03:10.213370','2020-05-15 21:08:35.096540',16,392,16),(419,1,1,3,3,'2020-05-15 21:03:44.046094','2020-05-15 21:08:35.152897',16,393,18),(420,1,1,3,3,'2020-05-15 21:04:19.947271','2020-05-15 21:08:35.236110',16,394,19),(421,1,1,2,2,'2020-05-15 21:05:06.144797','2020-05-15 21:08:35.295292',16,395,20),(422,1,1,3,3,'2020-05-15 21:05:44.287927','2020-05-15 21:08:35.369321',16,396,21),(423,1,1,3,3,'2020-05-15 21:06:52.542264','2020-05-15 21:08:35.419997',16,397,22),(424,1,1,2,2,'2020-05-15 21:07:37.917777','2020-05-15 21:08:35.470910',16,398,23),(425,1,1,2,2,'2020-05-15 21:08:19.848583','2020-05-15 21:08:35.528849',16,399,24),(426,1,1,1,0,'2020-05-15 21:08:34.239081','2020-05-15 21:08:35.650140',16,NULL,26),(427,1,1,4,4,'2020-05-15 22:29:39.813787','2020-05-15 22:59:54.068603',18,401,2),(428,0,1,55,0,'2020-05-15 22:29:39.894017','2020-05-15 22:59:54.224593',18,402,1),(429,0,1,18,0,'2020-05-15 22:29:39.935759','2020-05-15 22:29:39.935776',18,403,17),(430,0,1,1,0,'2020-05-15 22:29:39.985866','2020-05-15 22:29:39.985882',18,404,25),(431,1,1,2,2,'2020-05-15 22:46:22.220088','2020-05-15 22:59:54.150002',18,NULL,3),(432,1,1,3,3,'2020-05-15 22:46:57.542670','2020-05-15 22:59:54.201939',18,405,4),(433,1,1,4,4,'2020-05-15 23:03:12.088397','2020-05-16 02:55:53.009061',19,407,2),(434,0,1,55,0,'2020-05-15 23:03:12.185455','2020-05-16 02:55:53.758630',19,408,1),(435,0,1,18,0,'2020-05-15 23:03:12.218880','2020-05-16 02:55:54.159364',19,409,17),(436,0,1,1,0,'2020-05-15 23:03:12.252271','2020-05-16 02:55:54.209412',19,410,25),(437,1,1,2,2,'2020-05-16 02:24:33.038423','2020-05-16 02:55:53.074358',19,NULL,3),(438,1,1,3,3,'2020-05-16 02:26:21.105133','2020-05-16 02:55:53.125735',19,412,4),(439,1,1,3,3,'2020-05-16 02:27:00.704955','2020-05-16 02:55:53.168317',19,413,5),(440,1,1,3,3,'2020-05-16 02:28:53.550532','2020-05-16 02:55:53.208490',19,414,6),(441,1,1,4,4,'2020-05-16 02:32:48.119416','2020-05-16 02:55:53.249699',19,415,7),(442,1,1,4,4,'2020-05-16 02:33:31.355388','2020-05-16 02:55:53.291468',19,416,8),(443,1,1,6,6,'2020-05-16 02:34:38.154307','2020-05-16 02:55:53.342882',19,417,9),(444,1,1,5,5,'2020-05-16 02:36:55.881984','2020-05-16 02:55:53.392949',19,418,10),(445,1,1,3,3,'2020-05-16 02:38:49.687847','2020-05-16 02:55:53.443122',19,419,11),(446,1,1,5,5,'2020-05-16 02:40:46.302990','2020-05-16 02:55:53.501774',19,420,12),(447,1,1,4,4,'2020-05-16 02:42:26.986771','2020-05-16 02:55:53.564901',19,421,13),(448,1,1,1,1,'2020-05-16 02:43:49.305851','2020-05-16 02:55:53.635943',19,422,14),(449,1,1,4,4,'2020-05-16 02:48:49.794863','2020-05-16 02:55:53.685300',19,423,15),(450,1,1,4,4,'2020-05-16 02:49:43.093415','2020-05-16 02:55:53.735521',19,424,16),(451,1,1,3,3,'2020-05-16 02:50:24.329846','2020-05-16 02:55:53.785255',19,425,18),(452,1,1,3,3,'2020-05-16 02:51:09.276983','2020-05-16 02:55:53.835315',19,426,19),(453,1,1,2,2,'2020-05-16 02:52:15.132082','2020-05-16 02:55:53.918837',19,427,20),(454,1,1,3,3,'2020-05-16 02:52:58.869171','2020-05-16 02:55:53.968314',19,428,21),(455,1,1,3,3,'2020-05-16 02:53:33.804851','2020-05-16 02:55:54.019081',19,429,22),(456,1,1,2,2,'2020-05-16 02:54:12.099398','2020-05-16 02:55:54.086345',19,430,23),(457,1,1,2,2,'2020-05-16 02:55:28.360257','2020-05-16 02:55:54.136469',19,431,24),(458,1,1,1,0,'2020-05-16 02:55:52.907573','2020-05-16 02:55:54.248912',19,NULL,26),(459,1,1,4,4,'2020-05-16 02:56:24.606308','2020-05-16 03:22:54.930337',20,432,2),(460,0,1,55,0,'2020-05-16 02:56:24.689693','2020-05-16 03:22:55.912960',20,433,1),(461,0,1,18,0,'2020-05-16 02:56:24.786995','2020-05-16 03:22:56.288551',20,434,17),(462,0,1,1,0,'2020-05-16 02:56:24.837101','2020-05-16 03:22:56.338550',20,435,25),(463,1,1,2,2,'2020-05-16 02:56:46.766999','2020-05-16 03:22:54.995331',20,NULL,3),(464,1,1,3,3,'2020-05-16 02:57:37.804127','2020-05-16 03:22:55.030248',20,436,4),(465,1,1,3,3,'2020-05-16 02:58:39.596970','2020-05-16 03:22:55.106903',20,437,5),(466,1,1,3,3,'2020-05-16 03:00:08.060417','2020-05-16 03:22:55.171583',20,438,6),(467,1,1,4,4,'2020-05-16 03:01:36.579875','2020-05-16 03:22:55.229712',20,439,7),(468,1,1,4,4,'2020-05-16 03:03:12.469796','2020-05-16 03:22:55.329839',20,440,8),(469,1,1,6,6,'2020-05-16 03:05:40.215847','2020-05-16 03:22:55.372138',20,441,9),(470,1,1,5,5,'2020-05-16 03:07:49.402933','2020-05-16 03:22:55.513797',20,442,10),(471,1,1,3,3,'2020-05-16 03:10:00.633166','2020-05-16 03:22:55.555641',20,443,11),(472,1,1,5,5,'2020-05-16 03:12:06.002595','2020-05-16 03:22:55.639348',20,444,12),(473,1,1,4,4,'2020-05-16 03:13:27.504199','2020-05-16 03:22:55.689590',20,445,13),(474,1,1,1,1,'2020-05-16 03:14:38.351508','2020-05-16 03:22:55.789975',20,446,14),(475,1,1,4,4,'2020-05-16 03:16:11.450659','2020-05-16 03:22:55.839422',20,447,15),(476,1,1,4,4,'2020-05-16 03:17:12.110823','2020-05-16 03:22:55.889961',20,448,16),(477,1,1,3,3,'2020-05-16 03:17:54.964162','2020-05-16 03:22:55.939347',20,449,18),(478,1,1,3,3,'2020-05-16 03:18:36.400965','2020-05-16 03:22:55.989425',20,450,19),(479,1,1,2,2,'2020-05-16 03:19:21.897508','2020-05-16 03:22:56.039692',20,451,20),(480,1,1,3,3,'2020-05-16 03:20:03.810232','2020-05-16 03:22:56.100330',20,452,21),(481,1,1,3,3,'2020-05-16 03:20:42.101688','2020-05-16 03:22:56.164873',20,453,22),(482,1,1,2,2,'2020-05-16 03:21:21.040730','2020-05-16 03:22:56.215570',20,454,23),(483,1,1,2,2,'2020-05-16 03:22:43.510844','2020-05-16 03:22:56.265441',20,455,24),(484,1,1,1,0,'2020-05-16 03:22:54.828643','2020-05-16 03:22:56.378136',20,NULL,26),(485,1,1,4,4,'2020-05-16 03:23:38.507717','2020-05-16 03:43:34.839134',21,456,2),(486,0,1,55,55,'2020-05-16 03:23:38.595644','2020-05-16 03:43:36.013490',21,457,1),(487,0,1,18,18,'2020-05-16 03:23:38.654063','2020-05-16 03:43:36.430791',21,458,17),(488,0,1,1,1,'2020-05-16 03:23:38.695809','2020-05-16 03:43:36.489270',21,459,25),(489,1,1,2,2,'2020-05-16 03:23:51.255870','2020-05-16 03:43:34.946866',21,NULL,3),(490,1,1,3,3,'2020-05-16 03:24:59.645839','2020-05-16 03:43:34.997536',21,460,4),(491,1,1,3,3,'2020-05-16 03:25:54.117630','2020-05-16 03:43:35.048409',21,461,5),(492,1,1,3,3,'2020-05-16 03:26:33.609739','2020-05-16 03:43:35.155549',21,462,6),(493,1,1,4,4,'2020-05-16 03:27:28.290576','2020-05-16 03:43:35.204867',21,463,7),(494,1,1,4,4,'2020-05-16 03:28:55.110784','2020-05-16 03:43:35.373318',21,464,8),(495,1,1,6,6,'2020-05-16 03:29:55.537070','2020-05-16 03:43:35.439358',21,465,9),(496,1,1,5,5,'2020-05-16 03:31:12.294970','2020-05-16 03:43:35.564473',21,466,10),(497,1,1,3,3,'2020-05-16 03:33:22.849652','2020-05-16 03:43:35.614429',21,467,11),(498,1,1,5,5,'2020-05-16 03:35:04.325439','2020-05-16 03:43:35.723198',21,468,12),(499,1,1,4,4,'2020-05-16 03:35:53.047778','2020-05-16 03:43:35.772930',21,469,13),(500,1,1,1,1,'2020-05-16 03:36:36.150247','2020-05-16 03:43:35.823625',21,470,14),(501,1,1,4,4,'2020-05-16 03:37:40.269701','2020-05-16 03:43:35.939780',21,471,15),(502,1,1,4,4,'2020-05-16 03:38:25.025870','2020-05-16 03:43:35.990334',21,472,16),(503,1,1,3,3,'2020-05-16 03:39:00.076656','2020-05-16 03:43:36.040002',21,473,18),(504,1,1,3,3,'2020-05-16 03:39:42.388413','2020-05-16 03:43:36.115153',21,474,19),(505,1,1,2,2,'2020-05-16 03:40:19.989744','2020-05-16 03:43:36.190830',21,475,20),(506,1,1,3,3,'2020-05-16 03:41:09.695810','2020-05-16 03:43:36.239626',21,476,21),(507,1,1,3,3,'2020-05-16 03:41:49.724630','2020-05-16 03:43:36.290322',21,477,22),(508,1,1,2,2,'2020-05-16 03:42:33.894939','2020-05-16 03:43:36.341226',21,478,23),(509,1,1,2,2,'2020-05-16 03:43:23.353223','2020-05-16 03:43:36.390882',21,479,24),(510,1,1,1,0,'2020-05-16 03:43:34.737524','2020-05-16 03:43:36.537105',21,NULL,26);
/*!40000 ALTER TABLE `declaracion_secciondeclaracion` ENABLE KEYS */;
UNLOCK TABLES;

--
-- Table structure for table `declaracion_secciones`
--

DROP TABLE IF EXISTS `declaracion_secciones`;
/*!40101 SET @saved_cs_client     = @@character_set_client */;
/*!40101 SET character_set_client = utf8 */;
CREATE TABLE `declaracion_secciones` (
  `id` int(11) NOT NULL AUTO_INCREMENT,
  `seccion` varchar(255) NOT NULL,
  `url` varchar(255) NOT NULL,
  `parametro` varchar(255) NOT NULL,
  `order` int(11) NOT NULL,
  `lft` int(10) unsigned NOT NULL,
  `rght` int(10) unsigned NOT NULL,
  `tree_id` int(10) unsigned NOT NULL,
  `level` int(10) unsigned NOT NULL,
  `parent_id` int(11) DEFAULT NULL,
  PRIMARY KEY (`id`),
  KEY `declaracion_secciones_tree_id_bfed8a79` (`tree_id`),
  KEY `declaracion_secciones_parent_id_c75d16ef` (`parent_id`),
  CONSTRAINT `declaracion_seccione_parent_id_c75d16ef_fk_declaraci` FOREIGN KEY (`parent_id`) REFERENCES `declaracion_secciones` (`id`)
) ENGINE=InnoDB AUTO_INCREMENT=27 DEFAULT CHARSET=latin1;
/*!40101 SET character_set_client = @saved_cs_client */;

--
-- Dumping data for table `declaracion_secciones`
--

LOCK TABLES `declaracion_secciones` WRITE;
/*!40000 ALTER TABLE `declaracion_secciones` DISABLE KEYS */;
INSERT INTO `declaracion_secciones` VALUES (1,'DECLARACIÓN PATRIMONIAL','','',1,1,14,1,0,NULL),(2,'DATOS GENERALES','informacion-general','',1,2,3,1,1,1),(3,'DOMICILIO DEL DECLARANTE','direccion','',2,4,5,1,1,1),(4,'DATOS CURRICULARES DEL DECLARANTE','datos-curriculares','',3,6,7,1,1,1),(5,'DATOS DEL EMPLEO, CARGO O COMISIÓN QUE INICIA','datos-del-encargo-actual','',4,8,9,1,1,1),(6,'EXPERIENCIA LABORAL(ÙLTIMO 5 EMPLEOS)','experiencia-laboral','',5,10,11,1,1,1),(7,'DATOS DE LA PAREJA','datos-pareja','',6,12,13,1,1,1),(8,'DATOS DEL DEPENDIENTE ECÓNOMICO','dependientes-economicos','',7,14,15,1,1,1),(9,'INGRESOS NETOS DEL DECLARANTE, PAREJA Y/O DEPENDIENTES ECONÓMICOS (SITUACION ACTUAL','ingresos-netos','',8,16,17,1,1,1),(10,'TE DESEMPEÑASTE COMO SERVIDOR PÚBLICO EN EL AÑO ANTERIOR?','ingresos-servidor-publico','',9,18,19,1,1,1),(11,'BIENES INMUEBLES','bienes-inmuebles','',10,20,21,1,1,1),(12,'VEHÍCULOS','muebles-noregistrables','',11,22,23,1,1,1),(13,'BIENES MUEBLES','bienes-muebles','',12,24,25,1,1,1),(14,'INVERSIONES, CUENTAS BANCARIAS Y OTRO TIPO DE VALORES / ACTIVOS (SITUACION ACTUAL)','inversiones','',13,26,27,1,1,1),(15,'ADEUDOS/PASIVOS(SITUACION ACTUAL)','deudas','',14,28,29,1,1,1),(16,'PRESTAMO O COMODATO POR TERCEROS(SITUACIÓN ACTUAL)','prestamoComodato','',15,30,31,1,1,1),(17,'DECLARACION DE INTERESES','','',1,1,22,2,0,NULL),(18,'PARTICIPACION EN EMPRESAS, SOCIEDADES O ASOCIACIONES(HASTA LOS ULTIMOS 2 AÑOS)','socios-comerciales','',1,2,3,2,1,17),(19,'¿PARTICIPA EN LA TOMA DE DECISIONES DE ALGUNA DE ESTAS INSTITUCIONES ? (HASTA LOS 2 ÚLTIMOS AÑOS)','membresias','',2,4,5,2,1,17),(20,'APOYOS O BENEFICIOS PÚBLICOS (HASTA LOS 2 ÚLTIMOS AÑOS)','apoyos','',3,6,7,2,1,17),(21,'REPRESENTACIÓN (HASTA LOS 2 ÚLTIMOS AÑOS)','representacion-activa','',4,8,9,2,1,17),(22,'CLIENTES PRINCIPALES (HASTA LOS 2 ÚLTIMOS AÑOS)','clientes-principales','',5,10,11,2,1,17),(23,'BENEFICIOS PRIVADOS (HASTA LOS 2 ÚLTIMOS AÑOS)','beneficios-gratuitos','',6,12,13,2,1,17),(24,'FIDEICOMISOS (HASTA LOS 2 ÚLTIMOS AÑOS)','fideicomisos','',7,14,15,2,1,17),(25,'DECLARACION FISCAL','','',1,1,14,3,0,NULL),(26,'SUBIR ARCHIVOS','declaracion-fiscal','',1,2,3,3,1,25);
/*!40000 ALTER TABLE `declaracion_secciones` ENABLE KEYS */;
UNLOCK TABLES;

--
-- Table structure for table `declaracion_socioscomerciales`
--

DROP TABLE IF EXISTS `declaracion_socioscomerciales`;
/*!40101 SET @saved_cs_client     = @@character_set_client */;
/*!40101 SET character_set_client = utf8 */;
CREATE TABLE `declaracion_socioscomerciales` (
  `id` int(11) NOT NULL AUTO_INCREMENT,
  `actividad_vinculante` varchar(255) NOT NULL,
  `tipo_vinculo` varchar(255) NOT NULL,
  `antiguedad_vinculo` varchar(255) NOT NULL,
  `rfc_entidad_vinculante` varchar(255) NOT NULL,
  `porcentaje_participacion` int(11) DEFAULT NULL,
  `created_at` datetime(6) NOT NULL,
  `updated_at` datetime(6) NOT NULL,
  `otraParticipacion` varchar(20) DEFAULT NULL,
  `recibeRemuneracion` tinyint(1) DEFAULT NULL,
  `montoMensual` int(11) DEFAULT NULL,
  `cat_tipos_operaciones_id` int(11) DEFAULT NULL,
  `declaraciones_id` int(11) NOT NULL,
  `moneda_id` int(11) DEFAULT NULL,
  `observaciones_id` int(11) NOT NULL,
  `socio_infopersonalvar_id` int(11) NOT NULL,
  `tipoParticipacion_id` int(11) DEFAULT NULL,
  `tipoRelacion_id` int(11) DEFAULT NULL,
  PRIMARY KEY (`id`),
  KEY `declaracion_sociosco_cat_tipos_operacione_59bc084d_fk_declaraci` (`cat_tipos_operaciones_id`),
  KEY `declaracion_sociosco_declaraciones_id_10a954b5_fk_declaraci` (`declaraciones_id`),
  KEY `declaracion_sociosco_moneda_id_6c366cd4_fk_declaraci` (`moneda_id`),
  KEY `declaracion_sociosco_observaciones_id_35bc50c6_fk_declaraci` (`observaciones_id`),
  KEY `declaracion_sociosco_socio_infopersonalva_d15f024c_fk_declaraci` (`socio_infopersonalvar_id`),
  KEY `declaracion_sociosco_tipoParticipacion_id_e90abc2d_fk_declaraci` (`tipoParticipacion_id`),
  KEY `declaracion_sociosco_tipoRelacion_id_f4e9806f_fk_declaraci` (`tipoRelacion_id`),
  CONSTRAINT `declaracion_sociosco_cat_tipos_operacione_59bc084d_fk_declaraci` FOREIGN KEY (`cat_tipos_operaciones_id`) REFERENCES `declaracion_cattiposoperaciones` (`id`),
  CONSTRAINT `declaracion_sociosco_declaraciones_id_10a954b5_fk_declaraci` FOREIGN KEY (`declaraciones_id`) REFERENCES `declaracion_declaraciones` (`id`),
  CONSTRAINT `declaracion_sociosco_moneda_id_6c366cd4_fk_declaraci` FOREIGN KEY (`moneda_id`) REFERENCES `declaracion_catmonedas` (`id`),
  CONSTRAINT `declaracion_sociosco_observaciones_id_35bc50c6_fk_declaraci` FOREIGN KEY (`observaciones_id`) REFERENCES `declaracion_observaciones` (`id`),
  CONSTRAINT `declaracion_sociosco_socio_infopersonalva_d15f024c_fk_declaraci` FOREIGN KEY (`socio_infopersonalvar_id`) REFERENCES `declaracion_infopersonalvar` (`id`),
  CONSTRAINT `declaracion_sociosco_tipoParticipacion_id_e90abc2d_fk_declaraci` FOREIGN KEY (`tipoParticipacion_id`) REFERENCES `declaracion_cattipopersona` (`id`),
  CONSTRAINT `declaracion_sociosco_tipoRelacion_id_f4e9806f_fk_declaraci` FOREIGN KEY (`tipoRelacion_id`) REFERENCES `declaracion_cattiposrelacionespersonales` (`id`)
) ENGINE=InnoDB AUTO_INCREMENT=17 DEFAULT CHARSET=latin1;
/*!40101 SET character_set_client = @saved_cs_client */;

--
-- Dumping data for table `declaracion_socioscomerciales`
--

LOCK TABLES `declaracion_socioscomerciales` WRITE;
/*!40000 ALTER TABLE `declaracion_socioscomerciales` DISABLE KEYS */;
INSERT INTO `declaracion_socioscomerciales` VALUES (1,'4444','','','GUHD980305IH5',50,'2020-05-02 18:45:22.182163','2020-05-02 18:45:22.182184',NULL,1,400,1,1,101,23,12,17,1),(2,'Flex','','','FELX101010SO8',40,'2020-05-02 20:52:47.274290','2020-05-02 20:52:47.274305',NULL,0,NULL,1,3,NULL,55,33,20,1),(3,'Comerciante','','','JAER010101333',48,'2020-05-03 04:32:39.383040','2020-05-03 04:32:39.383056',NULL,1,1200,1,2,101,82,53,4,1),(4,'cme','','','JCMA781006AN1',50,'2020-05-04 00:28:30.781017','2020-05-04 00:28:30.781034',NULL,0,NULL,1,4,NULL,97,69,4,11),(5,'cme','','','JCMA781006AN1',12,'2020-05-07 17:38:48.567436','2020-05-07 17:38:48.567452',NULL,1,151,1,12,101,215,142,17,11),(6,'Asociación Voluntarios Unidos AC','','','VOLU880916RB5',30,'2020-05-07 18:21:48.987204','2020-05-07 18:21:48.987221',NULL,0,0,1,6,NULL,226,154,4,11),(7,'SAGAM. S.A DE C.V','','','SAG90876R56',50,'2020-05-07 18:56:40.211925','2020-05-07 18:56:40.211942',NULL,1,1000,1,10,101,236,166,4,11),(8,'Comerciante','','','JAER010101333',88,'2020-05-07 22:53:00.189784','2020-05-07 22:53:00.189801',NULL,1,1000,1,13,101,264,185,21,11),(9,'Comerciante','','','JAER010101333',50,'2020-05-12 03:51:41.184305','2020-05-12 03:51:41.184322',NULL,1,458,1,11,101,286,206,4,NULL),(10,'cme','','','JCMA781006AN1',1,'2020-05-15 19:25:45.648282','2020-05-15 19:25:45.648299',NULL,1,100,1,14,101,321,230,4,11),(11,'4444','','','PIRK781006AN7',55,'2020-05-15 20:08:19.563889','2020-05-15 20:08:19.563905',NULL,1,40000,1,15,101,354,252,15,1),(12,'4444','','','GUHD980305IH5',60,'2020-05-15 20:44:19.026428','2020-05-15 20:44:19.026444',NULL,1,5000,1,17,101,380,271,15,1),(13,'cme','','','JCMA781006AN1',1,'2020-05-15 21:03:44.025981','2020-05-15 21:03:44.025997',NULL,1,100,1,16,101,393,287,15,11),(14,'pacome','','','JCMA781006AN1',10,'2020-05-16 02:50:24.301734','2020-05-16 02:50:24.301751',NULL,1,200,1,19,101,425,307,20,8),(15,'cme','','','JCMA781006AN1',90,'2020-05-16 03:17:54.936027','2020-05-16 03:17:54.936043',NULL,1,890,1,20,101,449,326,4,11),(16,'cme','','','JCMA781006AN1',40,'2020-05-16 03:39:00.056212','2020-05-16 03:39:00.056229',NULL,1,7898,1,21,101,473,345,20,1);
/*!40000 ALTER TABLE `declaracion_socioscomerciales` ENABLE KEYS */;
UNLOCK TABLES;

--
-- Table structure for table `django_admin_log`
--

DROP TABLE IF EXISTS `django_admin_log`;
/*!40101 SET @saved_cs_client     = @@character_set_client */;
/*!40101 SET character_set_client = utf8 */;
CREATE TABLE `django_admin_log` (
  `id` int(11) NOT NULL AUTO_INCREMENT,
  `action_time` datetime(6) NOT NULL,
  `object_id` longtext DEFAULT NULL,
  `object_repr` varchar(200) NOT NULL,
  `action_flag` smallint(5) unsigned NOT NULL,
  `change_message` longtext NOT NULL,
  `content_type_id` int(11) DEFAULT NULL,
  `user_id` int(11) NOT NULL,
  PRIMARY KEY (`id`),
  KEY `django_admin_log_content_type_id_c4bce8eb_fk_django_co` (`content_type_id`),
  KEY `django_admin_log_user_id_c564eba6_fk_auth_user_id` (`user_id`),
  CONSTRAINT `django_admin_log_content_type_id_c4bce8eb_fk_django_co` FOREIGN KEY (`content_type_id`) REFERENCES `django_content_type` (`id`),
  CONSTRAINT `django_admin_log_user_id_c564eba6_fk_auth_user_id` FOREIGN KEY (`user_id`) REFERENCES `auth_user` (`id`)
) ENGINE=InnoDB AUTO_INCREMENT=66 DEFAULT CHARSET=latin1;
/*!40101 SET character_set_client = @saved_cs_client */;

--
-- Dumping data for table `django_admin_log`
--

LOCK TABLES `django_admin_log` WRITE;
/*!40000 ALTER TABLE `django_admin_log` DISABLE KEYS */;
INSERT INTO `django_admin_log` VALUES (1,'2020-05-02 15:11:39.949062','7','PERK381016AN3',1,'new through import_export',4,1),(2,'2020-05-02 15:11:39.964944','8','PARK681016AN6',1,'new through import_export',4,1),(3,'2020-05-02 15:11:39.981646','9','PORK481016AN7',1,'new through import_export',4,1),(4,'2020-05-02 15:11:40.015011','10','PIRK781006AN7',1,'new through import_export',4,1),(5,'2020-05-02 15:11:40.031724','11','PuRK881006AN7',1,'new through import_export',4,1),(6,'2020-05-02 15:51:28.523109','12','plataform',1,'[{\"added\": {}}]',4,1),(7,'2020-05-02 15:51:44.932391','12','plataforma',2,'[{\"changed\": {\"fields\": [\"username\"]}}]',4,1),(8,'2020-05-02 15:52:09.105135','12','plataforma',2,'[{\"changed\": {\"fields\": [\"user_permissions\"]}}]',4,1),(9,'2020-05-02 15:52:46.179774','1','api_declaraciones',1,'[{\"added\": {}}]',90,1),(10,'2020-05-02 19:19:15.536627','1','api_declaraciones',2,'[{\"changed\": {\"fields\": [\"authorization_grant_type\"]}}]',90,1),(11,'2020-05-03 01:42:02.456532','11','PURK881006AN7',2,'[{\"changed\": {\"fields\": [\"username\"]}}]',4,1),(12,'2020-05-04 23:52:53.642280','13','test_user',1,'[{\"added\": {}}]',4,1),(13,'2020-05-04 23:53:02.780315','13','test_user',2,'[]',4,1),(14,'2020-05-05 00:08:54.042693','1','api_declaraciones',2,'[{\"changed\": {\"fields\": [\"redirect_uris\", \"client_type\", \"authorization_grant_type\"]}}]',90,1),(15,'2020-05-05 00:09:44.000209','12','plataforma',2,'[{\"changed\": {\"fields\": [\"is_staff\"]}}]',4,1),(16,'2020-05-05 00:10:49.167665','1','api_declaraciones',2,'[{\"changed\": {\"fields\": [\"authorization_grant_type\"]}}]',90,1),(17,'2020-05-05 00:14:26.886029','1','VJKK',1,'[{\"added\": {}}]',92,1),(18,'2020-05-05 15:08:30.611698','1','api',1,'[{\"added\": {}}]',3,1),(19,'2020-05-05 15:08:39.215563','12','plataforma',2,'[{\"changed\": {\"fields\": [\"groups\"]}}]',4,1),(20,'2020-05-05 16:27:09.945745','8','PARK681016AN6',2,'[{\"changed\": {\"fields\": [\"password\"]}}]',4,1),(21,'2020-05-05 17:39:10.199265','24','PUEB010101741',1,'new through import_export',4,1),(22,'2020-05-05 17:39:10.215858','25','PUEB010101852',1,'new through import_export',4,1),(23,'2020-05-05 17:39:10.249252','26','PUEB01010101951',1,'new through import_export',4,1),(24,'2020-05-05 17:39:10.265954','27','PUEB010101963',1,'new through import_export',4,1),(25,'2020-05-05 17:39:10.282667','28','PUEB010101753',1,'new through import_export',4,1),(26,'2020-05-05 17:39:58.156528','26','PUEB010101951',2,'[{\"changed\": {\"fields\": [\"username\"]}}]',4,1),(27,'2020-05-05 21:31:36.519507','24','PUEB010101741',2,'[{\"changed\": {\"fields\": [\"password\"]}}]',4,1),(28,'2020-05-05 22:12:31.650979','5','1zgDPHZxHycWE8gPzt8HapX3Hbc3ow',2,'[{\"changed\": {\"fields\": [\"expires\"]}}]',91,1),(29,'2020-05-05 22:12:42.597451','4','rjUay8eVmMQ9hvwbmx28egJ4WMJoOO',2,'[{\"changed\": {\"fields\": [\"expires\"]}}]',91,1),(30,'2020-05-05 22:12:51.817504','3','oPaRVCq3JCJWB2CnOcaFRd0nk35J63',2,'[{\"changed\": {\"fields\": [\"expires\"]}}]',91,1),(31,'2020-05-05 22:13:01.482511','2','TRsqM0SNKcEYmgbjyorTzjMgtYs3VG',2,'[{\"changed\": {\"fields\": [\"expires\"]}}]',91,1),(32,'2020-05-05 22:13:08.173177','1','AzT3VkH06jwZmq0MVutBvbj87PMZAg',2,'[{\"changed\": {\"fields\": [\"expires\"]}}]',91,1),(33,'2020-05-05 22:13:29.746395','5','1zgDPHZxHycWE8gPzt8HapX3Hbc3ow',2,'[{\"changed\": {\"fields\": [\"application\"]}}]',91,1),(34,'2020-05-05 22:14:31.772992','2','plataforma',1,'[{\"added\": {}}]',92,1),(35,'2020-05-05 23:35:19.848524','1','api_declaraciones',2,'[{\"changed\": {\"fields\": [\"client_type\", \"authorization_grant_type\"]}}]',90,1),(36,'2020-05-05 23:35:55.404722','1','api_declaraciones',2,'[{\"changed\": {\"fields\": [\"client_id\"]}}]',90,1),(37,'2020-05-06 03:03:43.800225','2','plataforma',2,'[{\"changed\": {\"fields\": [\"redirect_uri\"]}}]',92,1),(38,'2020-05-06 03:03:59.133612','2','authorization_code',2,'[{\"changed\": {\"fields\": [\"code\"]}}]',92,1),(39,'2020-05-06 03:04:24.210032','2','authorization_code',3,'',92,1),(40,'2020-05-06 03:04:50.786275','5','SumxjaEQGA2yFhPVBcjVg3d7Zgb4RA',2,'[{\"changed\": {\"fields\": [\"user\"]}}]',92,1),(41,'2020-05-06 03:04:59.030525','5','SumxjaEQGA2yFhPVBcjVg3d7Zgb4RA',2,'[{\"changed\": {\"fields\": [\"user\"]}}]',92,1),(42,'2020-05-07 17:02:35.815266','30','PEPK381016AN3',1,'new through import_export',4,1),(43,'2020-05-07 23:12:07.098718','28','PUEB010101753',2,'[{\"changed\": {\"fields\": [\"password\"]}}]',4,1),(44,'2020-05-09 20:52:49.847798','1','api_declaraciones',2,'[]',90,1),(45,'2020-05-09 21:06:26.091194','12','plataforma',2,'[{\"changed\": {\"fields\": [\"is_superuser\"]}}]',4,1),(46,'2020-05-09 21:10:15.163993','12','plataforma',2,'[{\"changed\": {\"fields\": [\"user_permissions\"]}}]',4,1),(47,'2020-05-11 14:52:08.488700','5','client_name',1,'[{\"added\": {}}]',90,1),(48,'2020-05-11 14:56:10.831584','5','client_name',2,'[{\"changed\": {\"fields\": [\"authorization_grant_type\"]}}]',90,1),(49,'2020-05-11 14:56:29.994116','5','GT password',2,'[{\"changed\": {\"fields\": [\"name\"]}}]',90,1),(50,'2020-05-11 16:04:11.153262','5','GT password',2,'[{\"changed\": {\"fields\": [\"skip_authorization\"]}}]',90,1),(51,'2020-05-11 16:21:47.071140','5','GT password',2,'[{\"changed\": {\"fields\": [\"skip_authorization\"]}}]',90,1),(52,'2020-05-11 21:26:46.711857','30','PEPK381016AN3',2,'[{\"changed\": {\"fields\": [\"is_staff\"]}}]',4,1),(53,'2020-05-11 21:27:31.691063','7','PERK381016AN3',2,'[{\"changed\": {\"fields\": [\"is_staff\"]}}]',4,1),(54,'2020-05-11 21:28:05.562532','30','PEPK381016AN3',2,'[{\"changed\": {\"fields\": [\"is_staff\"]}}]',4,1),(55,'2020-05-11 21:28:11.984101','7','PERK381016AN3',2,'[{\"changed\": {\"fields\": [\"is_staff\"]}}]',4,1),(56,'2020-05-13 16:37:04.540281','30','PEPK381016AN3',2,'[{\"changed\": {\"fields\": [\"is_staff\"]}}]',4,1),(57,'2020-05-13 16:37:40.188086','7','PERK381016AN3',2,'[{\"changed\": {\"fields\": [\"is_staff\"]}}]',4,1),(58,'2020-05-13 16:49:51.112714','30','PEPK381016AN3',2,'[{\"changed\": {\"fields\": [\"is_staff\"]}}]',4,1),(59,'2020-05-13 16:49:59.881388','7','PERK381016AN3',2,'[{\"changed\": {\"fields\": [\"is_staff\"]}}]',4,1),(60,'2020-05-13 17:03:36.464208','10','PIRK781006AN7',2,'[{\"changed\": {\"fields\": [\"is_staff\"]}}]',4,1),(61,'2020-05-13 17:04:24.390785','10','PIRK781006AN7',2,'[{\"changed\": {\"fields\": [\"is_staff\"]}}]',4,1),(62,'2020-05-13 17:04:33.601651','7','PERK381016AN3',2,'[{\"changed\": {\"fields\": [\"is_staff\"]}}]',4,1),(63,'2020-05-15 04:06:57.839697','7','PERK381016AN3',2,'[{\"changed\": {\"fields\": [\"is_staff\"]}}]',4,1),(64,'2020-05-15 22:54:19.681383','11','PURK881006AN7',2,'[{\"changed\": {\"fields\": [\"is_staff\"]}}]',4,1),(65,'2020-05-15 22:58:57.826970','11','PURK881006AN7',2,'[{\"changed\": {\"fields\": [\"is_staff\"]}}]',4,1);
/*!40000 ALTER TABLE `django_admin_log` ENABLE KEYS */;
UNLOCK TABLES;

--
-- Table structure for table `django_content_type`
--

DROP TABLE IF EXISTS `django_content_type`;
/*!40101 SET @saved_cs_client     = @@character_set_client */;
/*!40101 SET character_set_client = utf8 */;
CREATE TABLE `django_content_type` (
  `id` int(11) NOT NULL AUTO_INCREMENT,
  `app_label` varchar(100) NOT NULL,
  `model` varchar(100) NOT NULL,
  PRIMARY KEY (`id`),
  UNIQUE KEY `django_content_type_app_label_model_76bd3d3b_uniq` (`app_label`,`model`)
) ENGINE=InnoDB AUTO_INCREMENT=94 DEFAULT CHARSET=latin1;
/*!40101 SET character_set_client = @saved_cs_client */;

--
-- Dumping data for table `django_content_type`
--

LOCK TABLES `django_content_type` WRITE;
/*!40000 ALTER TABLE `django_content_type` DISABLE KEYS */;
INSERT INTO `django_content_type` VALUES (1,'admin','logentry'),(3,'auth','group'),(2,'auth','permission'),(4,'auth','user'),(5,'contenttypes','contenttype'),(7,'declaracion','activosbienes'),(85,'declaracion','apoyos'),(84,'declaracion','beneficiosgratuitos'),(83,'declaracion','bienesinmuebles'),(82,'declaracion','bienesmuebles'),(8,'declaracion','bienespersonas'),(9,'declaracion','catactivobien'),(10,'declaracion','catambitoslaborales'),(81,'declaracion','catcamposobligatorios'),(11,'declaracion','catdocumentosobtenidos'),(12,'declaracion','catentespublicos'),(13,'declaracion','catentidadesfederativas'),(14,'declaracion','catestadosciviles'),(15,'declaracion','catestatusdeclaracion'),(16,'declaracion','catestatusestudios'),(17,'declaracion','catformasadquisiciones'),(18,'declaracion','catfuncionesprincipales'),(19,'declaracion','catgradosacademicos'),(20,'declaracion','catmonedas'),(21,'declaracion','catmotivobaja'),(22,'declaracion','catmunicipios'),(23,'declaracion','catnaturalezamembresia'),(24,'declaracion','catordenesgobierno'),(25,'declaracion','catpaises'),(26,'declaracion','catpoderes'),(27,'declaracion','catpuestos'),(28,'declaracion','catregimenesmatrimoniales'),(29,'declaracion','catsectoresindustria'),(30,'declaracion','cattipoparticipacion'),(31,'declaracion','cattipopersona'),(32,'declaracion','cattiposacreedores'),(33,'declaracion','cattiposactividad'),(34,'declaracion','cattiposadeudos'),(35,'declaracion','cattiposapoyos'),(36,'declaracion','cattiposbeneficios'),(37,'declaracion','cattiposbienes'),(38,'declaracion','cattiposdeclaracion'),(39,'declaracion','cattiposespecificosinversiones'),(40,'declaracion','cattiposfideicomisos'),(41,'declaracion','cattiposingresosvarios'),(42,'declaracion','cattiposinmuebles'),(43,'declaracion','cattiposinstituciones'),(44,'declaracion','cattiposinstrumentos'),(45,'declaracion','cattiposinversiones'),(46,'declaracion','cattiposmetales'),(47,'declaracion','cattiposmuebles'),(48,'declaracion','cattiposoperaciones'),(49,'declaracion','cattipospasivos'),(50,'declaracion','cattiposrelacionespersonales'),(51,'declaracion','cattiposrepresentaciones'),(52,'declaracion','cattipostitulares'),(53,'declaracion','cattipovia'),(54,'declaracion','cattitulartiposrelaciones'),(55,'declaracion','catunidadesmedida'),(56,'declaracion','catunidadestemporales'),(80,'declaracion','clientesprincipales'),(79,'declaracion','conyugedependientes'),(78,'declaracion','datoscurriculares'),(57,'declaracion','declaraciones'),(77,'declaracion','declaracionfiscal'),(76,'declaracion','deudasotros'),(58,'declaracion','domicilios'),(75,'declaracion','empresassociedades'),(74,'declaracion','encargos'),(73,'declaracion','experiencialaboral'),(72,'declaracion','fideicomisos'),(71,'declaracion','infopersonalfija'),(59,'declaracion','infopersonalvar'),(70,'declaracion','ingresosdeclaracion'),(69,'declaracion','inversiones'),(68,'declaracion','membresias'),(67,'declaracion','mueblesnoregistrables'),(66,'declaracion','nacionalidades'),(60,'declaracion','observaciones'),(65,'declaracion','prestamocomodato'),(64,'declaracion','representaciones'),(63,'declaracion','secciondeclaracion'),(62,'declaracion','secciones'),(61,'declaracion','socioscomerciales'),(88,'front','placeholder'),(89,'front','placeholderhistory'),(91,'oauth2_provider','accesstoken'),(90,'oauth2_provider','application'),(92,'oauth2_provider','grant'),(93,'oauth2_provider','refreshtoken'),(6,'sessions','session'),(86,'sitio','declaracion_faqs'),(87,'sitio','sitio_personalizacion');
/*!40000 ALTER TABLE `django_content_type` ENABLE KEYS */;
UNLOCK TABLES;

--
-- Table structure for table `django_migrations`
--

DROP TABLE IF EXISTS `django_migrations`;
/*!40101 SET @saved_cs_client     = @@character_set_client */;
/*!40101 SET character_set_client = utf8 */;
CREATE TABLE `django_migrations` (
  `id` int(11) NOT NULL AUTO_INCREMENT,
  `app` varchar(255) NOT NULL,
  `name` varchar(255) NOT NULL,
  `applied` datetime(6) NOT NULL,
  PRIMARY KEY (`id`)
) ENGINE=InnoDB AUTO_INCREMENT=32 DEFAULT CHARSET=latin1;
/*!40101 SET character_set_client = @saved_cs_client */;

--
-- Dumping data for table `django_migrations`
--

LOCK TABLES `django_migrations` WRITE;
/*!40000 ALTER TABLE `django_migrations` DISABLE KEYS */;
INSERT INTO `django_migrations` VALUES (1,'contenttypes','0001_initial','2020-05-02 00:51:48.757468'),(2,'auth','0001_initial','2020-05-02 00:51:49.629145'),(3,'admin','0001_initial','2020-05-02 00:51:54.662028'),(4,'admin','0002_logentry_remove_auto_add','2020-05-02 00:51:55.884531'),(5,'admin','0003_logentry_add_action_flag_choices','2020-05-02 00:51:55.909000'),(6,'contenttypes','0002_remove_content_type_name','2020-05-02 00:51:56.657858'),(7,'auth','0002_alter_permission_name_max_length','2020-05-02 00:51:56.707965'),(8,'auth','0003_alter_user_email_max_length','2020-05-02 00:51:56.758013'),(9,'auth','0004_alter_user_username_opts','2020-05-02 00:51:56.795732'),(10,'auth','0005_alter_user_last_login_null','2020-05-02 00:51:57.267776'),(11,'auth','0006_require_contenttypes_0002','2020-05-02 00:51:57.292635'),(12,'auth','0007_alter_validators_add_error_messages','2020-05-02 00:51:57.321937'),(13,'auth','0008_alter_user_username_max_length','2020-05-02 00:51:57.459967'),(14,'auth','0009_alter_user_last_name_max_length','2020-05-02 00:51:57.651802'),(15,'auth','0010_alter_group_name_max_length','2020-05-02 00:51:57.701853'),(16,'auth','0011_update_proxy_permissions','2020-05-02 00:51:57.731638'),(17,'declaracion','0001_initial','2020-05-02 00:52:12.590044'),(18,'front','0001_initial','2020-05-02 00:54:40.206311'),(19,'front','0002_auto_20150123_0219','2020-05-02 00:54:41.458259'),(20,'front','0003_auto_20170923_1427','2020-05-02 00:54:41.570427'),(21,'oauth2_provider','0001_initial','2020-05-02 00:54:42.637922'),(22,'oauth2_provider','0002_08_updates','2020-05-02 00:54:50.160987'),(23,'oauth2_provider','0003_auto_20160316_1503','2020-05-02 00:54:51.456179'),(24,'oauth2_provider','0004_auto_20160525_1623','2020-05-02 00:54:52.341540'),(25,'oauth2_provider','0005_auto_20170514_1141','2020-05-02 00:55:05.012142'),(26,'oauth2_provider','0006_auto_20171214_2232','2020-05-02 00:55:07.393761'),(27,'sessions','0001_initial','2020-05-02 00:55:08.364192'),(28,'sitio','0001_initial','2020-05-02 00:55:09.052259'),(29,'declaracion','0002_auto_20200506_1607','2020-05-06 16:07:23.290613'),(30,'declaracion','0003_auto_20200506_2123','2020-05-06 21:24:01.280930'),(31,'declaracion','0004_auto_20200506_2259','2020-05-06 22:59:32.351156');
/*!40000 ALTER TABLE `django_migrations` ENABLE KEYS */;
UNLOCK TABLES;

--
-- Table structure for table `django_session`
--

DROP TABLE IF EXISTS `django_session`;
/*!40101 SET @saved_cs_client     = @@character_set_client */;
/*!40101 SET character_set_client = utf8 */;
CREATE TABLE `django_session` (
  `session_key` varchar(40) NOT NULL,
  `session_data` longtext NOT NULL,
  `expire_date` datetime(6) NOT NULL,
  PRIMARY KEY (`session_key`),
  KEY `django_session_expire_date_a5c62663` (`expire_date`)
) ENGINE=InnoDB DEFAULT CHARSET=latin1;
/*!40101 SET character_set_client = @saved_cs_client */;

--
-- Dumping data for table `django_session`
--

LOCK TABLES `django_session` WRITE;
/*!40000 ALTER TABLE `django_session` DISABLE KEYS */;
INSERT INTO `django_session` VALUES ('1ytw78o0dp6t2pkhd8z0om0n97tgqy17','NDBmNGE5YmQ5MTczZjFiMDUzMDg5ODIyZTQyZTU1MzQyOGU5MGEzMjp7fQ==','2020-05-25 22:09:23.542760'),('5k6itdv003qvndlcirizne09evgtm0a5','MjhkOGUwZjlhOGY2M2Q5NzAwMTY2NTNlNDgyM2RlNzk2YjRmMzNhYzp7Il9hdXRoX3VzZXJfaWQiOiIyNCIsIl9hdXRoX3VzZXJfYmFja2VuZCI6ImRqYW5nby5jb250cmliLmF1dGguYmFja2VuZHMuTW9kZWxCYWNrZW5kIiwiX2F1dGhfdXNlcl9oYXNoIjoiNDVlMDBhMWVmY2UzZTE3NDA5MzUxN2QxMTYyYzBiMjA1ZTdlNTIwNSJ9','2020-05-21 17:43:20.454327'),('6otwtyabnexpqg13nbtyf1htoajsh9i4','NDBmNGE5YmQ5MTczZjFiMDUzMDg5ODIyZTQyZTU1MzQyOGU5MGEzMjp7fQ==','2020-05-25 21:01:31.246553'),('8oob1m1tw5qhggslgfvr3fdhlqa029g2','NDBmNGE5YmQ5MTczZjFiMDUzMDg5ODIyZTQyZTU1MzQyOGU5MGEzMjp7fQ==','2020-05-25 21:26:14.675582'),('8runbl4izahj1tppcw8u4xm5igialvcv','MjhkOGUwZjlhOGY2M2Q5NzAwMTY2NTNlNDgyM2RlNzk2YjRmMzNhYzp7Il9hdXRoX3VzZXJfaWQiOiIyNCIsIl9hdXRoX3VzZXJfYmFja2VuZCI6ImRqYW5nby5jb250cmliLmF1dGguYmFja2VuZHMuTW9kZWxCYWNrZW5kIiwiX2F1dGhfdXNlcl9oYXNoIjoiNDVlMDBhMWVmY2UzZTE3NDA5MzUxN2QxMTYyYzBiMjA1ZTdlNTIwNSJ9','2020-05-21 19:18:46.591943'),('98xi1bsyo1ko25j0fsyjpzn2e43ofl0l','YTdhOGQyODliNWJiY2E2N2IzZmY1ZWJmMDczNzZhNDdjZjE3OTY4Yjp7Il9hdXRoX3VzZXJfaWQiOiIxIiwiX2F1dGhfdXNlcl9iYWNrZW5kIjoiZGphbmdvLmNvbnRyaWIuYXV0aC5iYWNrZW5kcy5Nb2RlbEJhY2tlbmQiLCJfYXV0aF91c2VyX2hhc2giOiJhODE0MDQ3ZTMyZDUzZjViNGI0OTkxODgzOTk5Yjc1MjQxYTNiNWVmIn0=','2020-05-18 16:12:29.894529'),('9q48g0fvyvb8xlx3tuurgcydas5lo123','YzExODg5MjgwOGRkMDY4ODViYTQ3NzIxMzVkMGI4NTlhNTcxZTg0NTp7Il9hdXRoX3VzZXJfaWQiOiIxMCIsIl9hdXRoX3VzZXJfYmFja2VuZCI6ImRqYW5nby5jb250cmliLmF1dGguYmFja2VuZHMuTW9kZWxCYWNrZW5kIiwiX2F1dGhfdXNlcl9oYXNoIjoiOWVmNzVmYzVlOWE3ZmYxZGE1YWRlNWIzNzc0Y2ZhYzg3Nzc5ZWIwZiJ9','2020-05-29 20:25:43.396413'),('cg4jiy1gsr4hbdq1b9rxzxm6wa6c0ruy','NDBmNGE5YmQ5MTczZjFiMDUzMDg5ODIyZTQyZTU1MzQyOGU5MGEzMjp7fQ==','2020-05-25 20:59:14.462760'),('dja7n0f6zp02krgh0et1x6pinqpxikfe','NDBmNGE5YmQ5MTczZjFiMDUzMDg5ODIyZTQyZTU1MzQyOGU5MGEzMjp7fQ==','2020-05-25 21:05:57.196048'),('e2tswb2icq9yivkwqdjwc8ih9fp7z6qf','YTdhOGQyODliNWJiY2E2N2IzZmY1ZWJmMDczNzZhNDdjZjE3OTY4Yjp7Il9hdXRoX3VzZXJfaWQiOiIxIiwiX2F1dGhfdXNlcl9iYWNrZW5kIjoiZGphbmdvLmNvbnRyaWIuYXV0aC5iYWNrZW5kcy5Nb2RlbEJhY2tlbmQiLCJfYXV0aF91c2VyX2hhc2giOiJhODE0MDQ3ZTMyZDUzZjViNGI0OTkxODgzOTk5Yjc1MjQxYTNiNWVmIn0=','2020-05-16 16:03:36.496495'),('g8fcxnxqgpzbp87sf0g7zppcht5wy6lv','YmFlMTlhMzNkYjBkMTViY2RiMTRiNGM4MDhhYzM5NjYwYjRlOTkwNzp7Il9hdXRoX3VzZXJfaWQiOiIxMSIsIl9hdXRoX3VzZXJfYmFja2VuZCI6ImRqYW5nby5jb250cmliLmF1dGguYmFja2VuZHMuTW9kZWxCYWNrZW5kIiwiX2F1dGhfdXNlcl9oYXNoIjoiYzRhMmYyZGE4NTIzNWE4ZGQzZmU2ZDI1MGZhODA4OTEwNGRiMzRiNCJ9','2020-05-29 22:56:39.590840'),('hz8v9g227tpxgk69wzdylhorzukn7s1j','YTdhOGQyODliNWJiY2E2N2IzZmY1ZWJmMDczNzZhNDdjZjE3OTY4Yjp7Il9hdXRoX3VzZXJfaWQiOiIxIiwiX2F1dGhfdXNlcl9iYWNrZW5kIjoiZGphbmdvLmNvbnRyaWIuYXV0aC5iYWNrZW5kcy5Nb2RlbEJhY2tlbmQiLCJfYXV0aF91c2VyX2hhc2giOiJhODE0MDQ3ZTMyZDUzZjViNGI0OTkxODgzOTk5Yjc1MjQxYTNiNWVmIn0=','2020-05-20 05:04:57.656726'),('i2bz2n8chbz9sd01d07ws2x6skxcj0xv','NDBmNGE5YmQ5MTczZjFiMDUzMDg5ODIyZTQyZTU1MzQyOGU5MGEzMjp7fQ==','2020-05-25 22:06:46.816525'),('ioowt4phvm5ggv137tli2ymycsx2wf0g','NDBmNGE5YmQ5MTczZjFiMDUzMDg5ODIyZTQyZTU1MzQyOGU5MGEzMjp7fQ==','2020-05-25 20:57:33.723272'),('ldoey72zo9n08ycxu680giq3soarrhd5','NDBmNGE5YmQ5MTczZjFiMDUzMDg5ODIyZTQyZTU1MzQyOGU5MGEzMjp7fQ==','2020-05-25 20:51:47.687139'),('lykweo0hc998sbjnoxrln3bw1eky593s','ZDgxMTllN2NjNzJlNTA5YzY3MmU5MjAwNDE1YTcyZjlkYzQxNDBlYjp7Il9hdXRoX3VzZXJfaWQiOiI5IiwiX2F1dGhfdXNlcl9iYWNrZW5kIjoiZGphbmdvLmNvbnRyaWIuYXV0aC5iYWNrZW5kcy5Nb2RlbEJhY2tlbmQiLCJfYXV0aF91c2VyX2hhc2giOiIwNjJjOGM4ZWFjMmZiZDI4ZWVlMTY0MzAxN2RkZjA1ZjcwYjZkZDRhIn0=','2020-05-30 02:58:40.770325'),('m7fzh32ti4mitd6geh7bhs7mxmtytjra','NDBmNGE5YmQ5MTczZjFiMDUzMDg5ODIyZTQyZTU1MzQyOGU5MGEzMjp7fQ==','2020-05-25 21:41:52.161684'),('mfv53mvljenfp7a5exv2uku9gpm8wjma','NDBmNGE5YmQ5MTczZjFiMDUzMDg5ODIyZTQyZTU1MzQyOGU5MGEzMjp7fQ==','2020-05-25 21:10:25.813318'),('s7aa9bcv1l793u49ikizs0w4k49blsh8','YTdhOGQyODliNWJiY2E2N2IzZmY1ZWJmMDczNzZhNDdjZjE3OTY4Yjp7Il9hdXRoX3VzZXJfaWQiOiIxIiwiX2F1dGhfdXNlcl9iYWNrZW5kIjoiZGphbmdvLmNvbnRyaWIuYXV0aC5iYWNrZW5kcy5Nb2RlbEJhY2tlbmQiLCJfYXV0aF91c2VyX2hhc2giOiJhODE0MDQ3ZTMyZDUzZjViNGI0OTkxODgzOTk5Yjc1MjQxYTNiNWVmIn0=','2020-05-26 18:05:29.336336'),('ssdx7ggk6vm5wbufcg97xwrkvqhhn1wn','NDBmNGE5YmQ5MTczZjFiMDUzMDg5ODIyZTQyZTU1MzQyOGU5MGEzMjp7fQ==','2020-05-25 21:00:39.261202'),('t1b119e6xscmkr8kqtpfxxjkg2vnx1g2','NDBmNGE5YmQ5MTczZjFiMDUzMDg5ODIyZTQyZTU1MzQyOGU5MGEzMjp7fQ==','2020-05-25 21:27:42.341619'),('w1zqxzoyq992tq3ipnvp7g6qdnrxgb1g','NDBmNGE5YmQ5MTczZjFiMDUzMDg5ODIyZTQyZTU1MzQyOGU5MGEzMjp7fQ==','2020-05-25 21:31:19.079173'),('w38ev3q6x1bghkj4ruz03srmkcfc4267','NDBmNGE5YmQ5MTczZjFiMDUzMDg5ODIyZTQyZTU1MzQyOGU5MGEzMjp7fQ==','2020-05-25 19:03:07.518685'),('x07x00pdx8u0m4r5kzo6q7nykv1bhk8s','NDBmNGE5YmQ5MTczZjFiMDUzMDg5ODIyZTQyZTU1MzQyOGU5MGEzMjp7fQ==','2020-05-25 21:26:58.329055'),('yfvz5ntkxvhe8zlnozkkzu0f8m91ke6l','YmFlMTlhMzNkYjBkMTViY2RiMTRiNGM4MDhhYzM5NjYwYjRlOTkwNzp7Il9hdXRoX3VzZXJfaWQiOiIxMSIsIl9hdXRoX3VzZXJfYmFja2VuZCI6ImRqYW5nby5jb250cmliLmF1dGguYmFja2VuZHMuTW9kZWxCYWNrZW5kIiwiX2F1dGhfdXNlcl9oYXNoIjoiYzRhMmYyZGE4NTIzNWE4ZGQzZmU2ZDI1MGZhODA4OTEwNGRiMzRiNCJ9','2020-05-29 22:59:11.905269'),('zwo1wiii41fby9rqbdzw4iu5uyfjanug','YmYyMjI5YjBkY2U1ZTlhMTcwMzZiNjE4NzdkYzc0MWM5ZTcxY2YxYTp7Il9hdXRoX3VzZXJfaWQiOiI4IiwiX2F1dGhfdXNlcl9iYWNrZW5kIjoiZGphbmdvLmNvbnRyaWIuYXV0aC5iYWNrZW5kcy5Nb2RlbEJhY2tlbmQiLCJfYXV0aF91c2VyX2hhc2giOiIzNmQ4OTIwZGFhZTI4MGZmYTViNzlkYzk5ZWI3ODkzMTk1MjI5ZTc0In0=','2020-05-18 20:53:34.641799');
/*!40000 ALTER TABLE `django_session` ENABLE KEYS */;
UNLOCK TABLES;

--
-- Table structure for table `front_placeholder`
--

DROP TABLE IF EXISTS `front_placeholder`;
/*!40101 SET @saved_cs_client     = @@character_set_client */;
/*!40101 SET character_set_client = utf8 */;
CREATE TABLE `front_placeholder` (
  `key` varchar(40) NOT NULL,
  `value` longtext NOT NULL,
  PRIMARY KEY (`key`)
) ENGINE=InnoDB DEFAULT CHARSET=latin1;
/*!40101 SET character_set_client = @saved_cs_client */;

--
-- Dumping data for table `front_placeholder`
--

LOCK TABLES `front_placeholder` WRITE;
/*!40000 ALTER TABLE `front_placeholder` DISABLE KEYS */;
/*!40000 ALTER TABLE `front_placeholder` ENABLE KEYS */;
UNLOCK TABLES;

--
-- Table structure for table `front_placeholderhistory`
--

DROP TABLE IF EXISTS `front_placeholderhistory`;
/*!40101 SET @saved_cs_client     = @@character_set_client */;
/*!40101 SET character_set_client = utf8 */;
CREATE TABLE `front_placeholderhistory` (
  `id` int(11) NOT NULL AUTO_INCREMENT,
  `value` longtext NOT NULL,
  `saved` datetime(6) NOT NULL,
  `placeholder_id` varchar(40) NOT NULL,
  PRIMARY KEY (`id`),
  KEY `front_placeholderhis_placeholder_id_4e606a11_fk_front_pla` (`placeholder_id`),
  CONSTRAINT `front_placeholderhis_placeholder_id_4e606a11_fk_front_pla` FOREIGN KEY (`placeholder_id`) REFERENCES `front_placeholder` (`key`)
) ENGINE=InnoDB DEFAULT CHARSET=latin1;
/*!40101 SET character_set_client = @saved_cs_client */;

--
-- Dumping data for table `front_placeholderhistory`
--

LOCK TABLES `front_placeholderhistory` WRITE;
/*!40000 ALTER TABLE `front_placeholderhistory` DISABLE KEYS */;
/*!40000 ALTER TABLE `front_placeholderhistory` ENABLE KEYS */;
UNLOCK TABLES;

--
-- Table structure for table `oauth2_provider_accesstoken`
--

DROP TABLE IF EXISTS `oauth2_provider_accesstoken`;
/*!40101 SET @saved_cs_client     = @@character_set_client */;
/*!40101 SET character_set_client = utf8 */;
CREATE TABLE `oauth2_provider_accesstoken` (
  `id` bigint(20) NOT NULL AUTO_INCREMENT,
  `token` varchar(255) NOT NULL,
  `expires` datetime(6) NOT NULL,
  `scope` longtext NOT NULL,
  `application_id` bigint(20) DEFAULT NULL,
  `user_id` int(11) DEFAULT NULL,
  `created` datetime(6) NOT NULL,
  `updated` datetime(6) NOT NULL,
  `source_refresh_token_id` bigint(20) DEFAULT NULL,
  PRIMARY KEY (`id`),
  UNIQUE KEY `oauth2_provider_accesstoken_token_8af090f8_uniq` (`token`),
  UNIQUE KEY `source_refresh_token_id` (`source_refresh_token_id`),
  KEY `oauth2_provider_accesstoken_user_id_6e4c9a65_fk_auth_user_id` (`user_id`),
  KEY `oauth2_provider_accesstoken_application_id_b22886e1_fk` (`application_id`),
  CONSTRAINT `oauth2_provider_acce_source_refresh_token_e66fbc72_fk_oauth2_pr` FOREIGN KEY (`source_refresh_token_id`) REFERENCES `oauth2_provider_refreshtoken` (`id`),
  CONSTRAINT `oauth2_provider_accesstoken_application_id_b22886e1_fk` FOREIGN KEY (`application_id`) REFERENCES `oauth2_provider_application` (`id`),
  CONSTRAINT `oauth2_provider_accesstoken_user_id_6e4c9a65_fk_auth_user_id` FOREIGN KEY (`user_id`) REFERENCES `auth_user` (`id`)
) ENGINE=InnoDB AUTO_INCREMENT=482 DEFAULT CHARSET=latin1;
/*!40101 SET character_set_client = @saved_cs_client */;

--
-- Dumping data for table `oauth2_provider_accesstoken`
--

LOCK TABLES `oauth2_provider_accesstoken` WRITE;
/*!40000 ALTER TABLE `oauth2_provider_accesstoken` DISABLE KEYS */;
INSERT INTO `oauth2_provider_accesstoken` VALUES (1,'AzT3VkH06jwZmq0MVutBvbj87PMZAg','2020-05-31 03:24:54.000000','read write',1,12,'2020-05-02 17:24:54.226900','2020-05-05 22:13:08.172548',NULL),(2,'TRsqM0SNKcEYmgbjyorTzjMgtYs3VG','2020-05-31 04:16:41.000000','read write',1,12,'2020-05-02 18:16:41.608969','2020-05-05 22:13:01.481835',NULL),(3,'oPaRVCq3JCJWB2CnOcaFRd0nk35J63','2020-08-28 04:17:32.000000','read write',1,12,'2020-05-02 18:17:32.293838','2020-05-05 22:12:51.816242',NULL),(4,'rjUay8eVmMQ9hvwbmx28egJ4WMJoOO','2020-07-31 04:22:00.000000','read write',1,12,'2020-05-02 18:22:00.705506','2020-05-05 22:12:42.596677',NULL),(5,'1zgDPHZxHycWE8gPzt8HapX3Hbc3ow','2020-07-23 05:04:51.000000','read write',2,12,'2020-05-02 19:04:51.111687','2020-05-05 22:13:29.745681',NULL),(6,'RxRoNvcfJ7ifBzPQ7JabvDMYtwcLpg','2020-05-06 22:07:17.660137','read write',3,1,'2020-05-06 12:07:17.660391','2020-05-06 12:07:17.660415',NULL),(7,'wyqhOJJevCsk1wlHqLcEhzU3FXfTsY','2020-05-06 22:12:53.547091','read write',3,1,'2020-05-06 12:12:53.547274','2020-05-06 12:12:53.547285',NULL),(8,'aHTrrXdTb3ThBs4WJEnp5yLEZOrzh9','2020-05-07 00:42:50.820962','read write',3,1,'2020-05-06 14:42:50.821182','2020-05-06 14:42:50.821193',NULL),(9,'pfudP8BH8YntbONuejn1gkKvLYRUgm','2020-05-09 10:48:39.552476','read write',3,1,'2020-05-09 00:48:39.552709','2020-05-09 00:48:39.552720',NULL),(10,'CfAGecENCf2tf5lFDZ8jBCXNCXzMJz','2020-05-09 13:57:19.788354','read write',4,1,'2020-05-09 03:57:19.788621','2020-05-09 03:57:19.788632',NULL),(11,'IQCrRoDIKKPTJ1Xw5MHfqYLBjNwdOT','2020-05-09 14:04:59.875000','read write',4,1,'2020-05-09 04:04:59.875189','2020-05-09 04:04:59.875200',NULL),(12,'kJmcXuDUc4EluRrsV7CJ4lqFgg2FqQ','2020-05-12 01:25:11.055570','read write',5,12,'2020-05-11 15:25:11.055797','2020-05-11 15:25:11.055808',NULL),(13,'Bm95bmCeDwvjEShRGovPreX20Ncc5c','2020-05-12 01:51:10.210360','read write',5,12,'2020-05-11 15:51:10.210568','2020-05-11 15:51:10.210579',NULL),(14,'McF2o4eCi383HtTODxgOS8w6k4kzN2','2020-05-12 01:55:30.007743','read write',5,12,'2020-05-11 15:55:30.007942','2020-05-11 15:55:30.007953',NULL),(15,'OXe2naZrYVjVzeikDTaxDLsxJIWD26','2020-05-12 02:04:27.035710','read write',5,12,'2020-05-11 16:04:27.035908','2020-05-11 16:04:27.035919',NULL),(16,'RBZ0682EH8Ydg0HnlGZzq4uLJOmHaH','2020-05-12 02:11:48.197807','read write',5,12,'2020-05-11 16:11:48.198000','2020-05-11 16:11:48.198010',NULL),(17,'NvKz2RNN56zJq2iXhwDgw2yd2VtwWQ','2020-05-12 02:12:40.862557','read write',5,12,'2020-05-11 16:12:40.862756','2020-05-11 16:12:40.862767',NULL),(18,'rCLq2llpI1AT60wDVVT8DB8l2bL8dc','2020-05-12 02:18:21.577217','read write',5,12,'2020-05-11 16:18:21.577423','2020-05-11 16:18:21.577434',NULL),(19,'i89qd2foUy2C6xICUl9wYz1E2mDaly','2020-05-12 02:25:10.900481','read write',5,12,'2020-05-11 16:25:10.900679','2020-05-11 16:25:10.900690',NULL),(20,'kRujzPmWsBTVwqLjoUaE33GVdy9m2o','2020-05-12 02:25:21.178015','read write',5,12,'2020-05-11 16:25:21.178235','2020-05-11 16:25:21.178246',NULL),(21,'zvnQlykKcZHCROUYyCkIbX99vgv4Tm','2020-05-12 02:42:05.351052','read write',5,12,'2020-05-11 16:42:05.351251','2020-05-11 16:42:05.351262',NULL),(22,'ZNktiJUBP56lA5tzMEauuOhN1mkcbV','2020-05-12 07:03:59.600271','read write',5,12,'2020-05-11 21:03:59.600513','2020-05-11 21:03:59.600523',NULL),(23,'opEoiFL8x5WAujbxeBCCYYML5YXimA','2020-05-13 02:31:19.597027','read write',5,12,'2020-05-12 16:31:19.597271','2020-05-12 16:31:19.597283',NULL),(24,'wXnsglUNgoz2GGj5Cnc9vL5qLnORL2','2020-05-13 02:34:42.763916','read write',5,12,'2020-05-12 16:34:42.764115','2020-05-12 16:34:42.764126',NULL),(25,'3U5BaIo5KimVR2syoGAH9YkfAS3a5y','2020-05-13 02:53:23.430705','read write',5,12,'2020-05-12 16:53:23.430905','2020-05-12 16:53:23.430916',NULL),(26,'5JQSXCpEDxn24uYavEkQGOlEr4bIO7','2020-05-13 02:54:00.739368','read write',5,12,'2020-05-12 16:54:00.739571','2020-05-12 16:54:00.739582',NULL),(27,'mpb5NFDSj5OwZfeDmkntxcpeUsV5MC','2020-05-13 02:57:00.331192','read write',5,12,'2020-05-12 16:57:00.331397','2020-05-12 16:57:00.331409',NULL),(28,'BUP4MkZLQoDQKMzJvNigSK1zMAvf9S','2020-05-13 03:03:47.400703','read write',5,12,'2020-05-12 17:03:47.400911','2020-05-12 17:03:47.400921',NULL),(29,'y1cKyntNe5blxSY9e3K3PiJDADtK7f','2020-05-13 03:04:04.858606','read write',5,12,'2020-05-12 17:04:04.858802','2020-05-12 17:04:04.858813',NULL),(30,'qr5gKT01oMMUfkrnWfAJtK4Y52jEQp','2020-05-13 03:04:26.434955','read write',5,12,'2020-05-12 17:04:26.435163','2020-05-12 17:04:26.435174',NULL),(31,'fL4y3QwfkNvXukakjkpbepxepmTvjO','2020-05-13 03:06:40.409201','read write',5,12,'2020-05-12 17:06:40.409422','2020-05-12 17:06:40.409434',NULL),(32,'eqBhLtZZGe6nSWavsce33cNzLDq7rw','2020-05-13 03:07:25.520912','read write',5,12,'2020-05-12 17:07:25.521132','2020-05-12 17:07:25.521143',NULL),(33,'Z6Zsi297CqNyXR0tT8TPI95lPX6JAV','2020-05-13 03:07:59.039187','read write',5,12,'2020-05-12 17:07:59.039389','2020-05-12 17:07:59.039401',NULL),(34,'cPlIerSkrYYZAusoYiHyu4SaEnuKH3','2020-05-13 03:08:06.160773','read write',5,12,'2020-05-12 17:08:06.160970','2020-05-12 17:08:06.160981',NULL),(35,'TD9laPokP93kfE2dtbrPmct5fuoCYT','2020-05-13 03:08:30.562062','read write',5,12,'2020-05-12 17:08:30.562258','2020-05-12 17:08:30.562269',NULL),(36,'CnAiOrit5fIWyE1NicUN26y9wziD4u','2020-05-13 03:12:52.952787','read write',5,12,'2020-05-12 17:12:52.952988','2020-05-12 17:12:52.952999',NULL),(37,'opJSQs65BJjGwTJWQSSt2JScVh1Csh','2020-05-13 03:12:53.148250','read write',5,12,'2020-05-12 17:12:53.148468','2020-05-12 17:12:53.148479',NULL),(38,'LqlC2D16SvpLoqEloXGeG9ZYaRdX5R','2020-05-13 03:19:52.992095','read write',5,12,'2020-05-12 17:19:52.992290','2020-05-12 17:19:52.992302',NULL),(39,'WxVsgh3LHgEnz91QWwhBXAL89JIrTy','2020-05-13 03:19:56.619135','read write',5,12,'2020-05-12 17:19:56.619322','2020-05-12 17:19:56.619333',NULL),(40,'Z50m3XM6wGqHEHrCr2z88LiUVcW6mw','2020-05-13 03:22:29.878943','read write',5,12,'2020-05-12 17:22:29.879129','2020-05-12 17:22:29.879139',NULL),(41,'mFy29VADJEG5jTy97VvS7y5qNZSwAF','2020-05-13 03:22:29.979510','read write',5,12,'2020-05-12 17:22:29.979686','2020-05-12 17:22:29.979697',NULL),(42,'LoxUfhLqjN1Jgzit78finbFJOAOmUy','2020-05-13 03:22:30.071577','read write',5,12,'2020-05-12 17:22:30.071741','2020-05-12 17:22:30.071752',NULL),(43,'izGYGgF6vqwkqs4bXpg4AJnRJCiB0O','2020-05-13 03:22:30.267493','read write',5,12,'2020-05-12 17:22:30.267685','2020-05-12 17:22:30.267696',NULL),(44,'Ow055MMabvmedvhV3PuGHtxmVyj1KW','2020-05-13 03:22:30.373026','read write',5,12,'2020-05-12 17:22:30.373217','2020-05-12 17:22:30.373228',NULL),(45,'i91hX1SSF5gIsoMu5WAGj1ZXFZQZO3','2020-05-13 03:22:30.497891','read write',5,12,'2020-05-12 17:22:30.498218','2020-05-12 17:22:30.498229',NULL),(46,'bZNfty33W8MypBy96uaN2yybIxAXqa','2020-05-13 03:22:30.756571','read write',5,12,'2020-05-12 17:22:30.756780','2020-05-12 17:22:30.756790',NULL),(47,'0n68f7AgchpxZnrF13npmibntVjyBw','2020-05-13 03:22:30.873582','read write',5,12,'2020-05-12 17:22:30.873771','2020-05-12 17:22:30.873782',NULL),(48,'L0PnoxSf3rkR9nOg1Vc1fdx8Dno6EG','2020-05-13 03:22:30.981790','read write',5,12,'2020-05-12 17:22:30.981969','2020-05-12 17:22:30.981979',NULL),(49,'654jzQIDELUzDOFOxv0qYHpkKSE6Fy','2020-05-13 03:22:31.090223','read write',5,12,'2020-05-12 17:22:31.090416','2020-05-12 17:22:31.090427',NULL),(50,'yNG0hPbnvKB8B92DDpWnZ8Ql1l25GJ','2020-05-13 03:22:31.198675','read write',5,12,'2020-05-12 17:22:31.198853','2020-05-12 17:22:31.198864',NULL),(51,'IJQ6E2odcLioZQoCBdqapIb86vLo1u','2020-05-13 03:22:31.306715','read write',5,12,'2020-05-12 17:22:31.306896','2020-05-12 17:22:31.306907',NULL),(52,'ex9FI2Kt1wAtdaeUbIwbRHNStBHaAO','2020-05-13 03:22:31.415433','read write',5,12,'2020-05-12 17:22:31.415623','2020-05-12 17:22:31.415634',NULL),(53,'eSerxwKefdNjSHTzDTwbTjUghAg5I9','2020-05-13 03:22:31.540943','read write',5,12,'2020-05-12 17:22:31.541146','2020-05-12 17:22:31.541157',NULL),(54,'aSBJlXr139lxtIzkJvsgEAW0h9jBkf','2020-05-13 03:22:31.656943','read write',5,12,'2020-05-12 17:22:31.657169','2020-05-12 17:22:31.657180',NULL),(55,'UXOtGtafqBMYiSyCMKjYNXVZkr9dpP','2020-05-13 03:22:31.782890','read write',5,12,'2020-05-12 17:22:31.783074','2020-05-12 17:22:31.783085',NULL),(56,'DwPNtf5NZKGVgTPkJ7hI1ef6DbYyL2','2020-05-13 03:22:31.891819','read write',5,12,'2020-05-12 17:22:31.892013','2020-05-12 17:22:31.892025',NULL),(57,'0o5a3JtP3Aqv04AJHV1aQshHk61pB1','2020-05-13 03:22:31.999731','read write',5,12,'2020-05-12 17:22:31.999913','2020-05-12 17:22:31.999923',NULL),(58,'x6VxbkOROHisyiieqZHf26KodtQKA1','2020-05-13 03:22:32.107327','read write',5,12,'2020-05-12 17:22:32.107510','2020-05-12 17:22:32.107520',NULL),(59,'CQJhhelmohGc6ENmRfEk0bL5YkjstC','2020-05-13 03:22:32.215249','read write',5,12,'2020-05-12 17:22:32.215465','2020-05-12 17:22:32.215475',NULL),(60,'Mdzq1RF5s2x5yQuiVVk4inHBn1LX9u','2020-05-13 03:22:32.323420','read write',5,12,'2020-05-12 17:22:32.323603','2020-05-12 17:22:32.323614',NULL),(61,'H9mScla5euvdIWzrEXQmwKltSvt5WB','2020-05-13 03:22:32.438360','read write',5,12,'2020-05-12 17:22:32.438552','2020-05-12 17:22:32.438562',NULL),(62,'FMNpPnmfC55J7Y80FvTSMGWkT6oWHU','2020-05-13 03:22:32.548934','read write',5,12,'2020-05-12 17:22:32.549116','2020-05-12 17:22:32.549127',NULL),(63,'Kw906HidumkgWrNG0mfwrxdI8Qpffx','2020-05-13 03:22:32.657249','read write',5,12,'2020-05-12 17:22:32.657431','2020-05-12 17:22:32.657442',NULL),(64,'OT8odVYi1hB09qyDcPgxwtwAkfvOis','2020-05-13 03:22:32.765940','read write',5,12,'2020-05-12 17:22:32.766130','2020-05-12 17:22:32.766141',NULL),(65,'zLDoLnPYpBJ0epSRqcHLacC8AyEK0X','2020-05-13 03:22:32.875099','read write',5,12,'2020-05-12 17:22:32.875312','2020-05-12 17:22:32.875323',NULL),(66,'UvTkTOSNadvQ03Hldiv3Tg1sMmCDx3','2020-05-13 03:22:32.983935','read write',5,12,'2020-05-12 17:22:32.984129','2020-05-12 17:22:32.984140',NULL),(67,'pLLc5oWB8yK8w1i3xhZ8rXad0mbFWg','2020-05-13 03:22:33.091166','read write',5,12,'2020-05-12 17:22:33.091360','2020-05-12 17:22:33.091371',NULL),(68,'3mL8XsR9Yoi2yvdHN1msXhNuD697UE','2020-05-13 03:22:33.206467','read write',5,12,'2020-05-12 17:22:33.206653','2020-05-12 17:22:33.206664',NULL),(69,'v4UjOgjpKCbMay1ucUNZgWgNPPvvB3','2020-05-13 03:22:33.315761','read write',5,12,'2020-05-12 17:22:33.315944','2020-05-12 17:22:33.315955',NULL),(70,'Rx7mqCGuXo0awXOqLelhe50bVgc0yZ','2020-05-13 03:22:33.424109','read write',5,12,'2020-05-12 17:22:33.424299','2020-05-12 17:22:33.424310',NULL),(71,'2ekF0otG3e8rV7jUuqFtphxrqwQ3YS','2020-05-13 03:22:33.532730','read write',5,12,'2020-05-12 17:22:33.533050','2020-05-12 17:22:33.533061',NULL),(72,'UieVCF3jvR5m9t8JyvV2J6Ec5iifTT','2020-05-13 03:22:33.642111','read write',5,12,'2020-05-12 17:22:33.642294','2020-05-12 17:22:33.642306',NULL),(73,'t3Yj7ZKrbkfmfx4yIieM7UWvoFPJo0','2020-05-13 03:22:33.749653','read write',5,12,'2020-05-12 17:22:33.749835','2020-05-12 17:22:33.749846',NULL),(74,'zwHzfIVc9Krn6OAIqKpu7xtMc6gEmm','2020-05-13 03:22:33.858635','read write',5,12,'2020-05-12 17:22:33.858828','2020-05-12 17:22:33.858839',NULL),(75,'HaDS7AgZVTTb6AjjahFVF6Ix5ty5fX','2020-05-13 03:22:33.975575','read write',5,12,'2020-05-12 17:22:33.975769','2020-05-12 17:22:33.975780',NULL),(76,'ADGRg6LIr1pvZJ6asuD2hnIh5yVqot','2020-05-13 03:22:34.083997','read write',5,12,'2020-05-12 17:22:34.084178','2020-05-12 17:22:34.084188',NULL),(77,'7qnvPoEa7rZODqdimUtMObpmiTgy73','2020-05-13 03:22:34.192213','read write',5,12,'2020-05-12 17:22:34.192399','2020-05-12 17:22:34.192410',NULL),(78,'kHkY3ukhTNpvmK4s85EjQBc4vpSVpm','2020-05-13 03:22:34.300175','read write',5,12,'2020-05-12 17:22:34.300359','2020-05-12 17:22:34.300370',NULL),(79,'m07vFIBIYMgDky4z4Jsdbj1Ff87tAx','2020-05-13 03:22:34.408076','read write',5,12,'2020-05-12 17:22:34.408254','2020-05-12 17:22:34.408265',NULL),(80,'SOy0rDkMv7OT1L5nGwzHVzOexRg31K','2020-05-13 03:22:34.557875','read write',5,12,'2020-05-12 17:22:34.558069','2020-05-12 17:22:34.558080',NULL),(81,'UHQOvk1qnkHxbcacXXlB4d0rbZFqot','2020-05-13 03:22:34.667277','read write',5,12,'2020-05-12 17:22:34.667462','2020-05-12 17:22:34.667473',NULL),(82,'AyWJrNpzeNHbS19OA6vtD60X9QCQ8X','2020-05-13 03:22:34.782153','read write',5,12,'2020-05-12 17:22:34.782339','2020-05-12 17:22:34.782353',NULL),(83,'jknAiT1NbsF5IK49agli014jqIZnPK','2020-05-13 03:22:34.892970','read write',5,12,'2020-05-12 17:22:34.893154','2020-05-12 17:22:34.893165',NULL),(84,'TtAUPZ4omBpM3ATQ1mtWRtfDfVM89v','2020-05-13 03:22:35.003057','read write',5,12,'2020-05-12 17:22:35.003254','2020-05-12 17:22:35.003265',NULL),(85,'Iy39141tRex87BkmvuaC7EoeqIbZo0','2020-05-13 03:22:35.111359','read write',5,12,'2020-05-12 17:22:35.111619','2020-05-12 17:22:35.111630',NULL),(86,'6j4AjrkTwT6T6Gv7jwIlMQNvnYDdKd','2020-05-13 03:22:35.201299','read write',5,12,'2020-05-12 17:22:35.201468','2020-05-12 17:22:35.201479',NULL),(87,'CiRrM1VDzwLRGFg3jL9rQfscNgA1gS','2020-05-13 03:22:35.309537','read write',5,12,'2020-05-12 17:22:35.309726','2020-05-12 17:22:35.309737',NULL),(88,'Fb5yroGPBTTNUxyZRD68QyCScHHyKa','2020-05-13 03:22:35.417085','read write',5,12,'2020-05-12 17:22:35.417268','2020-05-12 17:22:35.417279',NULL),(89,'TbB600yIurB4zz5OijdUtxiv1Rdznd','2020-05-13 03:22:35.525907','read write',5,12,'2020-05-12 17:22:35.526086','2020-05-12 17:22:35.526097',NULL),(90,'1zbVWNHyJuN4JDQLVI4ms7wxw4r4dJ','2020-05-13 03:22:35.691534','read write',5,12,'2020-05-12 17:22:35.691928','2020-05-12 17:22:35.691940',NULL),(91,'bGWpK9zL0F5397md0vCr3Sfrhi7H93','2020-05-13 03:22:35.827141','read write',5,12,'2020-05-12 17:22:35.827321','2020-05-12 17:22:35.827332',NULL),(92,'8IGerAwe8rMFlJiQuUuVluZQr1NnAl','2020-05-13 03:22:35.951563','read write',5,12,'2020-05-12 17:22:35.951748','2020-05-12 17:22:35.951759',NULL),(93,'Xni14vaOYNPBRt2yaYYeT32CocVAol','2020-05-13 03:22:36.061765','read write',5,12,'2020-05-12 17:22:36.061964','2020-05-12 17:22:36.061975',NULL),(94,'rHkiM51OwgjfPgMYGY3nuCEP07xjWk','2020-05-13 03:22:36.186187','read write',5,12,'2020-05-12 17:22:36.186377','2020-05-12 17:22:36.186388',NULL),(95,'LgUQXAukGFWSdiv1AQlKDtiKmmpXnW','2020-05-13 03:22:36.293559','read write',5,12,'2020-05-12 17:22:36.293739','2020-05-12 17:22:36.293749',NULL),(96,'tKgUiOQAK1eaJ6BUzszlPjIQqvz4gw','2020-05-13 03:22:36.401897','read write',5,12,'2020-05-12 17:22:36.402085','2020-05-12 17:22:36.402096',NULL),(97,'gHTNcFO2tY44vGyOov9V3bA8LEu3dV','2020-05-13 03:22:36.533555','read write',5,12,'2020-05-12 17:22:36.533740','2020-05-12 17:22:36.533751',NULL),(98,'Mh1PioUukKxOgqkdOb670hxy4DacAX','2020-05-13 03:22:36.643976','read write',5,12,'2020-05-12 17:22:36.644154','2020-05-12 17:22:36.644165',NULL),(99,'zCkFX7pHvEZW3vGlC4286YgQJg9lvU','2020-05-13 03:22:36.752577','read write',5,12,'2020-05-12 17:22:36.752762','2020-05-12 17:22:36.752773',NULL),(100,'e47pcmC2CACsZmjFaSCbMeVrzbIuuQ','2020-05-13 03:22:36.860570','read write',5,12,'2020-05-12 17:22:36.860756','2020-05-12 17:22:36.860767',NULL),(101,'tqmE5l40TVkW0sBMSHLBO9KsqnhFC0','2020-05-13 03:22:36.968427','read write',5,12,'2020-05-12 17:22:36.968611','2020-05-12 17:22:36.968622',NULL),(102,'i3A5pHbfqWI7XtWidhvuyusIM15n1k','2020-05-13 03:22:37.078968','read write',5,12,'2020-05-12 17:22:37.079180','2020-05-12 17:22:37.079191',NULL),(103,'Yhq8op9WiXvUbfYSSzLK1dBVoKGbts','2020-05-13 03:24:26.219062','read write',5,12,'2020-05-12 17:24:26.219257','2020-05-12 17:24:26.219269',NULL),(104,'IGnVSjGahP0D2hYH4ek8TD3nf9e37k','2020-05-13 03:24:26.337379','read write',5,12,'2020-05-12 17:24:26.337547','2020-05-12 17:24:26.337558',NULL),(105,'VxbXUDnWtHde3dEAMLSnQHylhTN1xC','2020-05-13 03:24:26.446149','read write',5,12,'2020-05-12 17:24:26.446323','2020-05-12 17:24:26.446334',NULL),(106,'9L9os7YxK8bqekRsIs6c6tt1HBFGgR','2020-05-13 03:24:26.590361','read write',5,12,'2020-05-12 17:24:26.590555','2020-05-12 17:24:26.590566',NULL),(107,'PqIWuHEYndbAS4lp3FKGNByi6hceq1','2020-05-13 03:24:26.696594','read write',5,12,'2020-05-12 17:24:26.696783','2020-05-12 17:24:26.696793',NULL),(108,'b7rcTbgAXLGt2lC8KU5YOJUqbglvGD','2020-05-13 03:24:26.805539','read write',5,12,'2020-05-12 17:24:26.805863','2020-05-12 17:24:26.805874',NULL),(109,'tit6EoObJBgn81M3LY4DRFQP53XZMl','2020-05-13 03:24:26.913408','read write',5,12,'2020-05-12 17:24:26.913590','2020-05-12 17:24:26.913601',NULL),(110,'X7Bk9tA8UzFsJ6ZS9IxwNo25LmF6tj','2020-05-13 03:24:27.029025','read write',5,12,'2020-05-12 17:24:27.029215','2020-05-12 17:24:27.029226',NULL),(111,'tmNRkH2KF7PvsVgF8mKDcEi8bgvXMi','2020-05-13 03:24:27.140213','read write',5,12,'2020-05-12 17:24:27.140430','2020-05-12 17:24:27.140441',NULL),(112,'O47RJ1mpO0l9GxAYp0z1WHBiITPGOO','2020-05-13 03:24:27.249096','read write',5,12,'2020-05-12 17:24:27.249283','2020-05-12 17:24:27.249294',NULL),(113,'s82IufXF8KFwK5yqcPmFXCQHMNN2HS','2020-05-13 03:24:27.356532','read write',5,12,'2020-05-12 17:24:27.356721','2020-05-12 17:24:27.356732',NULL),(114,'xPT3qh7ajsZ50BaUp5zeHeIX3IRZqY','2020-05-13 03:24:27.480917','read write',5,12,'2020-05-12 17:24:27.481106','2020-05-12 17:24:27.481117',NULL),(115,'pT1jkywnTsd0Hd39rBPXKBHrI8Sb8D','2020-05-13 03:24:27.589496','read write',5,12,'2020-05-12 17:24:27.589676','2020-05-12 17:24:27.589687',NULL),(116,'R6949bNISMz9NOttjRcFc3ocLIzs9D','2020-05-13 03:24:27.774685','read write',5,12,'2020-05-12 17:24:27.774870','2020-05-12 17:24:27.774880',NULL),(117,'haBj9xqEp8EO6rAKXeXXecQJ0HfjOe','2020-05-13 03:24:27.888846','read write',5,12,'2020-05-12 17:24:27.889217','2020-05-12 17:24:27.889228',NULL),(118,'FkPyksdonlP0r71F8BaFKHeNr71ABF','2020-05-13 03:24:27.998055','read write',5,12,'2020-05-12 17:24:27.998243','2020-05-12 17:24:27.998254',NULL),(119,'hFjMDVmmfhgZQNtVRoVhKe6LnUeQi3','2020-05-13 03:24:28.114889','read write',5,12,'2020-05-12 17:24:28.115074','2020-05-12 17:24:28.115085',NULL),(120,'uWkGGOeRJa2c1cxqDDFWXfyD8U7osq','2020-05-13 03:24:28.224248','read write',5,12,'2020-05-12 17:24:28.224459','2020-05-12 17:24:28.224470',NULL),(121,'RimzRcdvSIRBdcUkaIZBSCQlgjdu3i','2020-05-13 03:24:28.332990','read write',5,12,'2020-05-12 17:24:28.333175','2020-05-12 17:24:28.333186',NULL),(122,'OEAMj72TDjyP0AZx90aG3jiV9JrpIk','2020-05-13 03:24:28.440330','read write',5,12,'2020-05-12 17:24:28.440512','2020-05-12 17:24:28.440522',NULL),(123,'RxZTXOc83xGF2ztUwBdZVEk0kszT90','2020-05-13 03:24:28.548532','read write',5,12,'2020-05-12 17:24:28.548714','2020-05-12 17:24:28.548725',NULL),(124,'tLcMt6wvn5iqCPXumlmcibalhZQOyx','2020-05-13 03:24:28.663145','read write',5,12,'2020-05-12 17:24:28.663334','2020-05-12 17:24:28.663345',NULL),(125,'6CADrUtDg2n8XYxzJ5u2U6Rrn6cKZR','2020-05-13 03:24:28.773493','read write',5,12,'2020-05-12 17:24:28.773676','2020-05-12 17:24:28.773687',NULL),(126,'V6ULx5hbfu39Ffdv5sMyHLcwQ8iLW7','2020-05-13 03:24:28.899731','read write',5,12,'2020-05-12 17:24:28.900060','2020-05-12 17:24:28.900071',NULL),(127,'X6USJOCQR3DDQlAOzzLLtztn8td0pW','2020-05-13 03:24:29.006720','read write',5,12,'2020-05-12 17:24:29.006902','2020-05-12 17:24:29.006913',NULL),(128,'4vHE0wxWfCdEVribUPVGrnl420kZUB','2020-05-13 03:24:29.115450','read write',5,12,'2020-05-12 17:24:29.115635','2020-05-12 17:24:29.115646',NULL),(129,'hl1gR8MF1W25ksl2JyenIJ0KaJdpDC','2020-05-13 03:24:29.223412','read write',5,12,'2020-05-12 17:24:29.223624','2020-05-12 17:24:29.223635',NULL),(130,'qkcj7V5Nb3VdtuECjdaRZWp0LuVdY3','2020-05-13 03:24:29.334027','read write',5,12,'2020-05-12 17:24:29.334216','2020-05-12 17:24:29.334228',NULL),(131,'F3VaWL0kOtQu7wRx65pi2n3ggNAftn','2020-05-13 03:24:29.448047','read write',5,12,'2020-05-12 17:24:29.448237','2020-05-12 17:24:29.448247',NULL),(132,'7TGQfOgS5smFwgNBdNNuweVDKFxZVh','2020-05-13 03:24:29.574323','read write',5,12,'2020-05-12 17:24:29.574509','2020-05-12 17:24:29.574520',NULL),(133,'uDhAjTdwFEKRRZBIJ4ae6DyDIco2hU','2020-05-13 03:24:29.682871','read write',5,12,'2020-05-12 17:24:29.683050','2020-05-12 17:24:29.683061',NULL),(134,'bULHnPHZzju6WZYlHUVw8J3CLQVRxZ','2020-05-13 03:24:29.791132','read write',5,12,'2020-05-12 17:24:29.791315','2020-05-12 17:24:29.791326',NULL),(135,'HA4FRIPkGEK80lfWDyN0QKtF73W2u5','2020-05-13 03:24:29.899217','read write',5,12,'2020-05-12 17:24:29.899548','2020-05-12 17:24:29.899559',NULL),(136,'iCa4gHXo1yXwsTPgaNHEVWCJn7smLc','2020-05-13 03:24:30.007980','read write',5,12,'2020-05-12 17:24:30.008162','2020-05-12 17:24:30.008173',NULL),(137,'z4y6ggbhw9cSUXa1xij1iZYTofj4hU','2020-05-13 03:24:30.117678','read write',5,12,'2020-05-12 17:24:30.117941','2020-05-12 17:24:30.117952',NULL),(138,'DOTR7WFYU4FkE8CSDFkBvs9T2X0Rl4','2020-05-13 03:24:30.232969','read write',5,12,'2020-05-12 17:24:30.233168','2020-05-12 17:24:30.233179',NULL),(139,'9mlSbBdCOLmOYwSJG3BxSITrrkm9hi','2020-05-13 03:24:30.343989','read write',5,12,'2020-05-12 17:24:30.344184','2020-05-12 17:24:30.344195',NULL),(140,'wZ2QDgVYaA1I8SkVdJIvmXqVvDY5mZ','2020-05-13 03:24:30.459808','read write',5,12,'2020-05-12 17:24:30.459999','2020-05-12 17:24:30.460010',NULL),(141,'xXMJ3sHwv0byjskTqQ7UpE3VrQFeIq','2020-05-13 03:24:30.576633','read write',5,12,'2020-05-12 17:24:30.576815','2020-05-12 17:24:30.576826',NULL),(142,'XwTPcnG65uWt20gd2SeIj1vXJ6BJvB','2020-05-13 03:24:30.683794','read write',5,12,'2020-05-12 17:24:30.683981','2020-05-12 17:24:30.683992',NULL),(143,'UdMrwAZ8JbuhmUhNhu7nR5CTr0id0n','2020-05-13 03:24:30.792400','read write',5,12,'2020-05-12 17:24:30.792583','2020-05-12 17:24:30.792594',NULL),(144,'7FDj1OFPZbU54ThpH0tgFC3MyFfFlx','2020-05-13 03:24:30.900383','read write',5,12,'2020-05-12 17:24:30.900564','2020-05-12 17:24:30.900574',NULL),(145,'dpbp9Zpr4IrEOnDVgU3prvMdfVXQnj','2020-05-13 03:24:31.016253','read write',5,12,'2020-05-12 17:24:31.016473','2020-05-12 17:24:31.016484',NULL),(146,'1meZ6ktmUOwug1RMOiJxYUsM17KVqQ','2020-05-13 03:24:31.126121','read write',5,12,'2020-05-12 17:24:31.126305','2020-05-12 17:24:31.126316',NULL),(147,'VMYlHIm8sZ4hF9teo073XnFi2lcjwy','2020-05-13 03:24:31.234735','read write',5,12,'2020-05-12 17:24:31.234916','2020-05-12 17:24:31.234926',NULL),(148,'FxjOWQmmnIEsFmuRzckuBZ6eLiDf9Z','2020-05-13 03:24:31.344793','read write',5,12,'2020-05-12 17:24:31.345000','2020-05-12 17:24:31.345011',NULL),(149,'qqJiKA1IR9PRGfJiwrxme5dP7Lov63','2020-05-13 03:24:31.510874','read write',5,12,'2020-05-12 17:24:31.511055','2020-05-12 17:24:31.511065',NULL),(150,'Bxft8qIaEv0uUSdxIDqyb82oweBjlP','2020-05-13 03:24:31.627064','read write',5,12,'2020-05-12 17:24:31.627244','2020-05-12 17:24:31.627254',NULL),(151,'CHzgoeapz6UyxPW39cAA4ifwam4gVO','2020-05-13 03:24:31.744140','read write',5,12,'2020-05-12 17:24:31.744329','2020-05-12 17:24:31.744340',NULL),(152,'eF1nXes4LI6ISPUpXEHGCAmYNbf2rD','2020-05-13 03:24:31.860169','read write',5,12,'2020-05-12 17:24:31.860353','2020-05-12 17:24:31.860364',NULL),(153,'N0jVtG40SiPQjPtk7uFaswr6K66csC','2020-05-13 03:24:31.975201','read write',5,12,'2020-05-12 17:24:31.975390','2020-05-12 17:24:31.975401',NULL),(154,'fLAsY03GqIN69d15ZaM14H1qKFklhd','2020-05-13 03:24:32.151415','read write',5,12,'2020-05-12 17:24:32.151603','2020-05-12 17:24:32.151614',NULL),(155,'ZHjRCVVdkvQUvEh5oRNPWVvyKClIu8','2020-05-13 03:24:32.260427','read write',5,12,'2020-05-12 17:24:32.260615','2020-05-12 17:24:32.260626',NULL),(156,'NYlnNZsPnN5whTgDHSrniDjKgq4IBN','2020-05-13 03:24:32.394692','read write',5,12,'2020-05-12 17:24:32.394911','2020-05-12 17:24:32.394922',NULL),(157,'YTQm6vBcNm7u5iO5T2jz9kKUuVDl7I','2020-05-13 03:24:32.503068','read write',5,12,'2020-05-12 17:24:32.503252','2020-05-12 17:24:32.503263',NULL),(158,'mb4L6LrnFVMzAEE8L3lARLs7K2UVXw','2020-05-13 03:24:32.627992','read write',5,12,'2020-05-12 17:24:32.628176','2020-05-12 17:24:32.628186',NULL),(159,'l8yjfdoYGrb6QqAFK1fCvtmjVF6X8p','2020-05-13 03:24:32.744406','read write',5,12,'2020-05-12 17:24:32.744623','2020-05-12 17:24:32.744633',NULL),(160,'08AepGKUGmqWmCe0nIyiGSFYXybLhs','2020-05-13 03:24:32.860073','read write',5,12,'2020-05-12 17:24:32.860263','2020-05-12 17:24:32.860273',NULL),(161,'GMEpQ6PfpmGqZDrVCVROKHvFB1eR2w','2020-05-13 03:24:32.969661','read write',5,12,'2020-05-12 17:24:32.969842','2020-05-12 17:24:32.969853',NULL),(162,'vPJEss8sLGG5G2DXdq2i60Uh0G69FZ','2020-05-13 03:24:33.086095','read write',5,12,'2020-05-12 17:24:33.086277','2020-05-12 17:24:33.086288',NULL),(163,'jLmZ4CDgOeixqy0H9csUt6wlCUfPHU','2020-05-13 03:24:33.194906','read write',5,12,'2020-05-12 17:24:33.195087','2020-05-12 17:24:33.195098',NULL),(164,'XkSJZZon6PRthLjbcfYMcAWfAcwCjj','2020-05-13 03:24:33.302757','read write',5,12,'2020-05-12 17:24:33.302938','2020-05-12 17:24:33.302948',NULL),(165,'IkAtFLciBQ3mWIHQhE8o1JRdjQ7FZm','2020-05-13 03:24:33.411933','read write',5,12,'2020-05-12 17:24:33.412142','2020-05-12 17:24:33.412153',NULL),(166,'y7qiOXl5oCsJJVNgvsXVOw31BiLuO0','2020-05-13 03:24:58.719521','read write',5,12,'2020-05-12 17:24:58.719711','2020-05-12 17:24:58.719722',NULL),(167,'CbC7uTEWaIc8rwNW562L5N8jUMUcDB','2020-05-13 03:24:58.813003','read write',5,12,'2020-05-12 17:24:58.813173','2020-05-12 17:24:58.813183',NULL),(168,'Afqeu3MiAbAf2OC2We4mQg61jL9ZSK','2020-05-13 03:24:58.896924','read write',5,12,'2020-05-12 17:24:58.897091','2020-05-12 17:24:58.897102',NULL),(169,'cUgzj4I91AEHvDH3e7t8Sq8dtHGS1j','2020-05-13 03:24:59.065271','read write',5,12,'2020-05-12 17:24:59.065472','2020-05-12 17:24:59.065483',NULL),(170,'46YlaLby7kscymwYp9TVRe0SoCUbsx','2020-05-13 03:24:59.187921','read write',5,12,'2020-05-12 17:24:59.188105','2020-05-12 17:24:59.188115',NULL),(171,'Dli1fsGqxXv7NQHnDBVMGugIv2LytE','2020-05-13 03:24:59.319767','read write',5,12,'2020-05-12 17:24:59.319958','2020-05-12 17:24:59.319969',NULL),(172,'nx30B5EzsFJP7qNSSlEPJTAmjPugdz','2020-05-13 03:24:59.455983','read write',5,12,'2020-05-12 17:24:59.456178','2020-05-12 17:24:59.456189',NULL),(173,'kFvwwYUaJgiRrFrUHpTgwwjXQV53cB','2020-05-13 03:24:59.587959','read write',5,12,'2020-05-12 17:24:59.588146','2020-05-12 17:24:59.588157',NULL),(174,'1xxmb6jmXPkg4wfz8oQhAai0t6SbXs','2020-05-13 03:24:59.714694','read write',5,12,'2020-05-12 17:24:59.714888','2020-05-12 17:24:59.714898',NULL),(175,'XGFUyxqo3wlgWm2nRe5zVfAToYPU9b','2020-05-13 03:24:59.854721','read write',5,12,'2020-05-12 17:24:59.854910','2020-05-12 17:24:59.854921',NULL),(176,'MUvMZFOfYEUeLPnevufqYycAtxXonE','2020-05-13 03:25:00.005221','read write',5,12,'2020-05-12 17:25:00.005476','2020-05-12 17:25:00.005487',NULL),(177,'8ojW2ry5Xvu0STjoRbLVtBtPstCHrc','2020-05-13 03:25:00.131466','read write',5,12,'2020-05-12 17:25:00.131735','2020-05-12 17:25:00.131746',NULL),(178,'O8oUzaJEXfaRo255upOHs0kVfAEOAT','2020-05-13 03:25:00.264959','read write',5,12,'2020-05-12 17:25:00.265148','2020-05-12 17:25:00.265159',NULL),(179,'aViYA3zBgeFwCiVndRR3Z9dMrAWQZ7','2020-05-13 03:25:00.411568','read write',5,12,'2020-05-12 17:25:00.411796','2020-05-12 17:25:00.411807',NULL),(180,'lE3Meu13dIbW9kkdMY7nhsdN9OGJ42','2020-05-13 03:25:00.567498','read write',5,12,'2020-05-12 17:25:00.567689','2020-05-12 17:25:00.567700',NULL),(181,'REPCEY3VbCjrv7uXhODSTNTzooeA2Q','2020-05-13 03:25:00.697235','read write',5,12,'2020-05-12 17:25:00.697434','2020-05-12 17:25:00.697445',NULL),(182,'E5JaiYylGD31X15cjxe8JSNwaMtosQ','2020-05-13 03:25:00.847792','read write',5,12,'2020-05-12 17:25:00.847988','2020-05-12 17:25:00.847999',NULL),(183,'Vgs2XFCByWt3eEicLDP6NJaAcCOQD8','2020-05-13 03:25:00.995096','read write',5,12,'2020-05-12 17:25:00.995281','2020-05-12 17:25:00.995292',NULL),(184,'fE1l6840kfa9pScN538eQjlgeqRRpV','2020-05-13 03:25:01.122950','read write',5,12,'2020-05-12 17:25:01.123140','2020-05-12 17:25:01.123151',NULL),(185,'horhSun1pR81KNs0MyLQzX0DYIQkaZ','2020-05-13 03:25:01.263470','read write',5,12,'2020-05-12 17:25:01.263659','2020-05-12 17:25:01.263670',NULL),(186,'xRLn4XE1S8sgmTYG6UZcOADHr1yHdo','2020-05-13 03:25:01.449333','read write',5,12,'2020-05-12 17:25:01.449550','2020-05-12 17:25:01.449561',NULL),(187,'ZUQoj2eqHWldptToHyxUYcVLdZkOxz','2020-05-13 03:25:01.811071','read write',5,12,'2020-05-12 17:25:01.811264','2020-05-12 17:25:01.811275',NULL),(188,'2MMbcKPjUT7XMsFG4Rx6387uonM3Nl','2020-05-13 03:25:01.958204','read write',5,12,'2020-05-12 17:25:01.958441','2020-05-12 17:25:01.958452',NULL),(189,'zu3ZNcTxBx9xJtSZDq5odQ4JGJfrQj','2020-05-13 03:25:02.090753','read write',5,12,'2020-05-12 17:25:02.090947','2020-05-12 17:25:02.090958',NULL),(190,'AXlyNoyNXWLyfFWQsDTEQVPk68B1tQ','2020-05-13 03:25:02.232934','read write',5,12,'2020-05-12 17:25:02.233119','2020-05-12 17:25:02.233130',NULL),(191,'UjachnKfjd0LtBgXUQ7yIdPd4EHxwy','2020-05-13 03:25:02.374498','read write',5,12,'2020-05-12 17:25:02.374688','2020-05-12 17:25:02.374699',NULL),(192,'o7LKbAvwghsjMoWuTiX4OfOt1aQYGf','2020-05-13 03:25:02.509340','read write',5,12,'2020-05-12 17:25:02.509570','2020-05-12 17:25:02.509581',NULL),(193,'QfogxCxv7DW94kwQ61Rvi7ECySelJp','2020-05-13 03:25:02.643007','read write',5,12,'2020-05-12 17:25:02.643195','2020-05-12 17:25:02.643207',NULL),(194,'inLLNXpxtDHiVa0QKf1MJJ1TA2eQBi','2020-05-13 03:25:02.783746','read write',5,12,'2020-05-12 17:25:02.783939','2020-05-12 17:25:02.783950',NULL),(195,'BRZtKyN9UOO8fknmjlBe3rOKaOkg7h','2020-05-13 03:25:02.927267','read write',5,12,'2020-05-12 17:25:02.927457','2020-05-12 17:25:02.927468',NULL),(196,'On4pc4UsMv1PFKEcsWvgaY3VCwgmrf','2020-05-13 03:25:03.058707','read write',5,12,'2020-05-12 17:25:03.058897','2020-05-12 17:25:03.058908',NULL),(197,'3cR9Uy8V8LOUU1a3LwwnNfl3xTRo5V','2020-05-13 03:25:03.192429','read write',5,12,'2020-05-12 17:25:03.192625','2020-05-12 17:25:03.192636',NULL),(198,'PXu4dZMJeu0wygLz2Rw7TqGrPGXf0l','2020-05-13 03:25:03.335147','read write',5,12,'2020-05-12 17:25:03.335337','2020-05-12 17:25:03.335348',NULL),(199,'SHfNtD4YrVy6kFCSKo2Q0YCliDUTAP','2020-05-13 03:25:03.475792','read write',5,12,'2020-05-12 17:25:03.475976','2020-05-12 17:25:03.475987',NULL),(200,'MgY2msUGatxT5e5vvXMUIbZvKGTEia','2020-05-13 03:25:03.628994','read write',5,12,'2020-05-12 17:25:03.629200','2020-05-12 17:25:03.629211',NULL),(201,'dBha7ZGhOQhCoZYWnUrBFvvjmKJOlP','2020-05-13 03:25:03.767419','read write',5,12,'2020-05-12 17:25:03.767611','2020-05-12 17:25:03.767622',NULL),(202,'RKIyVl5p0jkeCMWeR8ehM0BREgv0vB','2020-05-13 03:25:03.933798','read write',5,12,'2020-05-12 17:25:03.933989','2020-05-12 17:25:03.934000',NULL),(203,'0v83ict2vMKZH7s20fzqEwkqaOljV4','2020-05-13 03:25:04.068932','read write',5,12,'2020-05-12 17:25:04.069121','2020-05-12 17:25:04.069132',NULL),(204,'PMK8rJEFNcifENjVS7mMkGyiDOuBHJ','2020-05-13 03:25:04.210813','read write',5,12,'2020-05-12 17:25:04.211003','2020-05-12 17:25:04.211014',NULL),(205,'gcBSSfquzQHRUyHuERSFpykcQ9z8LO','2020-05-13 03:25:04.344268','read write',5,12,'2020-05-12 17:25:04.344459','2020-05-12 17:25:04.344470',NULL),(206,'weXCjKfB7AC4RtFBKgChTwC2zuXVtD','2020-05-13 03:25:04.485078','read write',5,12,'2020-05-12 17:25:04.485266','2020-05-12 17:25:04.485277',NULL),(207,'63vrPcHrRckEmGhtpuUx14ZZb8apAB','2020-05-13 03:25:04.628929','read write',5,12,'2020-05-12 17:25:04.629141','2020-05-12 17:25:04.629152',NULL),(208,'mlfgJGZVqhF8s1d5VPa4cfpIVdhh8o','2020-05-13 03:25:04.761938','read write',5,12,'2020-05-12 17:25:04.762128','2020-05-12 17:25:04.762139',NULL),(209,'YE7UbXjLLfHsWcPGrjQotnJFsoYxTI','2020-05-13 03:25:04.893944','read write',5,12,'2020-05-12 17:25:04.894133','2020-05-12 17:25:04.894144',NULL),(210,'JSoj2S8IjQ77twhPvjiKWs7DwtjFU2','2020-05-13 03:25:05.036584','read write',5,12,'2020-05-12 17:25:05.036774','2020-05-12 17:25:05.036785',NULL),(211,'jJKsm5Ms5CFs5SIcsghgdPB63MQ2dT','2020-05-13 03:25:05.255308','read write',5,12,'2020-05-12 17:25:05.255501','2020-05-12 17:25:05.255512',NULL),(212,'yIxoAncgP0i37QA91hGwd6acx7yOi0','2020-05-13 03:25:05.345285','read write',5,12,'2020-05-12 17:25:05.345460','2020-05-12 17:25:05.345471',NULL),(213,'bpBy69LVOI7RFUDwUKcavpmsOtn5KL','2020-05-13 03:25:05.477728','read write',5,12,'2020-05-12 17:25:05.477911','2020-05-12 17:25:05.477922',NULL),(214,'cX9nj9quCUSXcH2OoOoMvmZqrrPATh','2020-05-13 03:25:05.629358','read write',5,12,'2020-05-12 17:25:05.629575','2020-05-12 17:25:05.629587',NULL),(215,'r4Ma9mY6Pfnersvc8NDBna84Nz6GtD','2020-05-13 03:25:05.787610','read write',5,12,'2020-05-12 17:25:05.787803','2020-05-12 17:25:05.787813',NULL),(216,'oTIhHYauJDh0I44WPG3bwAMKvSupjC','2020-05-13 03:25:05.937723','read write',5,12,'2020-05-12 17:25:05.937915','2020-05-12 17:25:05.937926',NULL),(217,'wbqZRRT1uCpMNGFy5Uy667jZwb3hNA','2020-05-13 03:25:06.077647','read write',5,12,'2020-05-12 17:25:06.077835','2020-05-12 17:25:06.077846',NULL),(218,'aj4jLZMD8vk8l3TSsTNggvCnP5tMox','2020-05-13 03:25:06.253993','read write',5,12,'2020-05-12 17:25:06.254178','2020-05-12 17:25:06.254189',NULL),(219,'ZXxbnk9MQxOZpUmCaAA4hdYDy6L7TE','2020-05-13 03:25:06.419579','read write',5,12,'2020-05-12 17:25:06.419772','2020-05-12 17:25:06.419783',NULL),(220,'JRAjCRTFq4blYndS0zgDcLyjhplAQO','2020-05-13 03:25:06.569689','read write',5,12,'2020-05-12 17:25:06.569878','2020-05-12 17:25:06.569888',NULL),(221,'XWkA3M2KS55ssleywgwgHnTR7NTtMR','2020-05-13 03:25:06.749834','read write',5,12,'2020-05-12 17:25:06.750028','2020-05-12 17:25:06.750039',NULL),(222,'hhRacmFX2SEjKS1uZ8bDTX8UFREISs','2020-05-13 03:25:06.887595','read write',5,12,'2020-05-12 17:25:06.887783','2020-05-12 17:25:06.887794',NULL),(223,'oXkcu7wnCd8XNwfAidYBlXPFcw1M78','2020-05-13 03:25:07.046409','read write',5,12,'2020-05-12 17:25:07.046605','2020-05-12 17:25:07.046616',NULL),(224,'q0Fq4azhQTXYd86qH1xCWXM7rn72WG','2020-05-13 03:25:07.195594','read write',5,12,'2020-05-12 17:25:07.195783','2020-05-12 17:25:07.195794',NULL),(225,'2q7mgGvMecYuslDh89QHy4dlq1OZDB','2020-05-13 03:25:07.331053','read write',5,12,'2020-05-12 17:25:07.331245','2020-05-12 17:25:07.331257',NULL),(226,'zFjHjUgDSHQkHFYEKertfKIfOe9Nle','2020-05-13 03:25:07.463165','read write',5,12,'2020-05-12 17:25:07.463366','2020-05-12 17:25:07.463377',NULL),(227,'oDWLNTEWfiuLuLdBgBgL1kIaDOiUPn','2020-05-13 03:25:07.629734','read write',5,12,'2020-05-12 17:25:07.629933','2020-05-12 17:25:07.629944',NULL),(228,'WTsUlI9ZaxA1NenQ0wJQ222zIhXHFd','2020-05-13 03:25:07.765074','read write',5,12,'2020-05-12 17:25:07.765274','2020-05-12 17:25:07.765285',NULL),(229,'SX8EfGtJSqe59aJ9Uktv5Cyzer2HYJ','2020-05-13 03:26:25.121860','read write',5,12,'2020-05-12 17:26:25.122128','2020-05-12 17:26:25.122139',NULL),(230,'vg4zqpEXMsDv0NieUpVpEVw2Z6zveZ','2020-05-13 03:26:25.228559','read write',5,12,'2020-05-12 17:26:25.228727','2020-05-12 17:26:25.228738',NULL),(231,'1sR1BhG3y2uloP6hGlPpDWhBGhoCml','2020-05-13 03:26:25.329232','read write',5,12,'2020-05-12 17:26:25.329403','2020-05-12 17:26:25.329414',NULL),(232,'Ndzwxtm9Uv8zUTOwaa1xNEv8MYXNqT','2020-05-13 03:26:27.376157','read write',5,12,'2020-05-12 17:26:27.376356','2020-05-12 17:26:27.376367',NULL),(233,'RK8L3heuqtZOZ8HeDrOhsKLdumAQ0S','2020-05-13 03:26:40.244527','read write',5,12,'2020-05-12 17:26:40.244724','2020-05-12 17:26:40.244735',NULL),(234,'1bobJ0Wc9T2vWdW8pGpqeHTM0EUJSX','2020-05-13 03:26:40.351774','read write',5,12,'2020-05-12 17:26:40.351951','2020-05-12 17:26:40.351961',NULL),(235,'sl5vuAfR1AYafiLlatnjgkhXti7w8r','2020-05-13 03:26:40.443414','read write',5,12,'2020-05-12 17:26:40.443582','2020-05-12 17:26:40.443593',NULL),(236,'4ai4UEAsDs59SmW8ICjxT0Qhx0SCMm','2020-05-13 03:26:42.515042','read write',5,12,'2020-05-12 17:26:42.515242','2020-05-12 17:26:42.515253',NULL),(237,'uU3jhDeGH8RDubDzXSPMSAcJ7peT4K','2020-05-13 03:26:47.615695','read write',5,12,'2020-05-12 17:26:47.615891','2020-05-12 17:26:47.615902',NULL),(238,'ZtrpGcFiqMii3As6bIP80tlP85qxvN','2020-05-13 03:26:47.698056','read write',5,12,'2020-05-12 17:26:47.698270','2020-05-12 17:26:47.698281',NULL),(239,'ydbXUD2rF4FoY0lDa3BcE9SUt1BndT','2020-05-13 03:26:47.798618','read write',5,12,'2020-05-12 17:26:47.798789','2020-05-12 17:26:47.798800',NULL),(240,'BvPwfDdmpFKamMbRW3AyF0RnliCyVn','2020-05-13 03:26:49.858114','read write',5,12,'2020-05-12 17:26:49.858310','2020-05-12 17:26:49.858321',NULL),(241,'02spaxqdws3ouzIZBe8jF6WOupkQ8a','2020-05-13 03:26:51.900975','read write',5,12,'2020-05-12 17:26:51.901179','2020-05-12 17:26:51.901190',NULL),(242,'z8L8bZ4G5EhaiKgdq16575HvOsIlZD','2020-05-13 03:26:53.945654','read write',5,12,'2020-05-12 17:26:53.945851','2020-05-12 17:26:53.945862',NULL),(243,'E3dOW70BHjfOEMnHMk0VkFom3l2jPW','2020-05-13 03:26:57.962257','read write',5,12,'2020-05-12 17:26:57.962460','2020-05-12 17:26:57.962471',NULL),(244,'47mCkT30sP50bPxezF1yOCo3kN2GPf','2020-05-13 03:27:03.931283','read write',5,12,'2020-05-12 17:27:03.931482','2020-05-12 17:27:03.931494',NULL),(245,'fVgtAslBrAys3DmJLBAfl7Eo2lRT5F','2020-05-13 03:27:06.179321','read write',5,12,'2020-05-12 17:27:06.179520','2020-05-12 17:27:06.179532',NULL),(246,'gUxOiNQBnUgR7ccoDKH6M1CZWa6QDl','2020-05-13 03:27:06.275015','read write',5,12,'2020-05-12 17:27:06.275200','2020-05-12 17:27:06.275212',NULL),(247,'5kBZYJsHTHniuM4wcrKunI9k2tMhkz','2020-05-13 03:27:06.805454','read write',5,12,'2020-05-12 17:27:06.805645','2020-05-12 17:27:06.805656',NULL),(248,'8RiAeidJgbJudLPRFEsZvn8pi6pAWP','2020-05-13 03:27:07.352650','read write',5,12,'2020-05-12 17:27:07.352844','2020-05-12 17:27:07.352856',NULL),(249,'IxQH7RnPIYnlAIE0wKc538jSGUeTOx','2020-05-13 03:27:08.304738','read write',5,12,'2020-05-12 17:27:08.304962','2020-05-12 17:27:08.304974',NULL),(250,'DJ4uLmc3StHsyBReCHoOrDISrvOVJR','2020-05-13 03:27:08.626750','read write',5,12,'2020-05-12 17:27:08.626940','2020-05-12 17:27:08.626951',NULL),(251,'KeA5JVQSPf766RSEjomYLyWHI2fJQQ','2020-05-13 03:27:08.974696','read write',5,12,'2020-05-12 17:27:08.974884','2020-05-12 17:27:08.974896',NULL),(252,'zI7MCbogHyY4zpuJSZinNx8NOdc1pF','2020-05-13 03:27:09.520138','read write',5,12,'2020-05-12 17:27:09.520342','2020-05-12 17:27:09.520357',NULL),(253,'hHoJtgZls6tEJHcTxXwOMZ93Z9k7ga','2020-05-13 03:27:09.977133','read write',5,12,'2020-05-12 17:27:09.977321','2020-05-12 17:27:09.977332',NULL),(254,'ilIQ4oeOomFwTw3on6Sbm5rWhlLPU0','2020-05-13 03:27:10.329489','read write',5,12,'2020-05-12 17:27:10.329677','2020-05-12 17:27:10.329689',NULL),(255,'yHvvOvILsGn9aTxZvXqqpAPy3WqOk7','2020-05-13 03:27:10.703796','read write',5,12,'2020-05-12 17:27:10.704040','2020-05-12 17:27:10.704052',NULL),(256,'jmdF4RbmPW8GRAHoi9cAdV4pOPjQdS','2020-05-13 03:27:11.368359','read write',5,12,'2020-05-12 17:27:11.368579','2020-05-12 17:27:11.368590',NULL),(257,'m4jwUcPQb0qmH7Bd5roRrNKwDT7JXd','2020-05-13 03:27:11.477513','read write',5,12,'2020-05-12 17:27:11.477693','2020-05-12 17:27:11.477705',NULL),(258,'HeL1e8YqoZf1WZzJVP0R4fH1TDfhY2','2020-05-13 03:27:13.750771','read write',5,12,'2020-05-12 17:27:13.750965','2020-05-12 17:27:13.750976',NULL),(259,'1hYfI5FI22j2QMDF0FDcgTOizFrCXN','2020-05-13 03:27:16.254508','read write',5,12,'2020-05-12 17:27:16.254701','2020-05-12 17:27:16.254712',NULL),(260,'CXbHkXHBJ52ZgzCWhFew5FS45nGjpf','2020-05-13 03:27:17.051747','read write',5,12,'2020-05-12 17:27:17.051948','2020-05-12 17:27:17.051959',NULL),(261,'o7OmJsT9QW7ub4UZuSfqESXTcFRtkG','2020-05-13 03:27:18.232361','read write',5,12,'2020-05-12 17:27:18.232564','2020-05-12 17:27:18.232576',NULL),(262,'uR313qDA1s3M5fDcFeWorVnUaK5nLF','2020-05-13 03:27:18.333436','read write',5,12,'2020-05-12 17:27:18.333618','2020-05-12 17:27:18.333629',NULL),(263,'G7Zey2GQatOjArU3vwJGKyJJbUL3to','2020-05-13 03:27:18.456590','read write',5,12,'2020-05-12 17:27:18.456769','2020-05-12 17:27:18.456780',NULL),(264,'rVB9akpdfhZbPlv1AD9cwDfOJHnKO1','2020-05-13 03:27:18.557249','read write',5,12,'2020-05-12 17:27:18.557428','2020-05-12 17:27:18.557439',NULL),(265,'sLlL1OOWpG4bXehaTcc1w8CjN7Z26V','2020-05-13 03:27:18.658677','read write',5,12,'2020-05-12 17:27:18.658855','2020-05-12 17:27:18.658867',NULL),(266,'Er9vOX5rOhHsgmOAxWgDAkAGNklFbk','2020-05-13 03:27:18.758619','read write',5,12,'2020-05-12 17:27:18.758805','2020-05-12 17:27:18.758816',NULL),(267,'0N86ykSrreRxOnhdzQlLt69u0i0czw','2020-05-13 03:27:18.908148','read write',5,12,'2020-05-12 17:27:18.908332','2020-05-12 17:27:18.908343',NULL),(268,'cPgpzqmXCOdaZ0a8wpA8NO6LuS9Meb','2020-05-13 03:27:20.990992','read write',5,12,'2020-05-12 17:27:20.991189','2020-05-12 17:27:20.991200',NULL),(269,'POsZi2wfduwbTkoAsFLIcIfbsJrCRC','2020-05-13 03:27:21.092576','read write',5,12,'2020-05-12 17:27:21.092758','2020-05-12 17:27:21.092769',NULL),(270,'9zuBVPOY22jDACyoG39LheJZLKbdWW','2020-05-13 03:27:21.193458','read write',5,12,'2020-05-12 17:27:21.193641','2020-05-12 17:27:21.193653',NULL),(271,'qFxM6sgrmcSddf6fx2LEUMA8i5FZde','2020-05-13 03:27:21.293237','read write',5,12,'2020-05-12 17:27:21.293422','2020-05-12 17:27:21.293433',NULL),(272,'JLuNkpLFnB1K2b7hsYMk0J8Hem6Cms','2020-05-13 03:27:21.393556','read write',5,12,'2020-05-12 17:27:21.393740','2020-05-12 17:27:21.393751',NULL),(273,'VfdSifbd3ckjE7AjVE5Gjk8LnSHPp3','2020-05-13 03:27:21.494124','read write',5,12,'2020-05-12 17:27:21.494306','2020-05-12 17:27:21.494317',NULL),(274,'tO3Q5m3H0JX1QSykfLeOyowPpSFjlH','2020-05-13 03:27:21.602329','read write',5,12,'2020-05-12 17:27:21.602513','2020-05-12 17:27:21.602524',NULL),(275,'kkBLzhtZIOL3BLcuP7FiCpMRZaKGJm','2020-05-13 03:27:21.702056','read write',5,12,'2020-05-12 17:27:21.702241','2020-05-12 17:27:21.702252',NULL),(276,'sf1VcmFk8Pn4bcDCTU0JolUmPLwiug','2020-05-13 03:27:22.027324','read write',5,12,'2020-05-12 17:27:22.027528','2020-05-12 17:27:22.027539',NULL),(277,'G3BmY4l20Mbgb5hER2Zaxgpaa0FcLM','2020-05-13 03:27:22.558528','read write',5,12,'2020-05-12 17:27:22.558720','2020-05-12 17:27:22.558732',NULL),(278,'xTtcie0gFfdwN8ni2RO9shTq1L1yHF','2020-05-13 03:27:23.109993','read write',5,12,'2020-05-12 17:27:23.110204','2020-05-12 17:27:23.110215',NULL),(279,'CvvxGts4iY27p0MFOBzIjlenbO7bKk','2020-05-13 03:27:23.642884','read write',5,12,'2020-05-12 17:27:23.643099','2020-05-12 17:27:23.643110',NULL),(280,'fXKbjZtuq9i2NcHq7bS0KfggV4vYlG','2020-05-13 03:27:25.733715','read write',5,12,'2020-05-12 17:27:25.733911','2020-05-12 17:27:25.733922',NULL),(281,'1SUO83UwGB9y95DeL7zH8IwJB48sQe','2020-05-13 03:27:29.065608','read write',5,12,'2020-05-12 17:27:29.065798','2020-05-12 17:27:29.065809',NULL),(282,'RHScR7N4pl9Rypqg84CAB9MmKfcxgB','2020-05-13 03:27:30.928497','read write',5,12,'2020-05-12 17:27:30.928688','2020-05-12 17:27:30.928699',NULL),(283,'YJpsZhvN7KwhLSF1LLflSGTpiNqfeJ','2020-05-13 03:27:31.023494','read write',5,12,'2020-05-12 17:27:31.023667','2020-05-12 17:27:31.023678',NULL),(284,'IH8bqE2VMsexwYmVk7pMafHkjMdvIK','2020-05-13 03:27:31.115067','read write',5,12,'2020-05-12 17:27:31.115245','2020-05-12 17:27:31.115256',NULL),(285,'Meilh8k5AV5nzjMl14aemb3ljm63os','2020-05-13 03:27:31.215089','read write',5,12,'2020-05-12 17:27:31.215281','2020-05-12 17:27:31.215292',NULL),(286,'GIVIn5BZtN0JcjLWmIsH0iZJsUw7dy','2020-05-13 03:27:35.279574','read write',5,12,'2020-05-12 17:27:35.279769','2020-05-12 17:27:35.279780',NULL),(287,'OajQFra0Y3KLCiuAN7SMcM3Bn5SK5Y','2020-05-13 03:27:39.271909','read write',5,12,'2020-05-12 17:27:39.272112','2020-05-12 17:27:39.272124',NULL),(288,'e9lYjIi8qWpNK8yTIN72eMHgljfWd3','2020-05-13 03:27:43.281614','read write',5,12,'2020-05-12 17:27:43.281808','2020-05-12 17:27:43.281819',NULL),(289,'77PJTlYqgqVY4ppN1wnCG997EvYjkc','2020-05-13 03:27:47.291884','read write',5,12,'2020-05-12 17:27:47.292113','2020-05-12 17:27:47.292124',NULL),(290,'yZuwT5wupfYYOqq2okBqDeYC3xIJXz','2020-05-13 03:27:55.007030','read write',5,12,'2020-05-12 17:27:55.007231','2020-05-12 17:27:55.007242',NULL),(291,'gt5qRNwGQCTqtDog4nH2kpHDyGCyaU','2020-05-13 03:28:02.661917','read write',5,12,'2020-05-12 17:28:02.662115','2020-05-12 17:28:02.662127',NULL),(292,'6ZWjWHICGcMF2EmLmT5QbpDM29Xp7L','2020-05-13 03:28:10.325821','read write',5,12,'2020-05-12 17:28:10.326025','2020-05-12 17:28:10.326037',NULL),(293,'eEbSlLS5cGKgc7qUDV9gmxk68XxaIj','2020-05-13 03:28:18.001770','read write',5,12,'2020-05-12 17:28:18.001972','2020-05-12 17:28:18.001983',NULL),(294,'NYIi7jfCmGjzzX1joweYV6zt8suAxP','2020-05-13 03:28:22.000407','read write',5,12,'2020-05-12 17:28:22.000607','2020-05-12 17:28:22.000618',NULL),(295,'fmp8WZDhqrPQNdXEiMUr4S16szgDr7','2020-05-13 03:28:33.342013','read write',5,12,'2020-05-12 17:28:33.342217','2020-05-12 17:28:33.342229',NULL),(296,'1BvdZn0bQqOdj1v45EOEI6U4mukLDU','2020-05-13 03:28:37.354821','read write',5,12,'2020-05-12 17:28:37.355013','2020-05-12 17:28:37.355024',NULL),(297,'JKmeb1cpmZX8DSMXTCsSSxrpTgNwcK','2020-05-13 03:28:41.352233','read write',5,12,'2020-05-12 17:28:41.352457','2020-05-12 17:28:41.352469',NULL),(298,'nG4QliMUU7d9CkvgSF5WI6AukKaPuO','2020-05-13 03:28:45.353830','read write',5,12,'2020-05-12 17:28:45.354024','2020-05-12 17:28:45.354035',NULL),(299,'8XcKDnnruRVv1Y3W46ezgTBrRPdDrg','2020-05-13 03:28:49.364866','read write',5,12,'2020-05-12 17:28:49.365064','2020-05-12 17:28:49.365075',NULL),(300,'LhxCyvmUnya8iTf8v1raflRC1ysdQm','2020-05-13 03:29:29.659149','read write',5,12,'2020-05-12 17:29:29.659345','2020-05-12 17:29:29.659361',NULL),(301,'NsnnXe8Gplcdm7iYlVGGrYu0kDomoI','2020-05-13 03:29:29.761971','read write',5,12,'2020-05-12 17:29:29.762149','2020-05-12 17:29:29.762160',NULL),(302,'pJrKikiO5S5EvrU5Kkg2Sb2UwvqAYB','2020-05-13 03:29:29.855236','read write',5,12,'2020-05-12 17:29:29.855436','2020-05-12 17:29:29.855447',NULL),(303,'YZ2wNLPsCyHAieGdCN0QhXkbh7RnYj','2020-05-13 03:29:31.933372','read write',5,12,'2020-05-12 17:29:31.933567','2020-05-12 17:29:31.933578',NULL),(304,'OidQkmPxU6hq4YdxHgM7fJ62sf5BPk','2020-05-13 03:29:34.066628','read write',5,12,'2020-05-12 17:29:34.066824','2020-05-12 17:29:34.066836',NULL),(305,'lhEpbbFxxTwYegRO2U0rt8gK3u7uUW','2020-05-13 03:29:36.126311','read write',5,12,'2020-05-12 17:29:36.126522','2020-05-12 17:29:36.126533',NULL),(306,'H9IkhWsTPUwTabooHmDoPkLUKyrK0u','2020-05-13 03:29:40.122596','read write',5,12,'2020-05-12 17:29:40.122871','2020-05-12 17:29:40.122882',NULL),(307,'rukvFDy0DN0rCEYPO9iPAT8NgGzNrF','2020-05-13 03:29:46.058138','read write',5,12,'2020-05-12 17:29:46.058334','2020-05-12 17:29:46.058345',NULL),(308,'JLAAWC05EGZn62ocBsbegEJgPGhsPe','2020-05-13 03:29:48.345170','read write',5,12,'2020-05-12 17:29:48.345366','2020-05-12 17:29:48.345377',NULL),(309,'sQpSCmzfjQVSViSNIeeWLVswJpSRbY','2020-05-13 03:29:48.438230','read write',5,12,'2020-05-12 17:29:48.438425','2020-05-12 17:29:48.438436',NULL),(310,'gppqK3gjk8PWoYPjD8ybzCyJlNGtSL','2020-05-13 03:29:48.998304','read write',5,12,'2020-05-12 17:29:48.998507','2020-05-12 17:29:48.998518',NULL),(311,'hIFcTiFqwQJnQ4gaO2I3S8Euerbq4y','2020-05-13 03:29:49.528811','read write',5,12,'2020-05-12 17:29:49.529002','2020-05-12 17:29:49.529013',NULL),(312,'ZXdZzeNqg6k7rC39gpVZZG1FrpItyY','2020-05-13 03:29:50.497487','read write',5,12,'2020-05-12 17:29:50.497676','2020-05-12 17:29:50.497687',NULL),(313,'Gr3Y6ixEvrqrQGHKk9YV9coU6HHTMu','2020-05-13 03:29:50.821210','read write',5,12,'2020-05-12 17:29:50.821400','2020-05-12 17:29:50.821411',NULL),(314,'APGtWBMsT4tVZWCsDCB3nX2TmGAV7P','2020-05-13 03:29:51.146439','read write',5,12,'2020-05-12 17:29:51.146628','2020-05-12 17:29:51.146640',NULL),(315,'G2jqMnEA15FCFLdksGReC2VhFvrZJ8','2020-05-13 03:29:51.698062','read write',5,12,'2020-05-12 17:29:51.698291','2020-05-12 17:29:51.698302',NULL),(316,'QQzH6uFzTSgZlXSsPBO3tNBWhBX6nH','2020-05-13 03:29:52.133065','read write',5,12,'2020-05-12 17:29:52.133255','2020-05-12 17:29:52.133266',NULL),(317,'txwWzjuLyh4dSiUyjz1MiHdSowkFCG','2020-05-13 03:29:52.455478','read write',5,12,'2020-05-12 17:29:52.455676','2020-05-12 17:29:52.455688',NULL),(318,'3eH0s1sy2j3cRCKsLcrLQCBiB8mJxq','2020-05-13 03:29:52.795100','read write',5,12,'2020-05-12 17:29:52.795293','2020-05-12 17:29:52.795304',NULL),(319,'bLVpTFDb2Q9B51L3NuMzR00uCFyMq4','2020-05-13 03:29:53.403678','read write',5,12,'2020-05-12 17:29:53.403870','2020-05-12 17:29:53.403881',NULL),(320,'BWLWRjB8UorDVhIEMEQOQMf4Opnmy8','2020-05-13 03:29:53.506389','read write',5,12,'2020-05-12 17:29:53.506578','2020-05-12 17:29:53.506589',NULL),(321,'FUwTvxn8QUEeJc5oWngSlGDyk3g6Ps','2020-05-13 03:29:55.854716','read write',5,12,'2020-05-12 17:29:55.854907','2020-05-12 17:29:55.854918',NULL),(322,'Nxok6sq45XZgzhtxUr1InawdZAsLOF','2020-05-13 03:29:58.492197','read write',5,12,'2020-05-12 17:29:58.492390','2020-05-12 17:29:58.492402',NULL),(323,'5Bu4WCnRSq3mG1oFW2ms7OKCCBoIIp','2020-05-13 03:29:59.289220','read write',5,12,'2020-05-12 17:29:59.289419','2020-05-12 17:29:59.289431',NULL),(324,'5JRiZlZMSCpdKGVi9E08JqvCDGyktL','2020-05-13 03:30:00.494737','read write',5,12,'2020-05-12 17:30:00.494945','2020-05-12 17:30:00.494957',NULL),(325,'op0JybEI09ktpTStnUKeBGUF3ZNdN0','2020-05-13 03:30:00.601192','read write',5,12,'2020-05-12 17:30:00.601376','2020-05-12 17:30:00.601387',NULL),(326,'VFIaxMdKKvdqyKvrHR5n4V2OTJV6Cx','2020-05-13 03:30:00.701515','read write',5,12,'2020-05-12 17:30:00.701704','2020-05-12 17:30:00.701715',NULL),(327,'iXagfF655eV5l5FBsPDdmbvNI6gRQB','2020-05-13 03:30:00.801920','read write',5,12,'2020-05-12 17:30:00.802107','2020-05-12 17:30:00.802118',NULL),(328,'xvdd2ylvrxM36v6nves2W5sNyAqCXT','2020-05-13 03:30:00.910468','read write',5,12,'2020-05-12 17:30:00.910660','2020-05-12 17:30:00.910672',NULL),(329,'Mq1kYwhijspPIX06OexBeHnZJGvqpA','2020-05-13 03:30:01.010051','read write',5,12,'2020-05-12 17:30:01.010234','2020-05-12 17:30:01.010246',NULL),(330,'V642aGGuwOpqmSlziVvFyw7SY4Z7Mq','2020-05-13 03:30:01.110341','read write',5,12,'2020-05-12 17:30:01.110527','2020-05-12 17:30:01.110539',NULL),(331,'mbUTsWQujZtAtIkUPmF5j3ndHPWd8B','2020-05-13 03:30:03.179620','read write',5,12,'2020-05-12 17:30:03.179820','2020-05-12 17:30:03.179832',NULL),(332,'NCMRZE2J1mQdGK2wSKTNuQd34LJxml','2020-05-13 03:30:03.278365','read write',5,12,'2020-05-12 17:30:03.278554','2020-05-12 17:30:03.278565',NULL),(333,'A9O8wclqsVetgx1yr6OkbRPh6F4hoU','2020-05-13 03:30:03.378752','read write',5,12,'2020-05-12 17:30:03.378933','2020-05-12 17:30:03.378944',NULL),(334,'cMAsghNoEK0VycF3SVybEP4mZfOzt8','2020-05-13 03:30:03.478206','read write',5,12,'2020-05-12 17:30:03.478391','2020-05-12 17:30:03.478402',NULL),(335,'Uk33Xd2527KqW7N20Dg8KBbKhvc8aG','2020-05-13 03:30:03.578791','read write',5,12,'2020-05-12 17:30:03.578976','2020-05-12 17:30:03.578987',NULL),(336,'8KCk5IgJaAyGvyS4eRnDpJXlXTfFu6','2020-05-13 03:30:03.729092','read write',5,12,'2020-05-12 17:30:03.729283','2020-05-12 17:30:03.729294',NULL),(337,'bCyIo52vsLo7y9BVW4bhaxIq2EaI4f','2020-05-13 03:30:03.828883','read write',5,12,'2020-05-12 17:30:03.829062','2020-05-12 17:30:03.829073',NULL),(338,'oO1yAmQI7R3oxCrWOAcdRR3rmUp7vN','2020-05-13 03:30:03.945888','read write',5,12,'2020-05-12 17:30:03.946068','2020-05-12 17:30:03.946079',NULL),(339,'BIOKN4fhCfYI1JSh2Y8sCLDeGnsSas','2020-05-13 03:30:04.273492','read write',5,12,'2020-05-12 17:30:04.273692','2020-05-12 17:30:04.273704',NULL),(340,'Hf3dc4BQTxhS5IO6gRdVTupiNFxW5a','2020-05-13 03:30:04.824399','read write',5,12,'2020-05-12 17:30:04.824621','2020-05-12 17:30:04.824633',NULL),(341,'YXW0W7MQNp6Yj73JgbJAdcbia4TRzk','2020-05-13 03:30:05.375625','read write',5,12,'2020-05-12 17:30:05.375829','2020-05-12 17:30:05.375841',NULL),(342,'386BHYBW7ghpJVK4zIlXSI6V9ANq8y','2020-05-13 03:30:05.931285','read write',5,12,'2020-05-12 17:30:05.931497','2020-05-12 17:30:05.931508',NULL),(343,'KOa0JFUHXDVxrNC4rJ9beap2ar6Ep0','2020-05-13 03:30:08.039965','read write',5,12,'2020-05-12 17:30:08.040167','2020-05-12 17:30:08.040179',NULL),(344,'xoyLjqHqcI9gNgnTw48s99LUwDzTNZ','2020-05-13 03:30:11.396152','read write',5,12,'2020-05-12 17:30:11.396349','2020-05-12 17:30:11.396364',NULL),(345,'l6VGy5YXJ5gKg7Z7KpfuC5Pu8VwZd9','2020-05-13 03:30:13.279670','read write',5,12,'2020-05-12 17:30:13.279874','2020-05-12 17:30:13.279886',NULL),(346,'Kt55zcLAorKbXm9YrgtWAT96e0ABZJ','2020-05-13 03:30:13.369397','read write',5,12,'2020-05-12 17:30:13.369577','2020-05-12 17:30:13.369589',NULL),(347,'3NreI99Mn3GoPhl6CUJDppbMk86drx','2020-05-13 03:30:13.481498','read write',5,12,'2020-05-12 17:30:13.481677','2020-05-12 17:30:13.481688',NULL),(348,'ZXSMHywreKHrDZDXb9MvMavU9aj9Ee','2020-05-13 03:30:13.584858','read write',5,12,'2020-05-12 17:30:13.585033','2020-05-12 17:30:13.585044',NULL),(349,'QiEEP2PVzjbJ7UmhBKDW3LgLNky7wd','2020-05-13 03:30:17.706292','read write',5,12,'2020-05-12 17:30:17.706494','2020-05-12 17:30:17.706504',NULL),(350,'2DvbS8zltf3Xihsipyd2MHZtvypHlC','2020-05-13 03:30:21.694872','read write',5,12,'2020-05-12 17:30:21.695071','2020-05-12 17:30:21.695082',NULL),(351,'xXawWHwdsWp2EWWuAbGsHEpVCaS9Bj','2020-05-13 03:30:25.703431','read write',5,12,'2020-05-12 17:30:25.703652','2020-05-12 17:30:25.703664',NULL),(352,'y4E7zfy91LmCHaydpMGqcYhwgf7R6D','2020-05-13 03:30:29.712177','read write',5,12,'2020-05-12 17:30:29.712377','2020-05-12 17:30:29.712388',NULL),(353,'1y2y8yBJDnAPPdjTxQVHSxlFM5lp8s','2020-05-13 03:30:37.485243','read write',5,12,'2020-05-12 17:30:37.485445','2020-05-12 17:30:37.485456',NULL),(354,'souFSGfP2UBjeqzkzVm1zNanu18z0o','2020-05-13 03:30:45.238391','read write',5,12,'2020-05-12 17:30:45.238591','2020-05-12 17:30:45.238602',NULL),(355,'6rv0GiBxCYAxDPLJiEGjHvMohOecqr','2020-05-13 03:30:52.991165','read write',5,12,'2020-05-12 17:30:52.991364','2020-05-12 17:30:52.991376',NULL),(356,'nxIIIyjjswYTLykSed5tnXVEZCUvTp','2020-05-13 03:31:00.755983','read write',5,12,'2020-05-12 17:31:00.756180','2020-05-12 17:31:00.756191',NULL),(357,'89Dcm5LawrMAqMkqa97E1rdgl5fI6x','2020-05-13 03:31:04.777103','read write',5,12,'2020-05-12 17:31:04.777299','2020-05-12 17:31:04.777310',NULL),(358,'TaaRmPCz5t7RcxWGuwFE8Ew8L6p7g4','2020-05-13 03:31:16.167619','read write',5,12,'2020-05-12 17:31:16.167815','2020-05-12 17:31:16.167826',NULL),(359,'4h0hUFd3swug7BfF50WoG5Jn6nj6y5','2020-05-13 03:31:20.251701','read write',5,12,'2020-05-12 17:31:20.251896','2020-05-12 17:31:20.251908',NULL),(360,'bFwrWRQvQaqZwZCJsEvzFBzi2L7uSm','2020-05-13 03:31:24.293332','read write',5,12,'2020-05-12 17:31:24.293560','2020-05-12 17:31:24.293572',NULL),(361,'dRcyZoIxLVslW5xAG5OfZLp0tqpnhr','2020-05-13 03:31:28.369202','read write',5,12,'2020-05-12 17:31:28.369407','2020-05-12 17:31:28.369418',NULL),(362,'OZWdn75Ho16bMmgjkyJW0iugdbioVT','2020-05-13 03:31:32.479941','read write',5,12,'2020-05-12 17:31:32.480153','2020-05-12 17:31:32.480165',NULL),(363,'YlTiWJhdiUAukTQlOhkRmh3wpljJKa','2020-05-13 03:33:53.805763','read write',5,12,'2020-05-12 17:33:53.805967','2020-05-12 17:33:53.805978',NULL),(364,'DTiuvFynTq4OgL5fJgkLvfbm5zCsUt','2020-05-13 03:37:25.932244','read write',5,12,'2020-05-12 17:37:25.932464','2020-05-12 17:37:25.932475',NULL),(365,'ew0ssFG8KT7hmbTUFWeTtJzYfiGKXq','2020-05-13 03:43:39.880018','read write',5,12,'2020-05-12 17:43:39.880224','2020-05-12 17:43:39.880235',NULL),(366,'Rtuu2xo0pTfPjoMH2YpobxG74uEeB0','2020-05-13 03:45:24.740320','read write',5,12,'2020-05-12 17:45:24.740528','2020-05-12 17:45:24.740540',NULL),(367,'qnyBFBtdjiVoujhsc3R4u6xxhzJNNe','2020-05-13 03:48:46.167004','read write',5,12,'2020-05-12 17:48:46.167214','2020-05-12 17:48:46.167224',NULL),(368,'4pgjfAxP2XDqeJnrrjBWMAL1pRPP5b','2020-05-13 03:50:38.256240','read write',5,12,'2020-05-12 17:50:38.256449','2020-05-12 17:50:38.256459',NULL),(369,'G9IjgwjZQ0i38PapqvtLkD9FIixBx9','2020-05-13 04:17:54.074424','read write',5,12,'2020-05-12 18:17:54.074622','2020-05-12 18:17:54.074633',NULL),(370,'2fybDY2HBiWTf6hJbWIMqm0Wis4zUg','2020-05-13 04:19:08.447664','read write',5,12,'2020-05-12 18:19:08.447850','2020-05-12 18:19:08.447860',NULL),(371,'pjAKg0wYZHwRD8lpfdEMqIYuQLK883','2020-05-13 04:20:38.905322','read write',5,12,'2020-05-12 18:20:38.905521','2020-05-12 18:20:38.905533',NULL),(372,'NzCYgWbybEV8cjrZQZTsA4ChLxCQud','2020-05-13 04:22:34.237232','read write',5,12,'2020-05-12 18:22:34.237498','2020-05-12 18:22:34.237510',NULL),(373,'hQyguCdIgHb1PE9aAdLI45vmFbpYT8','2020-05-13 04:24:09.818057','read write',5,12,'2020-05-12 18:24:09.818245','2020-05-12 18:24:09.818256',NULL),(374,'FEAg0Fv9hk8Pivko2dP98d8mzGb12i','2020-05-13 04:24:43.054754','read write',5,12,'2020-05-12 18:24:43.054944','2020-05-12 18:24:43.054955',NULL),(375,'PIPhCNCklhDn6gCCqJBHkaCGeE6bZd','2020-05-13 04:25:12.739440','read write',5,12,'2020-05-12 18:25:12.739625','2020-05-12 18:25:12.739636',NULL),(376,'2pnQXu3zbWbgbUO9XIHRLWY76hvenv','2020-05-13 04:25:33.700256','read write',5,12,'2020-05-12 18:25:33.700479','2020-05-12 18:25:33.700490',NULL),(377,'uWULQfyqbgwMgA0SFrMS1tALQVKHOO','2020-05-13 04:26:23.476469','read write',5,12,'2020-05-12 18:26:23.476668','2020-05-12 18:26:23.476679',NULL),(378,'Dw8rOU8TNgHsQdgqtswXxx0hFwFAzq','2020-05-13 04:27:44.668453','read write',5,12,'2020-05-12 18:27:44.668652','2020-05-12 18:27:44.668664',NULL),(379,'8m2xKxFW5ZXGIlyQwF3HV8Xgx5EvkR','2020-05-13 08:25:02.139167','read write',1,12,'2020-05-12 22:25:02.139389','2020-05-12 22:25:02.139399',NULL),(380,'U3nCN3w8UEQZUlOiHiQ6mZ32x9EE9a','2020-05-13 08:25:09.336711','read write',1,12,'2020-05-12 22:25:09.336902','2020-05-12 22:25:09.336912',NULL),(381,'umnidEq7k2xLQWpAkvfbgxnkYOvpbF','2020-05-13 08:25:59.258055','read write',1,12,'2020-05-12 22:25:59.258303','2020-05-12 22:25:59.258314',NULL),(385,'mDCUshqBP273scEyIOqlVrbofDHGCO','2020-05-13 08:26:25.594004','read write',1,12,'2020-05-12 22:26:25.598659','2020-05-12 22:26:25.598669',384),(386,'hEcwRzR5fmYbRPtOnUC4ioWsHhDDHX','2020-05-13 11:19:25.755935','read write',5,12,'2020-05-13 01:19:25.756135','2020-05-13 01:19:25.756145',NULL),(387,'2mRWiJUQIbhnb9nGH3iBuWVMizyWXd','2020-05-13 11:19:41.593633','read write',5,12,'2020-05-13 01:19:41.593822','2020-05-13 01:19:41.593832',NULL),(388,'513fSGIr1FFWatq6wAjpVfwsAWWrKI','2020-05-15 02:36:08.622150','read write',5,12,'2020-05-14 16:36:08.622406','2020-05-14 16:36:08.622417',NULL),(389,'UyPTkpTtAq7rhSWmcO3Jc7qITn0aYU','2020-05-15 02:38:17.879966','read write',5,12,'2020-05-14 16:38:17.880166','2020-05-14 16:38:17.880178',NULL),(390,'bXK4eHlPqsUL5eTYZeENdo96HnuMDU','2020-05-15 02:39:10.651902','read write',5,12,'2020-05-14 16:39:10.652163','2020-05-14 16:39:10.652174',NULL),(391,'c78YdAyhB6fnex5YblszgHKL1ALB6z','2020-05-15 02:39:45.416657','read write',5,12,'2020-05-14 16:39:45.416861','2020-05-14 16:39:45.416872',NULL),(392,'krIie87OwccjaYofaWRQ3P1769R2so','2020-05-15 02:42:41.907245','read write',5,12,'2020-05-14 16:42:41.907451','2020-05-14 16:42:41.907461',NULL),(393,'deUoN8IeQ2lgJP7RCvkh4xzG7mdjxB','2020-05-15 02:45:44.834061','read write',5,12,'2020-05-14 16:45:44.834266','2020-05-14 16:45:44.834277',NULL),(394,'DV8yz3zUa6DrKHEgsxdfAgw2nPvQLF','2020-05-15 02:46:09.288704','read write',5,12,'2020-05-14 16:46:09.288907','2020-05-14 16:46:09.288918',NULL),(395,'zvKfpBK9rGI2cwH3qYHSxThVHGpbfb','2020-05-15 02:46:37.628744','read write',5,12,'2020-05-14 16:46:37.628941','2020-05-14 16:46:37.628952',NULL),(396,'6PWbFhOkm3EJ76cuJU17IbTPWj85OP','2020-05-15 02:46:42.114306','read write',5,12,'2020-05-14 16:46:42.114547','2020-05-14 16:46:42.114558',NULL),(397,'gkH7e7rWJVNztE1KVwH6ZBBMssVHmK','2020-05-15 02:47:34.413628','read write',5,12,'2020-05-14 16:47:34.413821','2020-05-14 16:47:34.413832',NULL),(398,'dMC3ajrCAK8YYpiiycjNcIqgeOqIgG','2020-05-15 02:47:34.510207','read write',5,12,'2020-05-14 16:47:34.510373','2020-05-14 16:47:34.510384',NULL),(399,'uL0h2ek5H6X9InuHXC84xcOQkpamaj','2020-05-15 02:47:34.602504','read write',5,12,'2020-05-14 16:47:34.602668','2020-05-14 16:47:34.602679',NULL),(400,'drd0sqtJ5KCIA5wK54wVniYRcOqXHW','2020-05-15 02:47:36.649578','read write',5,12,'2020-05-14 16:47:36.649793','2020-05-14 16:47:36.649804',NULL),(401,'oYOVpEKTARhWBYjPHPiGb0DyVNLzea','2020-05-15 02:47:38.712046','read write',5,12,'2020-05-14 16:47:38.712244','2020-05-14 16:47:38.712255',NULL),(402,'nIfa8gy2UTMqdjLU0uBNCyLMsB3F9c','2020-05-15 02:50:08.108372','read write',5,12,'2020-05-14 16:50:08.108568','2020-05-14 16:50:08.108579',NULL),(403,'9TPI3HJS0KBDHojb3IExSQTWLVehFh','2020-05-15 02:50:08.208546','read write',5,12,'2020-05-14 16:50:08.208716','2020-05-14 16:50:08.208726',NULL),(404,'rNAh80KNrKciYRDpYzfXds2jGZNHyJ','2020-05-15 02:52:44.768612','read write',5,12,'2020-05-14 16:52:44.768820','2020-05-14 16:52:44.768831',NULL),(405,'nxRfHYQ4L3t9hbF6DNKv1bNnByj3o4','2020-05-15 02:52:44.958750','read write',5,12,'2020-05-14 16:52:44.958918','2020-05-14 16:52:44.958928',NULL),(406,'skZ0VXVKmNeCvJJC4d13Y87vSDXUQk','2020-05-15 02:53:25.459509','read write',5,12,'2020-05-14 16:53:25.459706','2020-05-14 16:53:25.459717',NULL),(407,'dCM0HaO7eCC3yRDu9Oog9Fhb0JHb3C','2020-05-15 02:53:25.563212','read write',5,12,'2020-05-14 16:53:25.563414','2020-05-14 16:53:25.563425',NULL),(408,'OnCBN8aOty1GH89jX7Dh00R92DxFOt','2020-05-15 02:53:39.920234','read write',5,12,'2020-05-14 16:53:39.920442','2020-05-14 16:53:39.920454',NULL),(409,'SIFXSKsnWOO0atKwzjUnEExKIfta70','2020-05-15 02:53:40.254955','read write',5,12,'2020-05-14 16:53:40.255158','2020-05-14 16:53:40.255170',NULL),(410,'z6nMhfLX5wGbILUevZlhI2wyKGc7KZ','2020-05-15 02:57:27.438996','read write',1,12,'2020-05-14 16:57:27.439198','2020-05-14 16:57:27.439209',NULL),(411,'nVRk47XjL3BCF3CHiTVU39Bo11FPme','2020-05-15 02:57:34.291727','read write',1,12,'2020-05-14 16:57:34.291921','2020-05-14 16:57:34.291932',NULL),(412,'PoBAEwoVLSbih1LxXMIQfmNeZ83uxU','2020-05-15 02:57:38.179276','read write',1,12,'2020-05-14 16:57:38.179469','2020-05-14 16:57:38.179480',NULL),(413,'GrCx7tgU3BFcb9hT60rSV2tdD41M41','2020-05-15 02:58:16.230135','read write',5,12,'2020-05-14 16:58:16.230339','2020-05-14 16:58:16.230353',NULL),(414,'GELtlXUOMSd4wIBp3G9hH35dzyXHRS','2020-05-15 02:58:16.478811','read write',5,12,'2020-05-14 16:58:16.478977','2020-05-14 16:58:16.478988',NULL),(415,'vlUMPiSjO2gSEa6ehCGoNBEk6zfRhs','2020-05-15 02:59:02.063890','read write',1,12,'2020-05-14 16:59:02.064087','2020-05-14 16:59:02.064099',NULL),(416,'k5CGYS7ZFQXxRAIiPa1yL7Pq6XvkoL','2020-05-15 02:59:48.228012','read write',1,12,'2020-05-14 16:59:48.228214','2020-05-14 16:59:48.228225',NULL),(417,'CfwsLFYIAzxpp0eiWLNeG46Thn3Y7p','2020-05-15 03:32:41.765612','read write',1,12,'2020-05-14 17:32:41.765817','2020-05-14 17:32:41.765827',NULL),(418,'JxOXCtizT0MOZquP6jTvGnTXQ3fVCq','2020-05-15 03:43:24.132131','read write',1,12,'2020-05-14 17:43:24.132319','2020-05-14 17:43:24.132330',NULL),(419,'dr6flNxJLzVKHUzsChzmimx5lgNAdK','2020-05-15 07:20:31.045989','read write',5,12,'2020-05-14 21:20:31.046185','2020-05-14 21:20:31.046196',NULL),(420,'62Rsn7tXPV2uJyhawe79t2Jy7GQE58','2020-05-15 07:20:31.143967','read write',5,12,'2020-05-14 21:20:31.144132','2020-05-14 21:20:31.144143',NULL),(421,'UzSz81dLQ3NqPqLd0lapSqN2fOTtrs','2020-05-15 10:56:16.875360','read write',1,12,'2020-05-15 00:56:16.875550','2020-05-15 00:56:16.875561',NULL),(422,'M44wzZbHDhsJmbmnMUGuBuzk3iQKFR','2020-05-15 12:10:15.647859','read write',5,12,'2020-05-15 02:10:15.648079','2020-05-15 02:10:15.648090',NULL),(423,'XKuYG3KffQeuT40HYrpxfdLlwcmWW4','2020-05-15 12:10:15.827507','read write',5,12,'2020-05-15 02:10:15.827683','2020-05-15 02:10:15.827693',NULL),(424,'PUM4FZNKReCtwLYJLkIV82785CAHQk','2020-05-15 12:16:46.273086','read write',5,12,'2020-05-15 02:16:46.273277','2020-05-15 02:16:46.273288',NULL),(425,'HuHSvhswWyjb3Ypf6K2d6TMU07pc2Y','2020-05-15 12:16:46.374803','read write',5,12,'2020-05-15 02:16:46.374962','2020-05-15 02:16:46.374972',NULL),(426,'QunHEioczOUQBNVL0eChSIdOvkfBqJ','2020-05-15 12:19:14.349339','read write',5,12,'2020-05-15 02:19:14.349534','2020-05-15 02:19:14.349545',NULL),(427,'1JhJXXH3C0KrXufeEAMmST8LnxqsQ6','2020-05-15 12:19:14.450760','read write',5,12,'2020-05-15 02:19:14.450925','2020-05-15 02:19:14.450936',NULL),(428,'RR7sc9DG6FvYnJxClnc28gYbwOchao','2020-05-15 12:27:08.374618','read write',5,12,'2020-05-15 02:27:08.374809','2020-05-15 02:27:08.374819',NULL),(429,'9y1jOO18Fqrgqk4WFB5xd3hIzWyWZW','2020-05-15 12:27:08.863598','read write',5,12,'2020-05-15 02:27:08.863772','2020-05-15 02:27:08.863782',NULL),(430,'mrrXSSwD4Dg7uNLJKkeqcq8czDJh89','2020-05-15 12:27:21.114885','read write',5,12,'2020-05-15 02:27:21.115079','2020-05-15 02:27:21.115090',NULL),(431,'qMc3IX4Z3rfp7gIzjUbdyHcQYjv9rp','2020-05-15 12:27:21.204767','read write',5,12,'2020-05-15 02:27:21.204962','2020-05-15 02:27:21.204972',NULL),(432,'MLrP5B5GuoCeqPG5I210ZkaoCDLiqm','2020-05-15 12:33:41.702158','read write',5,12,'2020-05-15 02:33:41.702367','2020-05-15 02:33:41.702377',NULL),(433,'Eu1zlCh6d46JmzNEVr6zie90aYZExw','2020-05-15 12:33:41.880590','read write',5,12,'2020-05-15 02:33:41.880758','2020-05-15 02:33:41.880769',NULL),(434,'rOiatcbx9oSPyaKd02oLmgfMawGyUW','2020-05-15 12:33:58.315017','read write',5,12,'2020-05-15 02:33:58.315220','2020-05-15 02:33:58.315231',NULL),(435,'0FkQZWVVpX7SrXjz53eciTI21fJfU7','2020-05-15 12:33:58.526023','read write',5,12,'2020-05-15 02:33:58.526198','2020-05-15 02:33:58.526209',NULL),(436,'m9DRSQJwkjriErhhggWy5Kr1BjhnLd','2020-05-15 12:35:52.216712','read write',5,12,'2020-05-15 02:35:52.216901','2020-05-15 02:35:52.216911',NULL),(437,'78MtqIbJEZRZY8ZjTzfTQsnWD1h3m6','2020-05-15 12:35:52.437403','read write',5,12,'2020-05-15 02:35:52.437569','2020-05-15 02:35:52.437579',NULL),(438,'aQGKkKk8Be95NO13CeeoEW88ybfLXG','2020-05-15 12:36:05.632568','read write',5,12,'2020-05-15 02:36:05.632750','2020-05-15 02:36:05.632761',NULL),(439,'1p8HGgw8Kp7BWCL13WmFmzfxVUwlmj','2020-05-15 12:36:05.851408','read write',5,12,'2020-05-15 02:36:05.851578','2020-05-15 02:36:05.851588',NULL),(440,'zhD3GhgH3X4SLANqmZl7QR8s8O67EQ','2020-05-15 12:36:21.857272','read write',5,12,'2020-05-15 02:36:21.857466','2020-05-15 02:36:21.857476',NULL),(441,'zQOSroUU4lY8Ec7ggttX5DJCZFawvg','2020-05-15 12:36:22.082093','read write',5,12,'2020-05-15 02:36:22.082279','2020-05-15 02:36:22.082290',NULL),(442,'rJtsJCBM3Xh63XYqWMeAgyAlTxhgmg','2020-05-15 12:37:24.068048','read write',5,12,'2020-05-15 02:37:24.068240','2020-05-15 02:37:24.068251',NULL),(443,'pjzzypff8AwPIaTy4v6TToxFCE4I6s','2020-05-15 12:37:24.303584','read write',5,12,'2020-05-15 02:37:24.303749','2020-05-15 02:37:24.303759',NULL),(444,'HeqsJsOgsGuBsKxFGoXNb6l2feONv0','2020-05-15 12:39:02.435563','read write',5,12,'2020-05-15 02:39:02.435751','2020-05-15 02:39:02.435762',NULL),(445,'v6g80h6LEiFT1EeozgTi0th5qqdt1b','2020-05-15 12:39:02.532051','read write',5,12,'2020-05-15 02:39:02.532221','2020-05-15 02:39:02.532232',NULL),(446,'KaIcHC5LWCTtxSVJLek9Amo3ArqAns','2020-05-15 23:15:50.957422','read write',5,12,'2020-05-15 13:15:50.957667','2020-05-15 13:15:50.957678',NULL),(447,'pFzFo8YeG4cPVBNa6PeoTGRjyH5JMl','2020-05-15 23:15:51.055081','read write',5,12,'2020-05-15 13:15:51.055292','2020-05-15 13:15:51.055303',NULL),(448,'m33p65YWNxWkK1bFpN2eAM0hp3RuKr','2020-05-15 23:16:15.488693','read write',5,12,'2020-05-15 13:16:15.488888','2020-05-15 13:16:15.488899',NULL),(449,'pPCG3CRLKYZdrsKCbJPJBhRsZmMM1W','2020-05-15 23:16:15.579582','read write',5,12,'2020-05-15 13:16:15.579746','2020-05-15 13:16:15.579757',NULL),(450,'EptRGaQfMB7o1eYmLK7HoqsUGEXjOj','2020-05-15 23:18:59.538722','read write',5,12,'2020-05-15 13:18:59.539117','2020-05-15 13:18:59.539128',NULL),(451,'P3LUf9B1hFWyuRab7BRrOjw3FPndcu','2020-05-15 23:18:59.645845','read write',5,12,'2020-05-15 13:18:59.646098','2020-05-15 13:18:59.646109',NULL),(452,'PoQhk75lAemLKhZTTqHos9d1IX9ppo','2020-05-15 23:19:09.563074','read write',5,12,'2020-05-15 13:19:09.563266','2020-05-15 13:19:09.563277',NULL),(453,'urKVgXstEDojkxp8ddXeAf6G4oNP4G','2020-05-15 23:19:09.664985','read write',5,12,'2020-05-15 13:19:09.665156','2020-05-15 13:19:09.665167',NULL),(454,'ILk8K88vNcWkU9KoXMsyQhVRJmX2A3','2020-05-16 06:46:26.952695','read write',5,12,'2020-05-15 20:46:26.952931','2020-05-15 20:46:26.952942',NULL),(455,'nhHqtyVLlWQet4azsMaU0e8LA9n1OB','2020-05-16 06:46:27.051303','read write',5,12,'2020-05-15 20:46:27.051474','2020-05-15 20:46:27.051485',NULL),(456,'4omgCOIW6dWWIjx3N5Yo7fRrs0dn1r','2020-05-16 07:20:15.300824','read write',5,12,'2020-05-16 07:16:15.301088','2020-05-16 07:16:15.301099',NULL),(457,'PvM7SXc7vCZrEGsRInKMhSAlLLeOSG','2020-05-16 07:20:15.401530','read write',5,12,'2020-05-16 07:16:15.401696','2020-05-16 07:16:15.401707',NULL),(458,'vO3QQ8andu37qCgvVnmUQ4pZ3x3ASa','2020-05-16 07:25:08.760731','read write',5,12,'2020-05-16 07:21:08.760978','2020-05-16 07:21:08.760989',NULL),(459,'vRCZLAYsL3IKA6NmMafSLCCQBn65rn','2020-05-16 07:25:08.850634','read write',5,12,'2020-05-16 07:21:08.850798','2020-05-16 07:21:08.850809',NULL),(460,'dG5azO4K2gDiE14A6DJAwFl1fP9Gdv','2020-05-16 07:26:53.062268','read write',5,12,'2020-05-16 07:22:53.062478','2020-05-16 07:22:53.062489',NULL),(461,'bIGEfFtb3w8F6WdcDk3qJ9cmBZyjbF','2020-05-16 07:26:53.184786','read write',5,12,'2020-05-16 07:22:53.184963','2020-05-16 07:22:53.184973',NULL),(462,'XDgsWkx0m7a2PNDygqiebs22CeIMNT','2020-05-16 07:38:58.254694','read write',5,12,'2020-05-16 07:34:58.254891','2020-05-16 07:34:58.254902',NULL),(463,'MURCfcK7XYHxd9cPV3fJwM2kTsD4jd','2020-05-16 07:38:58.356707','read write',5,12,'2020-05-16 07:34:58.356874','2020-05-16 07:34:58.356884',NULL),(464,'YTk7iFnCHgx9vqBWXIGnYuV2gssmrG','2020-05-16 07:39:24.007057','read write',5,12,'2020-05-16 07:35:24.007253','2020-05-16 07:35:24.007264',NULL),(465,'kAPcTTJNkosUd2w9u0BLYdYq4hOBzC','2020-05-16 07:39:24.100275','read write',5,12,'2020-05-16 07:35:24.100442','2020-05-16 07:35:24.100453',NULL),(466,'c8qTaODHuEjIKNvLQUYlOMV2Ykxg5G','2020-05-16 07:40:01.265612','read write',5,12,'2020-05-16 07:36:01.265814','2020-05-16 07:36:01.265825',NULL),(467,'sZSk1xCQ9kcgm35dFHO3686HRAoe9v','2020-05-16 07:40:01.365036','read write',5,12,'2020-05-16 07:36:01.365201','2020-05-16 07:36:01.365212',NULL),(468,'mVpcsr8rHZJA2XDAMnb2SKAsZg61I6','2020-05-16 15:14:32.004687','read write',5,12,'2020-05-16 15:10:32.004873','2020-05-16 15:10:32.004883',NULL),(469,'lrZYDdrx37mlyZS8X7U6YiZHiMJCQa','2020-05-16 15:14:32.100659','read write',5,12,'2020-05-16 15:10:32.100816','2020-05-16 15:10:32.100826',NULL),(470,'3pUofCNilX2nQ19tiKD8f67oUDnjm2','2020-05-16 15:15:55.312660','read write',5,12,'2020-05-16 15:11:55.312852','2020-05-16 15:11:55.312862',NULL),(471,'jyJzEuKzTLaHuEXuO3q6corn8xB8rN','2020-05-16 15:15:55.408801','read write',5,12,'2020-05-16 15:11:55.408963','2020-05-16 15:11:55.408974',NULL),(472,'6CA5vuqfYXUq0iJgKnmwi9SupPf5dT','2020-05-16 15:23:45.610848','read write',5,12,'2020-05-16 15:19:45.611039','2020-05-16 15:19:45.611050',NULL),(473,'NVeU7OV7hKvn1a4G7MZ9tHmf8vy8xT','2020-05-16 15:23:45.710808','read write',5,12,'2020-05-16 15:19:45.710986','2020-05-16 15:19:45.710997',NULL),(474,'kLl2a2vbt6FpNMsbLaGEhahucWcwM3','2020-05-16 15:34:04.885833','read write',5,12,'2020-05-16 15:30:04.886081','2020-05-16 15:30:04.886092',NULL),(475,'spoi6sDROolv32w1GJ072v57RiZUAW','2020-05-16 15:34:04.991135','read write',5,12,'2020-05-16 15:30:04.991305','2020-05-16 15:30:04.991315',NULL),(476,'obDMXllLvV7x2Lmo1UKpwXyOtoqtka','2020-05-16 15:41:06.348080','read write',5,12,'2020-05-16 15:37:06.348330','2020-05-16 15:37:06.348342',NULL),(477,'aSETc2MqGCBY78w3jX5yZiFOHfj5lq','2020-05-16 15:41:06.439796','read write',5,12,'2020-05-16 15:37:06.439957','2020-05-16 15:37:06.439968',NULL),(478,'Ht17H4HXwq43qnPvGjod9Z4IYIZaxT','2020-05-16 15:49:41.259678','read write',5,12,'2020-05-16 15:45:41.259959','2020-05-16 15:45:41.259971',NULL),(479,'qwfZnxDGoNqAwxTXbn3rXZyaRTAzyK','2020-05-16 15:49:41.366371','read write',5,12,'2020-05-16 15:45:41.366550','2020-05-16 15:45:41.366561',NULL),(480,'wlyECbotZrQ1FpadWQr6Z2hzAOVPJK','2021-04-28 21:17:16.878745','read write',5,12,'2020-05-16 15:57:16.878993','2020-05-16 15:57:16.879005',NULL),(481,'8dPumVt4GggPNKHaSuqoR682TOtveb','2021-04-28 21:17:17.035394','read write',5,12,'2020-05-16 15:57:17.035568','2020-05-16 15:57:17.035578',NULL);
/*!40000 ALTER TABLE `oauth2_provider_accesstoken` ENABLE KEYS */;
UNLOCK TABLES;

--
-- Table structure for table `oauth2_provider_application`
--

DROP TABLE IF EXISTS `oauth2_provider_application`;
/*!40101 SET @saved_cs_client     = @@character_set_client */;
/*!40101 SET character_set_client = utf8 */;
CREATE TABLE `oauth2_provider_application` (
  `id` bigint(20) NOT NULL AUTO_INCREMENT,
  `client_id` varchar(100) NOT NULL,
  `redirect_uris` longtext NOT NULL,
  `client_type` varchar(32) NOT NULL,
  `authorization_grant_type` varchar(32) NOT NULL,
  `client_secret` varchar(255) NOT NULL,
  `name` varchar(255) NOT NULL,
  `user_id` int(11) DEFAULT NULL,
  `skip_authorization` tinyint(1) NOT NULL,
  `created` datetime(6) NOT NULL,
  `updated` datetime(6) NOT NULL,
  PRIMARY KEY (`id`),
  UNIQUE KEY `client_id` (`client_id`),
  KEY `oauth2_provider_application_client_secret_53133678` (`client_secret`),
  KEY `oauth2_provider_application_user_id_79829054_fk_auth_user_id` (`user_id`),
  CONSTRAINT `oauth2_provider_application_user_id_79829054_fk_auth_user_id` FOREIGN KEY (`user_id`) REFERENCES `auth_user` (`id`)
) ENGINE=InnoDB AUTO_INCREMENT=6 DEFAULT CHARSET=latin1;
/*!40101 SET character_set_client = @saved_cs_client */;

--
-- Dumping data for table `oauth2_provider_application`
--

LOCK TABLES `oauth2_provider_application` WRITE;
/*!40000 ALTER TABLE `oauth2_provider_application` DISABLE KEYS */;
INSERT INTO `oauth2_provider_application` VALUES (1,'plataformaa','http://189.213.134.151:8080/api/token','confidential','password','digitalnacional','api_declaraciones',12,0,'2020-05-02 15:52:46.179305','2020-05-09 20:52:49.847134'),(2,'plataforma','http://example.com','public','authorization-code','digitalnacional','declaraciones',1,0,'2020-05-05 21:12:11.955200','2020-05-06 02:52:25.587154'),(3,'application_client_id','http://example.com','public','authorization-code','application_client_secret','application',1,0,'2020-05-06 04:55:57.945215','2020-05-06 11:57:55.272309'),(4,'admin','http://example.com','confidential','authorization-code','admin','admin',1,0,'2020-05-09 03:51:12.392238','2020-05-09 03:51:12.392256'),(5,'client_id','','confidential','password','client_secret','GT password',12,1,'2020-05-11 14:52:08.488181','2020-05-11 16:21:47.070452');
/*!40000 ALTER TABLE `oauth2_provider_application` ENABLE KEYS */;
UNLOCK TABLES;

--
-- Table structure for table `oauth2_provider_grant`
--

DROP TABLE IF EXISTS `oauth2_provider_grant`;
/*!40101 SET @saved_cs_client     = @@character_set_client */;
/*!40101 SET character_set_client = utf8 */;
CREATE TABLE `oauth2_provider_grant` (
  `id` bigint(20) NOT NULL AUTO_INCREMENT,
  `code` varchar(255) NOT NULL,
  `expires` datetime(6) NOT NULL,
  `redirect_uri` varchar(255) NOT NULL,
  `scope` longtext NOT NULL,
  `application_id` bigint(20) NOT NULL,
  `user_id` int(11) NOT NULL,
  `created` datetime(6) NOT NULL,
  `updated` datetime(6) NOT NULL,
  PRIMARY KEY (`id`),
  UNIQUE KEY `oauth2_provider_grant_code_49ab4ddf_uniq` (`code`),
  KEY `oauth2_provider_grant_application_id_81923564_fk` (`application_id`),
  KEY `oauth2_provider_grant_user_id_e8f62af8_fk_auth_user_id` (`user_id`),
  CONSTRAINT `oauth2_provider_grant_application_id_81923564_fk` FOREIGN KEY (`application_id`) REFERENCES `oauth2_provider_application` (`id`),
  CONSTRAINT `oauth2_provider_grant_user_id_e8f62af8_fk_auth_user_id` FOREIGN KEY (`user_id`) REFERENCES `auth_user` (`id`)
) ENGINE=InnoDB AUTO_INCREMENT=22 DEFAULT CHARSET=latin1;
/*!40101 SET character_set_client = @saved_cs_client */;

--
-- Dumping data for table `oauth2_provider_grant`
--

LOCK TABLES `oauth2_provider_grant` WRITE;
/*!40000 ALTER TABLE `oauth2_provider_grant` DISABLE KEYS */;
INSERT INTO `oauth2_provider_grant` VALUES (1,'VJKK','2020-05-06 00:13:44.000000','v2/declaraciones/','',1,12,'2020-05-05 00:14:26.885688','2020-05-05 00:14:26.885699'),(3,'ljcPDitz7XvoOAo0H5c6bPwVuNOZ2o','2020-05-06 02:49:55.291203','http://10.1.1.4:8080/api/v2/declaraciones','read write',2,1,'2020-05-06 02:48:55.291486','2020-05-06 02:48:55.291497'),(4,'Op7o0c3LkBNs2JXpXfIyv7GYSgqWa3','2020-05-06 02:52:33.629683','http://google.com/clientexample','read write',2,1,'2020-05-06 02:51:33.629856','2020-05-06 02:51:33.629867'),(5,'SumxjaEQGA2yFhPVBcjVg3d7Zgb4RA','2020-05-06 02:53:47.000000','http://example.com','read write',2,1,'2020-05-06 02:52:47.746529','2020-05-06 03:04:59.029770'),(6,'AmIu3ImAXVhxVj80NCnbVeBKCnSaCA','2020-05-06 03:11:12.204211','http://example.com','read write',2,1,'2020-05-06 03:10:12.204432','2020-05-06 03:10:12.204443'),(7,'r09WKcjDPlJujSJCoAPoAJrGLCVnyK','2020-05-06 05:09:22.371344','http://example.com','read write',3,1,'2020-05-06 05:08:22.371613','2020-05-06 05:08:22.371624'),(8,'Jw8NoDU2vFTRAswxQsyjLgzH4MxabS','2020-05-06 05:10:03.477048','http://example.com','read write',3,1,'2020-05-06 05:09:03.477218','2020-05-06 05:09:03.477228'),(9,'rhDowtCRAMTRVWq87cLYw9rKoeoSdf','2020-05-06 11:35:46.329745','http://example.com','read write',3,1,'2020-05-06 11:34:46.329983','2020-05-06 11:34:46.329994'),(10,'RLpKVbSOS1yAnpjMrK7az4nqgkhkYz','2020-05-06 11:47:45.611342','http://example.com','read write',3,1,'2020-05-06 11:46:45.611565','2020-05-06 11:46:45.611576'),(14,'f1F9j0px5Ab6QXTrD0P2kODMrcbFdY','2020-05-09 00:46:27.088273','http://example.com','read write',3,1,'2020-05-09 00:45:27.088555','2020-05-09 00:45:27.088567'),(15,'cwFdZ1rjYYcc3TkpQfIihTJ9guSkvB','2020-05-09 00:47:26.399057','http://example.com','read write',3,1,'2020-05-09 00:46:26.399224','2020-05-09 00:46:26.399235'),(17,'0ErCludORx8iSLKWLFRCivNpfmehLV','2020-05-09 03:55:16.686886','http://example.com','read write',4,1,'2020-05-09 03:54:16.687105','2020-05-09 03:54:16.687116'),(19,'UQXHoypCvrm8sZTIpobxdUnSWjgjuI','2020-05-09 04:01:02.768769','http://example.com','read write',4,1,'2020-05-09 04:00:02.768945','2020-05-09 04:00:02.768956'),(20,'pKIk0g4OyL8QcfgfAGUriwmqnAk1Lc','2020-05-09 04:02:31.813253','http://example.com','read write',4,1,'2020-05-09 04:01:31.813449','2020-05-09 04:01:31.813459');
/*!40000 ALTER TABLE `oauth2_provider_grant` ENABLE KEYS */;
UNLOCK TABLES;

--
-- Table structure for table `oauth2_provider_refreshtoken`
--

DROP TABLE IF EXISTS `oauth2_provider_refreshtoken`;
/*!40101 SET @saved_cs_client     = @@character_set_client */;
/*!40101 SET character_set_client = utf8 */;
CREATE TABLE `oauth2_provider_refreshtoken` (
  `id` bigint(20) NOT NULL AUTO_INCREMENT,
  `token` varchar(255) NOT NULL,
  `access_token_id` bigint(20) DEFAULT NULL,
  `application_id` bigint(20) NOT NULL,
  `user_id` int(11) NOT NULL,
  `created` datetime(6) NOT NULL,
  `updated` datetime(6) NOT NULL,
  `revoked` datetime(6) DEFAULT NULL,
  PRIMARY KEY (`id`),
  UNIQUE KEY `access_token_id` (`access_token_id`),
  UNIQUE KEY `oauth2_provider_refreshtoken_token_revoked_af8a5134_uniq` (`token`,`revoked`),
  KEY `oauth2_provider_refreshtoken_application_id_2d1c311b_fk` (`application_id`),
  KEY `oauth2_provider_refreshtoken_user_id_da837fce_fk_auth_user_id` (`user_id`),
  CONSTRAINT `oauth2_provider_refr_access_token_id_775e84e8_fk_oauth2_pr` FOREIGN KEY (`access_token_id`) REFERENCES `oauth2_provider_accesstoken` (`id`),
  CONSTRAINT `oauth2_provider_refreshtoken_application_id_2d1c311b_fk` FOREIGN KEY (`application_id`) REFERENCES `oauth2_provider_application` (`id`),
  CONSTRAINT `oauth2_provider_refreshtoken_user_id_da837fce_fk_auth_user_id` FOREIGN KEY (`user_id`) REFERENCES `auth_user` (`id`)
) ENGINE=InnoDB AUTO_INCREMENT=482 DEFAULT CHARSET=latin1;
/*!40101 SET character_set_client = @saved_cs_client */;

--
-- Dumping data for table `oauth2_provider_refreshtoken`
--

LOCK TABLES `oauth2_provider_refreshtoken` WRITE;
/*!40000 ALTER TABLE `oauth2_provider_refreshtoken` DISABLE KEYS */;
INSERT INTO `oauth2_provider_refreshtoken` VALUES (1,'chuzSMAanYqgnrYfahAA1d6cryHYIo',1,1,12,'2020-05-02 17:24:54.227345','2020-05-02 17:24:54.227363',NULL),(2,'OjVgWlLn4LM04Y5zBvrXpfcpaW0rGz',2,1,12,'2020-05-02 18:16:41.609437','2020-05-02 18:16:41.609454',NULL),(3,'pXRfPW413OmqbaPJHmj3tm6qiKkvXB',3,1,12,'2020-05-02 18:17:32.294281','2020-05-02 18:17:32.294297',NULL),(4,'lbCHqLjbwZsGfB1BWAv2ggwr0HeyLy',4,1,12,'2020-05-02 18:22:00.705987','2020-05-02 18:22:00.706002',NULL),(5,'HPfrll25Nr0IE3fH8N0IMRVUG9pv0v',5,1,12,'2020-05-02 19:04:51.112135','2020-05-02 19:04:51.112152',NULL),(6,'20dQ9H3UkBGyFSeoQrjUTP3UAPXGil',6,3,1,'2020-05-06 12:07:17.660926','2020-05-06 12:07:17.660942',NULL),(7,'jE0o3JAuYdmLQEcGE4hPcyYCxsLVmV',7,3,1,'2020-05-06 12:12:53.547766','2020-05-06 12:12:53.547782',NULL),(8,'BSVzlflEBhFWHoT6GcnhuSaYSziExr',8,3,1,'2020-05-06 14:42:50.821689','2020-05-06 14:42:50.821706',NULL),(9,'eOmqF9HfSpCDfwEwtERtlZpaKarQHr',9,3,1,'2020-05-09 00:48:39.553215','2020-05-09 00:48:39.553231',NULL),(10,'SFjERfFuyzmnQrTCEu3YL5QG0VqMh5',10,4,1,'2020-05-09 03:57:19.789161','2020-05-09 03:57:19.789178',NULL),(11,'5NUGn1FUY8ziQgaFs8s1E8k3JFjVhr',11,4,1,'2020-05-09 04:04:59.875658','2020-05-09 04:04:59.875674',NULL),(12,'77HN90tlzWjv93B4sjOObfi11zjfsr',12,5,12,'2020-05-11 15:25:11.056224','2020-05-11 15:25:11.056240',NULL),(13,'1ERkN5iy8nZ9C1r8koloPx7iiLP5JG',13,5,12,'2020-05-11 15:51:10.211020','2020-05-11 15:51:10.211037',NULL),(14,'iQt076fr8cIuf0HT7F3rGDOJtYsyo1',14,5,12,'2020-05-11 15:55:30.008385','2020-05-11 15:55:30.008400',NULL),(15,'9flzEFybEi1YLhIRHREuoRWjKnoYTl',15,5,12,'2020-05-11 16:04:27.036355','2020-05-11 16:04:27.036370',NULL),(16,'F1tgt77ZpeiHb3zrIrqOZ7nZrNFo7H',16,5,12,'2020-05-11 16:11:48.198403','2020-05-11 16:11:48.198418',NULL),(17,'keXARQwiFQ5Wzo2icRkZ71QWjKAHI6',17,5,12,'2020-05-11 16:12:40.863230','2020-05-11 16:12:40.863248',NULL),(18,'FXWEOsBhjwypTeXMXs1bNXeSlltxGC',18,5,12,'2020-05-11 16:18:21.577831','2020-05-11 16:18:21.577846',NULL),(19,'7voQHKvA01zteXBTIhNNz6MbW3ZKL2',19,5,12,'2020-05-11 16:25:10.901080','2020-05-11 16:25:10.901095',NULL),(20,'GLYnBVBYrhFxbToRDWgIL2pPro48wt',20,5,12,'2020-05-11 16:25:21.178765','2020-05-11 16:25:21.178781',NULL),(21,'LI3cj00FyDnrOeTfYHb199MMRzy4UK',21,5,12,'2020-05-11 16:42:05.351768','2020-05-11 16:42:05.351784',NULL),(22,'c4aIOgu1aUybndCgaVQO05phj500Gq',22,5,12,'2020-05-11 21:03:59.600951','2020-05-11 21:03:59.600967',NULL),(23,'CcewHgCVl24tZSwveGSLLsIFck7gJg',23,5,12,'2020-05-12 16:31:19.597728','2020-05-12 16:31:19.597745',NULL),(24,'gikjVEHg9iDSqYLXHsy9J9ZDmctsIR',24,5,12,'2020-05-12 16:34:42.764625','2020-05-12 16:34:42.764642',NULL),(25,'SyMAguHrMIlN2reOIN61PXqSsgJUoa',25,5,12,'2020-05-12 16:53:23.431310','2020-05-12 16:53:23.431325',NULL),(26,'6h7h968qqiNS5R3YPWIscmFx8GttF4',26,5,12,'2020-05-12 16:54:00.740053','2020-05-12 16:54:00.740071',NULL),(27,'u2gZzGJyBuREIIvQ6PxONeATUZ6jti',27,5,12,'2020-05-12 16:57:00.331842','2020-05-12 16:57:00.331859',NULL),(28,'X5Dd2wdRKwgEwn9MLrGvLcBppZiCGu',28,5,12,'2020-05-12 17:03:47.401322','2020-05-12 17:03:47.401337',NULL),(29,'3iqe8w7sLSALUgB5JBJRlU8OQFCg5L',29,5,12,'2020-05-12 17:04:04.859213','2020-05-12 17:04:04.859228',NULL),(30,'DSp2WtTVfWNrDU1U8Aa6meB4EwuPdT',30,5,12,'2020-05-12 17:04:26.435623','2020-05-12 17:04:26.435641',NULL),(31,'SwRS8s4g7ZT5ZRDzyVTPteaHHqzmGZ',31,5,12,'2020-05-12 17:06:40.409951','2020-05-12 17:06:40.409969',NULL),(32,'N3bcDeE4cJDlvTSDvxx1pxU6fTrr6I',32,5,12,'2020-05-12 17:07:25.521571','2020-05-12 17:07:25.521586',NULL),(33,'baZxwpLqrdmQAqU4Ia19o2tZWxpF1n',33,5,12,'2020-05-12 17:07:59.039795','2020-05-12 17:07:59.039810',NULL),(34,'xETfTxFQri4MSUOqyPkl7SHOwYgROC',34,5,12,'2020-05-12 17:08:06.161382','2020-05-12 17:08:06.161397',NULL),(35,'FjUAwIuySHL5EYYdcD6JScEh5ak3V8',35,5,12,'2020-05-12 17:08:30.562660','2020-05-12 17:08:30.562677',NULL),(36,'7ryBhwmDztn1PMB1rDeodHZzp7fhnG',36,5,12,'2020-05-12 17:12:52.953461','2020-05-12 17:12:52.953477',NULL),(37,'wjMmohUQSXpqQ8FZfhWnUfm6FMpU8V',37,5,12,'2020-05-12 17:12:53.148909','2020-05-12 17:12:53.148926',NULL),(38,'kOm6MFO0O4ZGOw5IwnbE8NLEckC7OT',38,5,12,'2020-05-12 17:19:52.992690','2020-05-12 17:19:52.992706',NULL),(39,'ZUi3RDfeGLIGQkSrKaLWMAGBOBciFZ',39,5,12,'2020-05-12 17:19:56.619722','2020-05-12 17:19:56.619737',NULL),(40,'ADDEpvMEFZ05BnhDpW9wKc5AXsePJU',40,5,12,'2020-05-12 17:22:29.879523','2020-05-12 17:22:29.879539',NULL),(41,'MbfrZSzdHwQAUbmOzOimqIcQJcOkKE',41,5,12,'2020-05-12 17:22:29.980103','2020-05-12 17:22:29.980120',NULL),(42,'OyfU8KuXPuKDImqd8DrZvpaTT4q74D',42,5,12,'2020-05-12 17:22:30.072172','2020-05-12 17:22:30.072189',NULL),(43,'uaPKwjUP9aUWoORlvQZSC9olHlWoSc',43,5,12,'2020-05-12 17:22:30.268088','2020-05-12 17:22:30.268104',NULL),(44,'qHu1NDRp9aro7E5qS0jKHMtPbZgCSv',44,5,12,'2020-05-12 17:22:30.373657','2020-05-12 17:22:30.373673',NULL),(45,'HkfPuJ0nav9LQEL5tcTojvIjK0fmFu',45,5,12,'2020-05-12 17:22:30.498674','2020-05-12 17:22:30.498690',NULL),(46,'IxaKbj1UwDoqow91Bd5ZVTNQLkIzkc',46,5,12,'2020-05-12 17:22:30.757238','2020-05-12 17:22:30.757254',NULL),(47,'6Ogh2yKpv1Wxa0upG2o5XBY8aDedvc',47,5,12,'2020-05-12 17:22:30.874167','2020-05-12 17:22:30.874183',NULL),(48,'A15tlQJKc3udKuwt8IHVpIagxtTAJK',48,5,12,'2020-05-12 17:22:30.982394','2020-05-12 17:22:30.982410',NULL),(49,'txqVKvkqCVZ1k6JufQy9aT9W1X93Xq',49,5,12,'2020-05-12 17:22:31.090849','2020-05-12 17:22:31.090866',NULL),(50,'9PpI143192eIOldbnIlY0DY2EQX3u0',50,5,12,'2020-05-12 17:22:31.199236','2020-05-12 17:22:31.199251',NULL),(51,'ZRwchMjCkayvRuDeQ7qxtYCxfmBtOL',51,5,12,'2020-05-12 17:22:31.307279','2020-05-12 17:22:31.307294',NULL),(52,'6RYHFy1dAsrgLEVvqgYPa4SYCxTO4Q',52,5,12,'2020-05-12 17:22:31.416059','2020-05-12 17:22:31.416077',NULL),(53,'Eg7CWolPUvVFgB1WCZeW89X5zZexuI',53,5,12,'2020-05-12 17:22:31.541565','2020-05-12 17:22:31.541582',NULL),(54,'sqEZEYh7YjOJsernNjGOSvnAYPdulO',54,5,12,'2020-05-12 17:22:31.657673','2020-05-12 17:22:31.657691',NULL),(55,'4ORi2L5PBcoGTYZgIRgnJAO5J1bZl1',55,5,12,'2020-05-12 17:22:31.783466','2020-05-12 17:22:31.783481',NULL),(56,'HvbG6xLs26TqKzgS7nX15T1bnpi0Vl',56,5,12,'2020-05-12 17:22:31.892431','2020-05-12 17:22:31.892447',NULL),(57,'HODM5CGy9nbiE03x2mq9w7OLK87mlV',57,5,12,'2020-05-12 17:22:32.000296','2020-05-12 17:22:32.000312',NULL),(58,'1rdG3S7yVCFoDLV1uMleZnkM9139g5',58,5,12,'2020-05-12 17:22:32.107939','2020-05-12 17:22:32.107956',NULL),(59,'d2ERpEG0mQ5WEmN82vIh3E7mA9m87J',59,5,12,'2020-05-12 17:22:32.215853','2020-05-12 17:22:32.215869',NULL),(60,'SJPaQelJCjNNau9eOfDEUZay8GiMMs',60,5,12,'2020-05-12 17:22:32.323991','2020-05-12 17:22:32.324007',NULL),(61,'cNkLtZGPUr5ibVMvdkdFFc5t8YLHR3',61,5,12,'2020-05-12 17:22:32.438946','2020-05-12 17:22:32.438962',NULL),(62,'M6Hwk0TDnX7BsDaC3c4lFX579J5Nz1',62,5,12,'2020-05-12 17:22:32.549510','2020-05-12 17:22:32.549525',NULL),(63,'QU1S5KbF7KtMjDS7nAcPVmNJcwb6VG',63,5,12,'2020-05-12 17:22:32.657819','2020-05-12 17:22:32.657836',NULL),(64,'bfzN3Ri1EwR3tKyzuI8jKTogIXe8ij',64,5,12,'2020-05-12 17:22:32.766570','2020-05-12 17:22:32.766588',NULL),(65,'wAcR1R2HSIProxVloG22IDuYbmbeug',65,5,12,'2020-05-12 17:22:32.875785','2020-05-12 17:22:32.875801',NULL),(66,'4yeGP84l5fuDUNGFbdxFNij4kx0jgx',66,5,12,'2020-05-12 17:22:32.984585','2020-05-12 17:22:32.984602',NULL),(67,'Ob77Th7IcIjCKzd4sQmUXySUJGftpS',67,5,12,'2020-05-12 17:22:33.091794','2020-05-12 17:22:33.091811',NULL),(68,'xWtM5AHI2y5MjzEk7o95CEtZOE78B3',68,5,12,'2020-05-12 17:22:33.207049','2020-05-12 17:22:33.207066',NULL),(69,'DIK8BNh0vcdDUVGa86FGsQyjL7dpPV',69,5,12,'2020-05-12 17:22:33.316330','2020-05-12 17:22:33.316346',NULL),(70,'HNFVSXULaUIBMaQoz3lDqtpIk3oEfx',70,5,12,'2020-05-12 17:22:33.424696','2020-05-12 17:22:33.424713',NULL),(71,'XUxeb82zWeHk4jQDtTFyTOTA2YfHxK',71,5,12,'2020-05-12 17:22:33.533477','2020-05-12 17:22:33.533493',NULL),(72,'9FpJaHO4hCNb5nmD92NKy3qaaz4Pwl',72,5,12,'2020-05-12 17:22:33.642694','2020-05-12 17:22:33.642710',NULL),(73,'TRd6pOlFS2j5uIS0DWtow2jZHvzMdx',73,5,12,'2020-05-12 17:22:33.750222','2020-05-12 17:22:33.750238',NULL),(74,'XMDLE9sqGZu3hzsxvSnYFLJ942fX2s',74,5,12,'2020-05-12 17:22:33.859267','2020-05-12 17:22:33.859285',NULL),(75,'pWX7L5Cu1geaHAbiVdOb7Mh7we15zR',75,5,12,'2020-05-12 17:22:33.976172','2020-05-12 17:22:33.976189',NULL),(76,'o5X3MjEdZVk7ruaD6t59ggysCDYsgM',76,5,12,'2020-05-12 17:22:34.084577','2020-05-12 17:22:34.084592',NULL),(77,'Ft3TWrac8RpBpyMk3J5GjFJSUWCmdY',77,5,12,'2020-05-12 17:22:34.192790','2020-05-12 17:22:34.192805',NULL),(78,'0lYIO2Knucgex27nUXpmu5TvKFv1F0',78,5,12,'2020-05-12 17:22:34.300740','2020-05-12 17:22:34.300755',NULL),(79,'GTXXeZuh0tCIWIJJrIW4NEKcPEUnU4',79,5,12,'2020-05-12 17:22:34.408647','2020-05-12 17:22:34.408663',NULL),(80,'UbRCfKNyIXbkqJdrsj8Z80AQApefHB',80,5,12,'2020-05-12 17:22:34.558485','2020-05-12 17:22:34.558501',NULL),(81,'gswQ9pgzto7n2dGNmsT9nIcpiW8iNf',81,5,12,'2020-05-12 17:22:34.667852','2020-05-12 17:22:34.667868',NULL),(82,'M4uZetb7UcMdrxLQvVf6fioXVsJbBr',82,5,12,'2020-05-12 17:22:34.782731','2020-05-12 17:22:34.782746',NULL),(83,'6OE9a6SimramF0vadoDDJIIDlufIAb',83,5,12,'2020-05-12 17:22:34.893546','2020-05-12 17:22:34.893561',NULL),(84,'pW4R55KX8jN3gO7A4xr5EVa7BWCOOu',84,5,12,'2020-05-12 17:22:35.003712','2020-05-12 17:22:35.003729',NULL),(85,'2kynWmwp8l6JtDeHMmOVsUuygbZw9A',85,5,12,'2020-05-12 17:22:35.112131','2020-05-12 17:22:35.112147',NULL),(86,'QopZgZwUCzvZ8n0koxbJfJKMXAncp2',86,5,12,'2020-05-12 17:22:35.201839','2020-05-12 17:22:35.201854',NULL),(87,'MV7qikkOhjoHlw8Ufoy7S5NMoUGHZf',87,5,12,'2020-05-12 17:22:35.310159','2020-05-12 17:22:35.310176',NULL),(88,'HSSDV6QCh4m3i6nziK4B4FxLiqa0Wb',88,5,12,'2020-05-12 17:22:35.417686','2020-05-12 17:22:35.417702',NULL),(89,'qBoJ27hnh0R5MUrNdWUnyQyqps6UGt',89,5,12,'2020-05-12 17:22:35.526500','2020-05-12 17:22:35.526516',NULL),(90,'bVfsiyCWk82LoU7lpYSzeeLVirlALu',90,5,12,'2020-05-12 17:22:35.692386','2020-05-12 17:22:35.692402',NULL),(91,'ioRBsVPmR7FkkRfJOfbAJNbHuseLSc',91,5,12,'2020-05-12 17:22:35.827713','2020-05-12 17:22:35.827730',NULL),(92,'tkfBqOawCbESWpMHzCnkiSvUPOHnqa',92,5,12,'2020-05-12 17:22:35.952137','2020-05-12 17:22:35.952152',NULL),(93,'xZWSR5uvrMFZaiJyjAsHTKIIDQpRoD',93,5,12,'2020-05-12 17:22:36.062430','2020-05-12 17:22:36.062447',NULL),(94,'zfG7njgJoyM4wOXdGCEyceQ9zhhu0D',94,5,12,'2020-05-12 17:22:36.186777','2020-05-12 17:22:36.186792',NULL),(95,'2Q1hPxG2gw9KyDINrdZIfNsVVi8GXI',95,5,12,'2020-05-12 17:22:36.294124','2020-05-12 17:22:36.294139',NULL),(96,'QcQbnUxLyxlovp59Q3ZR7KUejhdihi',96,5,12,'2020-05-12 17:22:36.402479','2020-05-12 17:22:36.402494',NULL),(97,'YNaUWxSAtwW94MimPNtmuX8gx1VlcA',97,5,12,'2020-05-12 17:22:36.534132','2020-05-12 17:22:36.534148',NULL),(98,'SO8qN1nBwTdCvlQDWnEKUY4rjNReRd',98,5,12,'2020-05-12 17:22:36.644539','2020-05-12 17:22:36.644554',NULL),(99,'bhtIQaOBA3oZpbmIqufpc43tf7J057',99,5,12,'2020-05-12 17:22:36.753152','2020-05-12 17:22:36.753167',NULL),(100,'gUYo2f6AeJ85fVqeR5tDvpWrL03et7',100,5,12,'2020-05-12 17:22:36.861149','2020-05-12 17:22:36.861164',NULL),(101,'kHrZrje5MpXro3sMWWAwYfcULnG73Z',101,5,12,'2020-05-12 17:22:36.969000','2020-05-12 17:22:36.969016',NULL),(102,'mBw2DW8r62LB8EvLiEPdimaYu2iWw4',102,5,12,'2020-05-12 17:22:37.079651','2020-05-12 17:22:37.079668',NULL),(103,'GUhQrMBC9FMpMWLlknuhzOUe6lge0f',103,5,12,'2020-05-12 17:24:26.219662','2020-05-12 17:24:26.219678',NULL),(104,'UmCN7QMbKNDPdEus3vCKVSV5EPGEcx',104,5,12,'2020-05-12 17:24:26.337918','2020-05-12 17:24:26.337933',NULL),(105,'y4EgdMmNlQ0Efm8PfXqKx4kxClm5l8',105,5,12,'2020-05-12 17:24:26.446699','2020-05-12 17:24:26.446714',NULL),(106,'jF95qZ4MMPWTjqcLaaqx83jz4J5dvM',106,5,12,'2020-05-12 17:24:26.590951','2020-05-12 17:24:26.590966',NULL),(107,'Xwxw2l78Jkn4fmG5AQMIVZvrdDqme6',107,5,12,'2020-05-12 17:24:26.697174','2020-05-12 17:24:26.697189',NULL),(108,'X9SeaQ6GSbji65GsYj1yIyePwqMgJI',108,5,12,'2020-05-12 17:24:26.806258','2020-05-12 17:24:26.806274',NULL),(109,'clzx1O0cINaPwvzPTKzzkl0YVoIrwJ',109,5,12,'2020-05-12 17:24:26.913980','2020-05-12 17:24:26.913996',NULL),(110,'gjcdGVK8WaNNOYR7huUe68O7lq9Scm',110,5,12,'2020-05-12 17:24:27.029613','2020-05-12 17:24:27.029629',NULL),(111,'xdb3PJCohODZ23uGjuEf8PfVBLTXbc',111,5,12,'2020-05-12 17:24:27.140887','2020-05-12 17:24:27.140902',NULL),(112,'RRwUuveiHQNSZdboYpJsZTocrmH0XD',112,5,12,'2020-05-12 17:24:27.249698','2020-05-12 17:24:27.249714',NULL),(113,'mepPucqePHLBhMcNiOuMKMw7OCok5V',113,5,12,'2020-05-12 17:24:27.357115','2020-05-12 17:24:27.357132',NULL),(114,'H36Q2MpQKGxKh6LQ0AnwGCJdfRfx3i',114,5,12,'2020-05-12 17:24:27.481543','2020-05-12 17:24:27.481559',NULL),(115,'9a2CqPx2eCm41qJqnL2vP4SdVrBPwz',115,5,12,'2020-05-12 17:24:27.590093','2020-05-12 17:24:27.590109',NULL),(116,'gAFuB6ybdbDuvXRn2YEnUbO1PMK7b3',116,5,12,'2020-05-12 17:24:27.775257','2020-05-12 17:24:27.775271',NULL),(117,'ayPPKNuZPvnGAOKqK5FXdqFJUkg5kM',117,5,12,'2020-05-12 17:24:27.889628','2020-05-12 17:24:27.889644',NULL),(118,'1CC7JiKjTTxqppVbKv1uUuPzQ0WeLc',118,5,12,'2020-05-12 17:24:27.998706','2020-05-12 17:24:27.998722',NULL),(119,'tV0DbhH7cSilCRqXN27qVd7iMCv7Lr',119,5,12,'2020-05-12 17:24:28.115478','2020-05-12 17:24:28.115494',NULL),(120,'7oU4DAI015cTTNhm1bd0ixPKB9pJsf',120,5,12,'2020-05-12 17:24:28.224890','2020-05-12 17:24:28.224905',NULL),(121,'4j5K9CKn7f45hLi5TALQH7nHSESprn',121,5,12,'2020-05-12 17:24:28.333582','2020-05-12 17:24:28.333600',NULL),(122,'HujClr6UKiJNdeRLIujnGEqWHyQw7r',122,5,12,'2020-05-12 17:24:28.440900','2020-05-12 17:24:28.440915',NULL),(123,'xuWxlvMALZqNBaqk0FgIsWkhyyjKXM',123,5,12,'2020-05-12 17:24:28.549104','2020-05-12 17:24:28.549120',NULL),(124,'twk0GwKghZJy3TG7Z3NuCrNM2to4F2',124,5,12,'2020-05-12 17:24:28.663731','2020-05-12 17:24:28.663747',NULL),(125,'tH5N3G9kc1jCUPqeyCFaSLXxjyaW3Q',125,5,12,'2020-05-12 17:24:28.774069','2020-05-12 17:24:28.774084',NULL),(126,'0NeYVayRJvi1bNyzdLaBctfNHA4a8b',126,5,12,'2020-05-12 17:24:28.900488','2020-05-12 17:24:28.900504',NULL),(127,'zeuOj91bEM3UJYcbcv2cDDlOJBf0yT',127,5,12,'2020-05-12 17:24:29.007287','2020-05-12 17:24:29.007302',NULL),(128,'CtQmbG5lvOvuMyRMHG3kxHL1lFzJLm',128,5,12,'2020-05-12 17:24:29.116026','2020-05-12 17:24:29.116042',NULL),(129,'sU2kzBR3Qe8sMcaiNebcsnjj0boUhV',129,5,12,'2020-05-12 17:24:29.224093','2020-05-12 17:24:29.224109',NULL),(130,'5zoIBmN2nubFpOCS6XD0dYEBJxEqKZ',130,5,12,'2020-05-12 17:24:29.334630','2020-05-12 17:24:29.334647',NULL),(131,'MTWDPDGUSSiHB1IcBjB2pKqIftw6jn',131,5,12,'2020-05-12 17:24:29.448634','2020-05-12 17:24:29.448650',NULL),(132,'0tlo6xW6IfWHWMjJAIvDp5MioAiHdQ',132,5,12,'2020-05-12 17:24:29.574906','2020-05-12 17:24:29.574921',NULL),(133,'rz1cPZvgoqPZN5vVeqOiwX0TgfTjYA',133,5,12,'2020-05-12 17:24:29.683460','2020-05-12 17:24:29.683476',NULL),(134,'JzbJsyxH9TSzUSIwAmT6KOuFaWw14k',134,5,12,'2020-05-12 17:24:29.791716','2020-05-12 17:24:29.791731',NULL),(135,'JiZBfT09drmqgmLgwk8V3HmtsQamUY',135,5,12,'2020-05-12 17:24:29.899942','2020-05-12 17:24:29.899958',NULL),(136,'fMPPyLOscI9ZNiNwKtgfGfmCxeCahB',136,5,12,'2020-05-12 17:24:30.008588','2020-05-12 17:24:30.008604',NULL),(137,'vTbh37CYSpBwvhaXcgimOzL37AuHPj',137,5,12,'2020-05-12 17:24:30.118450','2020-05-12 17:24:30.118465',NULL),(138,'DsW2FsYbFA53Qs9TPQYfITuywNrgMz',138,5,12,'2020-05-12 17:24:30.233579','2020-05-12 17:24:30.233594',NULL),(139,'LclUINWGJ6U9yPIEZ0ihcJypTAWNbD',139,5,12,'2020-05-12 17:24:30.344601','2020-05-12 17:24:30.344618',NULL),(140,'IanfxBD9F4XpjiDwyh3b9g1wyZIzQS',140,5,12,'2020-05-12 17:24:30.460443','2020-05-12 17:24:30.460459',NULL),(141,'kX4S1eyDjJkYWbULFieZYZmNaH6GwP',141,5,12,'2020-05-12 17:24:30.577203','2020-05-12 17:24:30.577218',NULL),(142,'gXmHALRlqEkPQVrkNEEcROIQ2aALQR',142,5,12,'2020-05-12 17:24:30.684376','2020-05-12 17:24:30.684391',NULL),(143,'MWpO1GZC32jriJ5pbjQ4GPF8RlSpA6',143,5,12,'2020-05-12 17:24:30.792983','2020-05-12 17:24:30.792999',NULL),(144,'4iZWyzqXMKNv7pEk0xbJ5hKxoiKtV9',144,5,12,'2020-05-12 17:24:30.900950','2020-05-12 17:24:30.900966',NULL),(145,'bNhlJQQ1viGNAd3Xc5zxSIiNHsjJOZ',145,5,12,'2020-05-12 17:24:31.016946','2020-05-12 17:24:31.016962',NULL),(146,'vWbXSBLaEWk8bhbwDq7MvUKvHmD4EU',146,5,12,'2020-05-12 17:24:31.126706','2020-05-12 17:24:31.126722',NULL),(147,'bzKaWmzD2vm9g2wZjALS761AeWRDG8',147,5,12,'2020-05-12 17:24:31.235307','2020-05-12 17:24:31.235321',NULL),(148,'CXzFOgRyW9WwGcT8Tl5VC4baLJ7viT',148,5,12,'2020-05-12 17:24:31.345471','2020-05-12 17:24:31.345488',NULL),(149,'n8C1p5A8lCpVxUxLeUbpDZ0H2moH4H',149,5,12,'2020-05-12 17:24:31.511517','2020-05-12 17:24:31.511534',NULL),(150,'JYqhwqmivaXJTxvJK4qluxY5sNm3Sz',150,5,12,'2020-05-12 17:24:31.627674','2020-05-12 17:24:31.627691',NULL),(151,'REaG0LwaiZxH7B74qaeaBDYHcPUfrW',151,5,12,'2020-05-12 17:24:31.744734','2020-05-12 17:24:31.744750',NULL),(152,'pw5Tyz75iDii0Zl33wLQN2HKOjXDlH',152,5,12,'2020-05-12 17:24:31.860753','2020-05-12 17:24:31.860768',NULL),(153,'2Ujw1SUsiLqFiXVDxvu1U5MORmd7IT',153,5,12,'2020-05-12 17:24:31.975782','2020-05-12 17:24:31.975798',NULL),(154,'h9l06LHWdWJ5mYEPFyuA6tOT02mOiO',154,5,12,'2020-05-12 17:24:32.152000','2020-05-12 17:24:32.152015',NULL),(155,'pf7TwtaaSVJTDYkB8ytrn7BqmbhKDt',155,5,12,'2020-05-12 17:24:32.261050','2020-05-12 17:24:32.261067',NULL),(156,'sn63dhTdtylu6BDvVGVUmuD0FDeHOz',156,5,12,'2020-05-12 17:24:32.395394','2020-05-12 17:24:32.395411',NULL),(157,'utzHm1D9zcMRr8j9g0vi4Kb5JFBb7k',157,5,12,'2020-05-12 17:24:32.503687','2020-05-12 17:24:32.503705',NULL),(158,'rG11nWAbvVABbXJUZyUbraiJo8ans6',158,5,12,'2020-05-12 17:24:32.628596','2020-05-12 17:24:32.628611',NULL),(159,'hQFHg9MiOfnwsQXkTSuSCWhhLCaJII',159,5,12,'2020-05-12 17:24:32.745105','2020-05-12 17:24:32.745122',NULL),(160,'BK7cwDREkbVXp2HVj2ZfirZDdVlbMZ',160,5,12,'2020-05-12 17:24:32.860716','2020-05-12 17:24:32.860733',NULL),(161,'gUfRKCfBjRYNo6Has4obxnKZluORAm',161,5,12,'2020-05-12 17:24:32.970228','2020-05-12 17:24:32.970243',NULL),(162,'2XC5eqmP3FCCVagBGBEpEODwy5cjr3',162,5,12,'2020-05-12 17:24:33.086721','2020-05-12 17:24:33.086737',NULL),(163,'YuaNG62PiYgqy3ZxbQ5GPwvc9rtvNH',163,5,12,'2020-05-12 17:24:33.195482','2020-05-12 17:24:33.195499',NULL),(164,'jZB5e6ijgR1HeWPwrvyNksug8RYMAA',164,5,12,'2020-05-12 17:24:33.303330','2020-05-12 17:24:33.303346',NULL),(165,'2SEZq3bcFrYRU0qUdfttyTnMJDvfIF',165,5,12,'2020-05-12 17:24:33.412649','2020-05-12 17:24:33.412666',NULL),(166,'6OD6minlyNwHWevq60NlOEiIJymaUj',166,5,12,'2020-05-12 17:24:58.720110','2020-05-12 17:24:58.720126',NULL),(167,'P3dDDN6ZkhSsFoqMpBKK4MnSewUEMo',167,5,12,'2020-05-12 17:24:58.813550','2020-05-12 17:24:58.813565',NULL),(168,'8bGxCeCBMCUUtC6Zoou5MDA7Cr1soa',168,5,12,'2020-05-12 17:24:58.897464','2020-05-12 17:24:58.897478',NULL),(169,'0HuGtKp7c2WUNTABPpLcJVh9JiNWc3',169,5,12,'2020-05-12 17:24:59.065914','2020-05-12 17:24:59.065932',NULL),(170,'Wp0t3jLBjI4IMBi9jnRxuOFnmXgdYm',170,5,12,'2020-05-12 17:24:59.188504','2020-05-12 17:24:59.188519',NULL),(171,'DaHhpgVeD1YiYExruYrJhzLQVYSRZU',171,5,12,'2020-05-12 17:24:59.320367','2020-05-12 17:24:59.320383',NULL),(172,'fufPF8lxA4UwiKGSMKDw7avCHqkvDC',172,5,12,'2020-05-12 17:24:59.456594','2020-05-12 17:24:59.456610',NULL),(173,'YzMiYOIyecpENwaKfdiu6RNAItYzlb',173,5,12,'2020-05-12 17:24:59.588546','2020-05-12 17:24:59.588562',NULL),(174,'OncSlQn1tZfXAOR3dOGTyPS0bxqcYM',174,5,12,'2020-05-12 17:24:59.715293','2020-05-12 17:24:59.715310',NULL),(175,'zp5PwYrzYCpToyRp20wmw7XWzQeWJw',175,5,12,'2020-05-12 17:24:59.855300','2020-05-12 17:24:59.855315',NULL),(176,'iv7S2mYvwxnfFA6rQmAJawpgwyJw3T',176,5,12,'2020-05-12 17:25:00.005953','2020-05-12 17:25:00.005970',NULL),(177,'ys2Ph6rWHjhmDpBgDABOn0SAaIlEyi',177,5,12,'2020-05-12 17:25:00.132246','2020-05-12 17:25:00.132262',NULL),(178,'Pd23W0npiFOEKkek9uw3rqdGJK3S3L',178,5,12,'2020-05-12 17:25:00.265555','2020-05-12 17:25:00.265572',NULL),(179,'1johqJqKuYNoJkPYLCPD7iUYSFrFky',179,5,12,'2020-05-12 17:25:00.412277','2020-05-12 17:25:00.412293',NULL),(180,'4BDL7x5IRPOONuuQ1QZ8QHnCSFTKq1',180,5,12,'2020-05-12 17:25:00.568094','2020-05-12 17:25:00.568110',NULL),(181,'jgcdDQNjedJOdoowYdm9KBSf4FbUVA',181,5,12,'2020-05-12 17:25:00.697838','2020-05-12 17:25:00.697854',NULL),(182,'pRPs7pLD9uEDsj82MAFM9kTKVEAx9r',182,5,12,'2020-05-12 17:25:00.848441','2020-05-12 17:25:00.848459',NULL),(183,'yAV9Fd6ZnLBvWiYQ78iTBUOuV2EEF0',183,5,12,'2020-05-12 17:25:00.995676','2020-05-12 17:25:00.995691',NULL),(184,'YSiE9ti1VcYi6E1ZdBmFFGSWb95wFL',184,5,12,'2020-05-12 17:25:01.123546','2020-05-12 17:25:01.123561',NULL),(185,'RoGrdIdOc3G6YNrhFE2gHZxcLCJqY6',185,5,12,'2020-05-12 17:25:01.264092','2020-05-12 17:25:01.264109',NULL),(186,'LdR5o9d7olkT44bNFf7Y6d2hAZhyJ4',186,5,12,'2020-05-12 17:25:01.450012','2020-05-12 17:25:01.450030',NULL),(187,'NZpeVDyqi0gOQO4TT2U0eo3pGIfg87',187,5,12,'2020-05-12 17:25:01.811719','2020-05-12 17:25:01.811737',NULL),(188,'w7Txm9OS1S1WPGxnHv92shocyhYJfq',188,5,12,'2020-05-12 17:25:01.958833','2020-05-12 17:25:01.958848',NULL),(189,'nzQu78bchNNMKcxs6vEGEqT05anMAU',189,5,12,'2020-05-12 17:25:02.091349','2020-05-12 17:25:02.091386',NULL),(190,'rAkfEEtjCcWp3pB3lLlJrj1sM5Cf9b',190,5,12,'2020-05-12 17:25:02.233515','2020-05-12 17:25:02.233530',NULL),(191,'XTNvUK3ETKLoE7t7axy2HRbvWR0I66',191,5,12,'2020-05-12 17:25:02.375084','2020-05-12 17:25:02.375100',NULL),(192,'JPTMMl0r5o8zcC7usI9oCaAHUGM1Y5',192,5,12,'2020-05-12 17:25:02.510067','2020-05-12 17:25:02.510086',NULL),(193,'TPsaH9LQFCwOtSffuhqjn2FBLkj541',193,5,12,'2020-05-12 17:25:02.643651','2020-05-12 17:25:02.643668',NULL),(194,'vKQ1XOinfEpeKALzw3zt7HLxVxkSAH',194,5,12,'2020-05-12 17:25:02.784333','2020-05-12 17:25:02.784353',NULL),(195,'sTkk0eet51oDBmFYGfwutoGOoYWvZi',195,5,12,'2020-05-12 17:25:02.927859','2020-05-12 17:25:02.927876',NULL),(196,'neFg5g8SM765Rk8AwufHp1yFmzC4LC',196,5,12,'2020-05-12 17:25:03.059292','2020-05-12 17:25:03.059308',NULL),(197,'LZssZrVYG4A1RcNpnyCZNwu7aFc6oC',197,5,12,'2020-05-12 17:25:03.193072','2020-05-12 17:25:03.193089',NULL),(198,'8sn9bcbI4JorDOFB9J2LvVBubyyKmF',198,5,12,'2020-05-12 17:25:03.335743','2020-05-12 17:25:03.335759',NULL),(199,'AHVzamBiA1uPa1CiQnArxFKsQxWqPu',199,5,12,'2020-05-12 17:25:03.476371','2020-05-12 17:25:03.476387',NULL),(200,'W7BZvsk9Hi7G8L2Jnk8Zlf2I3NBCFP',200,5,12,'2020-05-12 17:25:03.629675','2020-05-12 17:25:03.629693',NULL),(201,'scyZlw3mdCZFLcTsWbt85W3WZ4OoF7',201,5,12,'2020-05-12 17:25:03.768009','2020-05-12 17:25:03.768025',NULL),(202,'eZUYdsV5DDLRd9eqSfAN20Sowv09W8',202,5,12,'2020-05-12 17:25:03.934394','2020-05-12 17:25:03.934409',NULL),(203,'A21atOobpXzwbRH5wK7QRu0TePRwAO',203,5,12,'2020-05-12 17:25:04.069523','2020-05-12 17:25:04.069540',NULL),(204,'cuC6L0sL7Sx909CPRdQnUiIbvOCvay',204,5,12,'2020-05-12 17:25:04.211410','2020-05-12 17:25:04.211426',NULL),(205,'JtaSmLxvvnsqiaSRDDVGE7WxqQedX0',205,5,12,'2020-05-12 17:25:04.344858','2020-05-12 17:25:04.344874',NULL),(206,'8eus3VP1VNmspBPvkJkwDyVINhsRqg',206,5,12,'2020-05-12 17:25:04.485708','2020-05-12 17:25:04.485725',NULL),(207,'r73TKWn3qa9ffX2UfMjyR0M60XCkHa',207,5,12,'2020-05-12 17:25:04.629577','2020-05-12 17:25:04.629593',NULL),(208,'7DJydHkzcINtU9q1yC79jGxR2bICBR',208,5,12,'2020-05-12 17:25:04.762535','2020-05-12 17:25:04.762551',NULL),(209,'bGrdeRvmuUWS2Wf83KfzuJeMz7lFi8',209,5,12,'2020-05-12 17:25:04.894541','2020-05-12 17:25:04.894556',NULL),(210,'gz5JdX0K4X71l0xcXFWuX6uCtgwAIK',210,5,12,'2020-05-12 17:25:05.037171','2020-05-12 17:25:05.037187',NULL),(211,'cnqr8Okk5wCCUPUH4Gi5iXUlejUhcW',211,5,12,'2020-05-12 17:25:05.255901','2020-05-12 17:25:05.255916',NULL),(212,'PjhA2jspl8zSxUEFaxJ1yAwtMJUaeI',212,5,12,'2020-05-12 17:25:05.345844','2020-05-12 17:25:05.345861',NULL),(213,'669tioDtR3pMpCu6Pi1SVLYRIbgWmr',213,5,12,'2020-05-12 17:25:05.478308','2020-05-12 17:25:05.478324',NULL),(214,'BNXzbe5FXTx68tjKuqlyZGmU1doWs1',214,5,12,'2020-05-12 17:25:05.630036','2020-05-12 17:25:05.630053',NULL),(215,'B0sRuPcMIfOZEcoIFmAdgEDrt5FTnc',215,5,12,'2020-05-12 17:25:05.788211','2020-05-12 17:25:05.788227',NULL),(216,'2nNWwsrdl8I1S6SGVUxnZoGV3yDeBh',216,5,12,'2020-05-12 17:25:05.938328','2020-05-12 17:25:05.938344',NULL),(217,'V1fUpRtjWonmugUHQinwBHykJqSeGv',217,5,12,'2020-05-12 17:25:06.118341','2020-05-12 17:25:06.118364',NULL),(218,'WFHtWUYnTQf6XDkeOIWXNmk2yD7kAo',218,5,12,'2020-05-12 17:25:06.254582','2020-05-12 17:25:06.254598',NULL),(219,'8aMUPdVuAGdesn3EYuTER2vRlPoTLD',219,5,12,'2020-05-12 17:25:06.420180','2020-05-12 17:25:06.420196',NULL),(220,'FnjGzGciovUoCTSpUFgTREzJrKVcID',220,5,12,'2020-05-12 17:25:06.610435','2020-05-12 17:25:06.610452',NULL),(221,'bgdL4k3P9joOlGEJEDGGJXlLGcW6If',221,5,12,'2020-05-12 17:25:06.750435','2020-05-12 17:25:06.750451',NULL),(222,'tazTGR4KqAiOrL6H3RmPj6LxXwYe56',222,5,12,'2020-05-12 17:25:06.902294','2020-05-12 17:25:06.902311',NULL),(223,'vOKh0m566E3s464SEHy6rNj4YFfi2V',223,5,12,'2020-05-12 17:25:07.047051','2020-05-12 17:25:07.047068',NULL),(224,'GMdtSoYVqddbFN2QsfLMgFRrwputV5',224,5,12,'2020-05-12 17:25:07.196178','2020-05-12 17:25:07.196194',NULL),(225,'5mj1n9VgZndvenYjEknsmUs3UGgqy7',225,5,12,'2020-05-12 17:25:07.331653','2020-05-12 17:25:07.331670',NULL),(226,'zuQEefni5eDBkq8LMUS54XPygyRQfB',226,5,12,'2020-05-12 17:25:07.463765','2020-05-12 17:25:07.463781',NULL),(227,'JEybcimCTTC2LjF0reCAj7U7swmvVJ',227,5,12,'2020-05-12 17:25:07.630339','2020-05-12 17:25:07.630360',NULL),(228,'MCG2hdISRnLASZqz8nXmTwdaCnMQ8H',228,5,12,'2020-05-12 17:25:07.765685','2020-05-12 17:25:07.765701',NULL),(229,'3MIvxx3XFb6vdqIeKwcEeXOgvjiVAd',229,5,12,'2020-05-12 17:26:25.122652','2020-05-12 17:26:25.122668',NULL),(230,'5wjvTbJwibW9b3urDIQfJq2ZbpiXqE',230,5,12,'2020-05-12 17:26:25.229097','2020-05-12 17:26:25.229112',NULL),(231,'Oj7TVpBHedg7Uq5x7iYPNennnz4I5c',231,5,12,'2020-05-12 17:26:25.329777','2020-05-12 17:26:25.329792',NULL),(232,'5J9ghRI7tGwTYRcoSiTONmbWdTZEjP',232,5,12,'2020-05-12 17:26:27.376753','2020-05-12 17:26:27.376769',NULL),(233,'weDaqXQKKvK3PChwqsauDeEbeA1lnN',233,5,12,'2020-05-12 17:26:40.245122','2020-05-12 17:26:40.245138',NULL),(234,'QmJ6Ygnk0oC1LpVK1pWlVOVkVWptwa',234,5,12,'2020-05-12 17:26:40.352387','2020-05-12 17:26:40.352403',NULL),(235,'y2lSKxLfZ5iuvUl8FUsJ5h74dZBvKh',235,5,12,'2020-05-12 17:26:40.443959','2020-05-12 17:26:40.443973',NULL),(236,'UkwqcbNDjYaCeBYpOHbTNGzoPd7zp9',236,5,12,'2020-05-12 17:26:42.515704','2020-05-12 17:26:42.515722',NULL),(237,'2KXNnhfz4N2ws1eSwrgWkBxXFO1vJB',237,5,12,'2020-05-12 17:26:47.616300','2020-05-12 17:26:47.616317',NULL),(238,'fSc5flwmslzAOHgf9bwfgOlZAs19x8',238,5,12,'2020-05-12 17:26:47.698713','2020-05-12 17:26:47.698729',NULL),(239,'PLZ8JVbxBsFRXiddyjgCt2X4fpIfOm',239,5,12,'2020-05-12 17:26:47.799168','2020-05-12 17:26:47.799184',NULL),(240,'hpSowvLgxokvPRHs5mJ9Smc5fm4in3',240,5,12,'2020-05-12 17:26:49.858715','2020-05-12 17:26:49.858730',NULL),(241,'aT29RH4RDi21RPbe8363UPCdDrahIs',241,5,12,'2020-05-12 17:26:51.901659','2020-05-12 17:26:51.901677',NULL),(242,'dVKNYyaSchrLnZiWEsv2fBms6uMPbb',242,5,12,'2020-05-12 17:26:53.946254','2020-05-12 17:26:53.946270',NULL),(243,'c4zHE7HSFTYoJsfYm3HnMu8WRItVuq',243,5,12,'2020-05-12 17:26:57.962863','2020-05-12 17:26:57.962878',NULL),(244,'3wXBBBS1LqxidIpeSmymq1mAHAmiYv',244,5,12,'2020-05-12 17:27:03.931884','2020-05-12 17:27:03.931900',NULL),(245,'JIJkTE9JJE48OXemaD6UH4W3zHNHst',245,5,12,'2020-05-12 17:27:06.179927','2020-05-12 17:27:06.179943',NULL),(246,'0Ye9LQZSH47SCV14qK1KCRd4rccDo6',246,5,12,'2020-05-12 17:27:06.275606','2020-05-12 17:27:06.275621',NULL),(247,'IrcLmdp4cgtnTAyiQdpGL28KXCzvX1',247,5,12,'2020-05-12 17:27:06.806049','2020-05-12 17:27:06.806065',NULL),(248,'ntCG2QAvNWWc3auwnoZrLr6cUlerDw',248,5,12,'2020-05-12 17:27:07.353246','2020-05-12 17:27:07.353262',NULL),(249,'DZF9oFZe8ROpJgdwdV44C3sBBRbP2r',249,5,12,'2020-05-12 17:27:08.305465','2020-05-12 17:27:08.305481',NULL),(250,'8gaiB8ZGpGD8ZzEQ2Z1EE3cDj29kPT',250,5,12,'2020-05-12 17:27:08.627337','2020-05-12 17:27:08.627356',NULL),(251,'UbQBol6MIaz2ACD8RxTLjt2ni4Xy4H',251,5,12,'2020-05-12 17:27:08.975278','2020-05-12 17:27:08.975294',NULL),(252,'tU5yMKTuYQgJRjOTDG2DN4MiMao3DD',252,5,12,'2020-05-12 17:27:09.520765','2020-05-12 17:27:09.520781',NULL),(253,'wJzxaHWpdb9v3rs9bstIcmLvH0fqHF',253,5,12,'2020-05-12 17:27:09.977722','2020-05-12 17:27:09.977738',NULL),(254,'wLJXxnQXLlzTN7GFdyCc3Q8w0iVBk8',254,5,12,'2020-05-12 17:27:10.330073','2020-05-12 17:27:10.330088',NULL),(255,'tilouCQueyC4QeMDjFC3zchkZya3wR',255,5,12,'2020-05-12 17:27:10.704572','2020-05-12 17:27:10.704589',NULL),(256,'WVRiJWrxKjgPu1mcesEMdOhTDGcKrd',256,5,12,'2020-05-12 17:27:11.368987','2020-05-12 17:27:11.369003',NULL),(257,'BtZAv1Taf5GgwahSQtne67KmSxhVzQ',257,5,12,'2020-05-12 17:27:11.478077','2020-05-12 17:27:11.478092',NULL),(258,'u64JtkZAIAZWLCmEDbBkkebTdo7W14',258,5,12,'2020-05-12 17:27:13.751372','2020-05-12 17:27:13.751387',NULL),(259,'hjMg4b8bc5dkBOoiY87pxW4Q7CU4tk',259,5,12,'2020-05-12 17:27:16.255104','2020-05-12 17:27:16.255118',NULL),(260,'xmumSql6ItxW32dTMdyCQRCrSheiam',260,5,12,'2020-05-12 17:27:17.052363','2020-05-12 17:27:17.052380',NULL),(261,'oI8VSpFawpeXyoDJNKm9j4yzvyQwYE',261,5,12,'2020-05-12 17:27:18.232979','2020-05-12 17:27:18.232996',NULL),(262,'D0ohOK07bh1QcOL8UrYydEUO5szBS3',262,5,12,'2020-05-12 17:27:18.334014','2020-05-12 17:27:18.334031',NULL),(263,'CCQYkxuS3vW97euqReQyeAERuDFZgM',263,5,12,'2020-05-12 17:27:18.457146','2020-05-12 17:27:18.457161',NULL),(264,'W1T7zTEURa1GYoNco9pM2EUVge7nAl',264,5,12,'2020-05-12 17:27:18.557805','2020-05-12 17:27:18.557820',NULL),(265,'oXj70d6zUTeOTuj5gfksNJWqxYFOaU',265,5,12,'2020-05-12 17:27:18.659241','2020-05-12 17:27:18.659257',NULL),(266,'j2v2XnhwYrujS2uWfW1l8YVQ8Ja952',266,5,12,'2020-05-12 17:27:18.805576','2020-05-12 17:27:18.805593',NULL),(267,'8iDHMfOLkEiI8mrkM22QX2OgzoTASv',267,5,12,'2020-05-12 17:27:18.908731','2020-05-12 17:27:18.908747',NULL),(268,'odFrnU7WZOK8MvT0H5LvrrKaYXEU5m',268,5,12,'2020-05-12 17:27:20.991694','2020-05-12 17:27:20.991711',NULL),(269,'kRoUgZvO4jDh0pT2OodSEjEzywmMzN',269,5,12,'2020-05-12 17:27:21.093146','2020-05-12 17:27:21.093161',NULL),(270,'13jBqiWUXjid7MF5T1ZKPd8JKisEbZ',270,5,12,'2020-05-12 17:27:21.194036','2020-05-12 17:27:21.194052',NULL),(271,'gIqo2gzw6UvxN3f1zscpcz7L0Qr9Z5',271,5,12,'2020-05-12 17:27:21.293814','2020-05-12 17:27:21.293829',NULL),(272,'mnOsrce2yD0FxH3myu3IUrdmbv9hUc',272,5,12,'2020-05-12 17:27:21.394141','2020-05-12 17:27:21.394158',NULL),(273,'HhcIW2Czh7mxrKCKfR46YlO2Odf5n2',273,5,12,'2020-05-12 17:27:21.494703','2020-05-12 17:27:21.494720',NULL),(274,'xili6qawcumAayClVMnFJ3Roaq3O5i',274,5,12,'2020-05-12 17:27:21.602902','2020-05-12 17:27:21.602918',NULL),(275,'f1SIA0bx9EDNvGLToGPazRE9DpAg8p',275,5,12,'2020-05-12 17:27:21.702651','2020-05-12 17:27:21.702666',NULL),(276,'5JyznvVycpVb7DgAyT7vz5NWX6uykK',276,5,12,'2020-05-12 17:27:22.027942','2020-05-12 17:27:22.027958',NULL),(277,'rwVJOopcjRyNfqgFJAW7Rua5yu782e',277,5,12,'2020-05-12 17:27:22.559118','2020-05-12 17:27:22.559135',NULL),(278,'v7hUaLFUKFzRfU0C8oENguVOGBh3ZB',278,5,12,'2020-05-12 17:27:23.110636','2020-05-12 17:27:23.110652',NULL),(279,'R9gRhq4cWPdrLXTMzJlyX3gmWK8afd',279,5,12,'2020-05-12 17:27:23.643565','2020-05-12 17:27:23.643581',NULL),(280,'gZ6M6ntnwBGokGpURBKIonh2TifWHP',280,5,12,'2020-05-12 17:27:25.734322','2020-05-12 17:27:25.734338',NULL),(281,'7PA8QMxkznbjwDOsiKjLl4ah0K5g4j',281,5,12,'2020-05-12 17:27:29.066203','2020-05-12 17:27:29.066219',NULL),(282,'rvJR3QKkjoMHJQhtEyjzPGNZxRbz5K',282,5,12,'2020-05-12 17:27:30.929089','2020-05-12 17:27:30.929105',NULL),(283,'DaJRfFeIZYaFGtHzENOVd7erDgI9uR',283,5,12,'2020-05-12 17:27:31.024083','2020-05-12 17:27:31.024099',NULL),(284,'5xKSY6j2x2jjItmM4x2kbnvqMsTx8X',284,5,12,'2020-05-12 17:27:31.115637','2020-05-12 17:27:31.115654',NULL),(285,'butrZCKx6mIJovniy8YlpXMoPYZvRs',285,5,12,'2020-05-12 17:27:31.215727','2020-05-12 17:27:31.215744',NULL),(286,'QOFcZjeSUlB5Ic5frB7JMJzniF7e8G',286,5,12,'2020-05-12 17:27:35.280167','2020-05-12 17:27:35.280182',NULL),(287,'1ORAyHUPKqG9Fb9HRtVDwJlw1eLlY5',287,5,12,'2020-05-12 17:27:39.272523','2020-05-12 17:27:39.272538',NULL),(288,'o0lCY9dRRBGYZbTX0Nz1hbQPT96rTT',288,5,12,'2020-05-12 17:27:43.282207','2020-05-12 17:27:43.282222',NULL),(289,'Z5mCO1zxeCkAM7qrob5E22Dpm6nuFU',289,5,12,'2020-05-12 17:27:47.292604','2020-05-12 17:27:47.292621',NULL),(290,'FLELiwUOt70F52eIIs3b9VnSuHlNBs',290,5,12,'2020-05-12 17:27:55.007694','2020-05-12 17:27:55.007710',NULL),(291,'sRVab8XxCqDvIEZx6DSXxST8LRvCzu',291,5,12,'2020-05-12 17:28:02.662527','2020-05-12 17:28:02.662543',NULL),(292,'0ZqkhKJ3F56OYYrsM6GrfQVw54hODm',292,5,12,'2020-05-12 17:28:10.326446','2020-05-12 17:28:10.326463',NULL),(293,'E0I9PKB5K4MZ5o1PL46Xd4qYsdSZzB',293,5,12,'2020-05-12 17:28:18.002384','2020-05-12 17:28:18.002400',NULL),(294,'nKKKS1YscVVsuVLzyyI5D61MNlotrB',294,5,12,'2020-05-12 17:28:22.001016','2020-05-12 17:28:22.001031',NULL),(295,'pBvibTfqcloxozA59ymyePdEGoNodb',295,5,12,'2020-05-12 17:28:33.342640','2020-05-12 17:28:33.342656',NULL),(296,'0aD1tqvfrZ0INUMlIVxFeAi956kNAS',296,5,12,'2020-05-12 17:28:37.355420','2020-05-12 17:28:37.355435',NULL),(297,'fZJxHJNJT2Qwe4hgqyJUo4nsFFjv42',297,5,12,'2020-05-12 17:28:41.352897','2020-05-12 17:28:41.352914',NULL),(298,'qKCtc58SsqbPhOB2TgWf2esuLVp9TH',298,5,12,'2020-05-12 17:28:45.354435','2020-05-12 17:28:45.354451',NULL),(299,'WFBkWL9JyjrDWLkFwb8U5SYsLe4LRt',299,5,12,'2020-05-12 17:28:49.365477','2020-05-12 17:28:49.365492',NULL),(300,'RIsnXqxYE8fndb44NmqZdgadgzgQ3m',300,5,12,'2020-05-12 17:29:29.659756','2020-05-12 17:29:29.659771',NULL),(301,'SX957mexfqdnXhWgCb2a7aongQcRmT',301,5,12,'2020-05-12 17:29:29.762583','2020-05-12 17:29:29.762599',NULL),(302,'sDNzFfnNvSLuzXo1ktFvIyATqZKS1S',302,5,12,'2020-05-12 17:29:29.855884','2020-05-12 17:29:29.855901',NULL),(303,'LEr38j3X78O0KazyKDCzS7eCYvaVHP',303,5,12,'2020-05-12 17:29:31.934012','2020-05-12 17:29:31.934029',NULL),(304,'VyRPhl1ZEjJDWytZ975TCnlLI3tIOM',304,5,12,'2020-05-12 17:29:34.067220','2020-05-12 17:29:34.067235',NULL),(305,'LraIxRDKrdVmRg3TkAksU4yvPC8t8D',305,5,12,'2020-05-12 17:29:36.126947','2020-05-12 17:29:36.126963',NULL),(306,'t8eablALW81ixDdb2Y1JrSjEe9aX2h',306,5,12,'2020-05-12 17:29:40.123415','2020-05-12 17:29:40.123430',NULL),(307,'KhClZPr0X6yuInNkSQo42mCevCNXpK',307,5,12,'2020-05-12 17:29:46.058743','2020-05-12 17:29:46.058759',NULL),(308,'RAV1QIj98uDshCRHPdP1jxnzBn1iUa',308,5,12,'2020-05-12 17:29:48.345773','2020-05-12 17:29:48.345790',NULL),(309,'CvEp3VnIxzKPnFGVGK7v5StzvQt6Sn',309,5,12,'2020-05-12 17:29:48.438866','2020-05-12 17:29:48.438882',NULL),(310,'4sWLCtndUoUysaeSazFfDcfmGba0Qp',310,5,12,'2020-05-12 17:29:48.998915','2020-05-12 17:29:48.998930',NULL),(311,'RTASxKPrPN2jLmitt9gSE1PXRO4UOg',311,5,12,'2020-05-12 17:29:49.529410','2020-05-12 17:29:49.529426',NULL),(312,'4V5lWsXpEK8HJYh08A34Tt19TtZbFG',312,5,12,'2020-05-12 17:29:50.498073','2020-05-12 17:29:50.498089',NULL),(313,'q3gxrIcZ97TocOiEwBS0tRtLeZMcvy',313,5,12,'2020-05-12 17:29:50.821791','2020-05-12 17:29:50.821807',NULL),(314,'lRDp5faUXk4n24YltLwXZ0hw17q0Fh',314,5,12,'2020-05-12 17:29:51.147032','2020-05-12 17:29:51.147049',NULL),(315,'jKexgOFgrdyiSUVN2X84Cvdh3H2H0e',315,5,12,'2020-05-12 17:29:51.698737','2020-05-12 17:29:51.698752',NULL),(316,'Y27tfg6f2qUn6oJrYhEbCeJ8AMvrGC',316,5,12,'2020-05-12 17:29:52.133682','2020-05-12 17:29:52.133698',NULL),(317,'EKbQwi3O0cOh1VUV0yAARI799Hw7Tf',317,5,12,'2020-05-12 17:29:52.456076','2020-05-12 17:29:52.456092',NULL),(318,'jfe6I3SJwPYI0JWzBtpQfjm1lRQtFe',318,5,12,'2020-05-12 17:29:52.795710','2020-05-12 17:29:52.795726',NULL),(319,'bVpZZ0YHr82jtU3tT3YT1BLQa0JXle',319,5,12,'2020-05-12 17:29:53.404266','2020-05-12 17:29:53.404281',NULL),(320,'ZO2W6ER3t9cDHh6M9qYRIqGY0Z4pyr',320,5,12,'2020-05-12 17:29:53.506978','2020-05-12 17:29:53.506994',NULL),(321,'vCY0h8aeAAdtiNoKHCGCGqNSVutD4r',321,5,12,'2020-05-12 17:29:55.855305','2020-05-12 17:29:55.855320',NULL),(322,'rSAUDDQrJ315ThCtDElT8PFbe2Ngmg',322,5,12,'2020-05-12 17:29:58.492787','2020-05-12 17:29:58.492804',NULL),(323,'JqPiUTraOjjTCtiNToV21cbD1SH37j',323,5,12,'2020-05-12 17:29:59.289838','2020-05-12 17:29:59.289854',NULL),(324,'LDLkjgFC2LUntDU39CDwtitJ9IA5n1',324,5,12,'2020-05-12 17:30:00.495363','2020-05-12 17:30:00.495379',NULL),(325,'XeDSkgXWHsmdYNwMQUnOgYiqiInlcl',325,5,12,'2020-05-12 17:30:00.601764','2020-05-12 17:30:00.601780',NULL),(326,'OZp91VkOQoFMlWRGmJRHkNIabnONHI',326,5,12,'2020-05-12 17:30:00.702099','2020-05-12 17:30:00.702115',NULL),(327,'y2OMOh3Ezq5w6Ii5DbsQo9meGHGq19',327,5,12,'2020-05-12 17:30:00.802500','2020-05-12 17:30:00.802515',NULL),(328,'oW9MQ6ppoEYlOXzKjp2lvMbSoLfDV4',328,5,12,'2020-05-12 17:30:00.911055','2020-05-12 17:30:00.911072',NULL),(329,'JCsDks81iu47ceYRJNwSBvmx1mC125',329,5,12,'2020-05-12 17:30:01.010637','2020-05-12 17:30:01.010653',NULL),(330,'mA32wxVIOYdU62CJKQrCZfgk5RBahv',330,5,12,'2020-05-12 17:30:01.110921','2020-05-12 17:30:01.110936',NULL),(331,'ufgI1CCNlSi9tZKamBPeVg7bhzQhcG',331,5,12,'2020-05-12 17:30:03.180229','2020-05-12 17:30:03.180245',NULL),(332,'k4DpqmZLtd9aaIZSXUvadXLvSC48dt',332,5,12,'2020-05-12 17:30:03.278944','2020-05-12 17:30:03.278959',NULL),(333,'Dd0FNJrGvQpgn3g85wq1ux1gUCQ2GV',333,5,12,'2020-05-12 17:30:03.379321','2020-05-12 17:30:03.379337',NULL),(334,'d1jULiVAffP9ND7aivEU5qps4Hrwbn',334,5,12,'2020-05-12 17:30:03.478773','2020-05-12 17:30:03.478789',NULL),(335,'wLFaOB5aypXMfdEhalFOWQ7uoWWtyH',335,5,12,'2020-05-12 17:30:03.579411','2020-05-12 17:30:03.579428',NULL),(336,'rUpbyIzCTHNutsL9GlqBOmHaTQtSmt',336,5,12,'2020-05-12 17:30:03.729687','2020-05-12 17:30:03.729703',NULL),(337,'njZ7HHEelMM3a8wd0dSoZWwALPBIsI',337,5,12,'2020-05-12 17:30:03.829455','2020-05-12 17:30:03.829470',NULL),(338,'uFPljgFvh8ZRaIh6L5KWcdRKjFIhzs',338,5,12,'2020-05-12 17:30:03.946462','2020-05-12 17:30:03.946478',NULL),(339,'TJnGd5kIcWY6jRDAAMmp74whMPoO0D',339,5,12,'2020-05-12 17:30:04.274108','2020-05-12 17:30:04.274126',NULL),(340,'obTYiYPGYUYvgMbXxPVg9kmCKLgh3I',340,5,12,'2020-05-12 17:30:04.825064','2020-05-12 17:30:04.825080',NULL),(341,'jvcyD38wJ9TGTXdq7WmZxo0VrD03NZ',341,5,12,'2020-05-12 17:30:05.376247','2020-05-12 17:30:05.376263',NULL),(342,'Pb7qjxFoLCLde1k5yC6oI7vSpKKnsg',342,5,12,'2020-05-12 17:30:05.931955','2020-05-12 17:30:05.931973',NULL),(343,'4UJEprZ8JJu42qLSN8ZWWsAnKXKRhU',343,5,12,'2020-05-12 17:30:08.040588','2020-05-12 17:30:08.040605',NULL),(344,'S9bzsR7wU1RmKGOcwnB8zzo4LccMND',344,5,12,'2020-05-12 17:30:11.396799','2020-05-12 17:30:11.396815',NULL),(345,'B3MZ12Wez61AV0dJQnRQxoZxJuaNGS',345,5,12,'2020-05-12 17:30:13.280291','2020-05-12 17:30:13.280307',NULL),(346,'xmn7n4ie6STXCvKrod0AXz6XUZX0Zw',346,5,12,'2020-05-12 17:30:13.370005','2020-05-12 17:30:13.370023',NULL),(347,'p51D1cXiUhXobJpDJdRHrvMpSP2FDw',347,5,12,'2020-05-12 17:30:13.482061','2020-05-12 17:30:13.482077',NULL),(348,'pMwVr56NSvn7rPEoiopoObQCiY6u0P',348,5,12,'2020-05-12 17:30:13.585418','2020-05-12 17:30:13.585434',NULL),(349,'JJv30wE6GcIeUbPQ9MKZVzuIhytZU0',349,5,12,'2020-05-12 17:30:17.706899','2020-05-12 17:30:17.706914',NULL),(350,'ZojdGv4bh1SR7pOgIQ12Um8rAorMJX',350,5,12,'2020-05-12 17:30:21.695484','2020-05-12 17:30:21.695500',NULL),(351,'c471QWl3n2yWIjGSu2xPVNqDlCGKqz',351,5,12,'2020-05-12 17:30:25.704132','2020-05-12 17:30:25.704149',NULL),(352,'wngI435o0goZvL9Z39N40MH2iZFj8P',352,5,12,'2020-05-12 17:30:29.712790','2020-05-12 17:30:29.712807',NULL),(353,'Mf57bVQKBWpFZAdbPSb3NzsZkhAb4U',353,5,12,'2020-05-12 17:30:37.485852','2020-05-12 17:30:37.485869',NULL),(354,'Lujfu7UFYjagKiZXQR4WPR4F0sdGtE',354,5,12,'2020-05-12 17:30:45.239049','2020-05-12 17:30:45.239067',NULL),(355,'hHhEpLQBV2hEQQn4yLEfrYzvCwP2Ti',355,5,12,'2020-05-12 17:30:52.991846','2020-05-12 17:30:52.991864',NULL),(356,'KP8KZRchexgbW2CZgQqZlGZWe23rDx',356,5,12,'2020-05-12 17:31:00.756616','2020-05-12 17:31:00.756631',NULL),(357,'Z8aBN9XO3uPio9Uycc8lV5t2SBwxSh',357,5,12,'2020-05-12 17:31:04.777685','2020-05-12 17:31:04.777700',NULL),(358,'ZABLViaW5op9RG80WFOVOxGwMLplpJ',358,5,12,'2020-05-12 17:31:16.168217','2020-05-12 17:31:16.168233',NULL),(359,'mTgxIv3FwF5LiXOMXXDaZdgEckQg0H',359,5,12,'2020-05-12 17:31:20.252296','2020-05-12 17:31:20.252313',NULL),(360,'0gVZVDtJkMtGuJiB4pWy15Fa63wrV2',360,5,12,'2020-05-12 17:31:24.293975','2020-05-12 17:31:24.293990',NULL),(361,'QJjLnO0Y0LWs4BXz49NHOhgj50teR0',361,5,12,'2020-05-12 17:31:28.397508','2020-05-12 17:31:28.397524',NULL),(362,'ZMdbczryZEddJO4qmiXTRBPVy5TqUI',362,5,12,'2020-05-12 17:31:32.480578','2020-05-12 17:31:32.480593',NULL),(363,'s64v5xYvoga9yO8aexPWbv8CsaenOB',363,5,12,'2020-05-12 17:33:53.806381','2020-05-12 17:33:53.806397',NULL),(364,'M4kfjoPWT9EEWPFC0ffa6btjZA4PRS',364,5,12,'2020-05-12 17:37:25.932884','2020-05-12 17:37:25.932899',NULL),(365,'3BmItwsvBhYmjK5kX8Acmn2zlxmjgL',365,5,12,'2020-05-12 17:43:39.880638','2020-05-12 17:43:39.880653',NULL),(366,'E7nuaE28pbMZ8NrnDBEmETobFV3KaC',366,5,12,'2020-05-12 17:45:24.787842','2020-05-12 17:45:24.787862',NULL),(367,'xJ7FVbJzSyoutp9bNNFOfvLUiV0VKW',367,5,12,'2020-05-12 17:48:46.167663','2020-05-12 17:48:46.167678',NULL),(368,'j66T5ahQpO6RxhU23NRRrW4Xlei2aB',368,5,12,'2020-05-12 17:50:38.256856','2020-05-12 17:50:38.256871',NULL),(369,'jGKhuelKhAU44gnGtH3VBiIS6mfSg5',369,5,12,'2020-05-12 18:17:54.075033','2020-05-12 18:17:54.075047',NULL),(370,'DhN2zc4fKjuFIDjEuhfqh7E5CSpCkl',370,5,12,'2020-05-12 18:19:08.448242','2020-05-12 18:19:08.448256',NULL),(371,'SJJ3hQGcg2JYMBtA0gPGd11PgLsvY9',371,5,12,'2020-05-12 18:20:38.906369','2020-05-12 18:20:38.906386',NULL),(372,'UWk7hu3jd3xoxB3B1bsTvdTD5FkZMs',372,5,12,'2020-05-12 18:22:34.237996','2020-05-12 18:22:34.238012',NULL),(373,'s8wKAa9HZJoJ06tjwynzVojcXOHl0r',373,5,12,'2020-05-12 18:24:09.818708','2020-05-12 18:24:09.818724',NULL),(374,'RVvQzV2LPb6SFbQGGinhHVJprkJDIi',374,5,12,'2020-05-12 18:24:43.055340','2020-05-12 18:24:43.055357',NULL),(375,'pPDO9DzNqXheRUuuUxJv1sm8KBpq3z',375,5,12,'2020-05-12 18:25:12.740091','2020-05-12 18:25:12.740108',NULL),(376,'yDdiUHyasS4DYEjcoD3kn5hxSTtWos',376,5,12,'2020-05-12 18:25:33.700876','2020-05-12 18:25:33.700890',NULL),(377,'KdamhsDGMKb0EikxOkMdmIGDzuVGqr',377,5,12,'2020-05-12 18:26:23.477104','2020-05-12 18:26:23.477119',NULL),(378,'gdycc8LsVvViRKvUi5Yu6NyRIHXaQ9',378,5,12,'2020-05-12 18:27:44.669062','2020-05-12 18:27:44.669078',NULL),(379,'cfAHv7a2nECHDl2P3H1uLwbbFhwjp4',379,1,12,'2020-05-12 22:25:02.139819','2020-05-12 22:25:02.139835',NULL),(380,'rOCnKwomQMgt1DkS8NRAzW7cDoFXWr',380,1,12,'2020-05-12 22:25:09.337300','2020-05-12 22:25:09.337315',NULL),(381,'1yuKRpagRd3zNfaYa6wrSHVz9X7DnV',381,1,12,'2020-05-12 22:25:59.258726','2020-05-12 22:25:59.258743',NULL),(382,'FsJhLSnQbDqkWDSSIgf5lYrTRxsIct',NULL,1,12,'2020-05-12 22:26:21.014565','2020-05-12 22:26:22.393197','2020-05-12 22:26:22.393139'),(383,'OWO9EUAjwF747u1P9d51rZKbTYwQOs',NULL,1,12,'2020-05-12 22:26:22.394318','2020-05-12 22:26:23.781951','2020-05-12 22:26:23.781896'),(384,'huO0yoAIdhwTSxyZRe9HXJE9oxBqhQ',NULL,1,12,'2020-05-12 22:26:23.783042','2020-05-12 22:26:25.597913','2020-05-12 22:26:25.597855'),(385,'joNkfmzT4mbJgXui8w9qOrRVau49re',385,1,12,'2020-05-12 22:26:25.599016','2020-05-12 22:26:25.599031',NULL),(386,'hurny5c3yfVxyExHk5OpspsAm0A9HS',386,5,12,'2020-05-13 01:19:25.756573','2020-05-13 01:19:25.756587',NULL),(387,'R36RXpIR01RS1ipmGrpRpLWSbVbWJj',387,5,12,'2020-05-13 01:19:41.594227','2020-05-13 01:19:41.594242',NULL),(388,'XeFJZRuG8bbqJhkIAYzUrd1PVySYcu',388,5,12,'2020-05-14 16:36:08.623000','2020-05-14 16:36:08.623016',NULL),(389,'WEuYnHLuAPyPRwydVFhZmctYnzTjy1',389,5,12,'2020-05-14 16:38:17.880583','2020-05-14 16:38:17.880597',NULL),(390,'5q0KIJLr4l0256Kgh6k6aUWaLXmVi0',390,5,12,'2020-05-14 16:39:10.652692','2020-05-14 16:39:10.652707',NULL),(391,'XYWtHYKEeCTg7OsOmiPf7GmkPKbm7y',391,5,12,'2020-05-14 16:39:45.417278','2020-05-14 16:39:45.417293',NULL),(392,'WmiCo6XlrRRwgKKiNJrDRORm70WcVn',392,5,12,'2020-05-14 16:42:41.907856','2020-05-14 16:42:41.907870',NULL),(393,'ZE8h7jHgXAc1SFO59Ud0NcXyLoyIuj',393,5,12,'2020-05-14 16:45:44.834683','2020-05-14 16:45:44.834699',NULL),(394,'Du2OzQ5dVy1QxwKlOwO7m7spmlLZZF',394,5,12,'2020-05-14 16:46:09.289357','2020-05-14 16:46:09.289392',NULL),(395,'Xo85volwntcgv93viZZrQiuXkz2qrL',395,5,12,'2020-05-14 16:46:37.629422','2020-05-14 16:46:37.629439',NULL),(396,'yQRoQIUZ7ZjVvrysOiKlGNdzBuOFwb',396,5,12,'2020-05-14 16:46:42.114958','2020-05-14 16:46:42.114974',NULL),(397,'O2B3IoGEopyix7Oqmh8KxzW88S79G4',397,5,12,'2020-05-14 16:47:34.414222','2020-05-14 16:47:34.414236',NULL),(398,'KbTIxr4osZf3LUy00zBPjJhZbHvQvo',398,5,12,'2020-05-14 16:47:34.510744','2020-05-14 16:47:34.510759',NULL),(399,'FZQktk9QzbnWMH6KydILE0sJ79eLYO',399,5,12,'2020-05-14 16:47:34.603041','2020-05-14 16:47:34.603056',NULL),(400,'F8pqpCGpn6pDQYvRiFGouJNUZJil6m',400,5,12,'2020-05-14 16:47:36.650230','2020-05-14 16:47:36.650245',NULL),(401,'yJr2IMY4gHSYdBwxi8vIx4BI5gUpOE',401,5,12,'2020-05-14 16:47:38.712647','2020-05-14 16:47:38.712662',NULL),(402,'obKeDfQ6xT4QtxjPCPCi6K11HafSEi',402,5,12,'2020-05-14 16:50:08.109014','2020-05-14 16:50:08.109031',NULL),(403,'A65cK43JTZSD4dhfzOYLc3y20zuwnl',403,5,12,'2020-05-14 16:50:08.209089','2020-05-14 16:50:08.209104',NULL),(404,'ufIhSC1urU1i0UoSVBecIRSEOf1QBH',404,5,12,'2020-05-14 16:52:44.769238','2020-05-14 16:52:44.769253',NULL),(405,'4T32f0wa568UoFBqms8NsPFuu77acG',405,5,12,'2020-05-14 16:52:44.959365','2020-05-14 16:52:44.959381',NULL),(406,'FikvhXK1OERQD0HlDJpI0VWpKrPSVj',406,5,12,'2020-05-14 16:53:25.460703','2020-05-14 16:53:25.460719',NULL),(407,'ZEIHWt6bA8eLxZ58fVKGE3sygpU63f',407,5,12,'2020-05-14 16:53:25.564284','2020-05-14 16:53:25.564302',NULL),(408,'4HEQww6nYOpRYc9FmjcoSizxc91dlO',408,5,12,'2020-05-14 16:53:39.922133','2020-05-14 16:53:39.922151',NULL),(409,'iyrWkukRy1n5GkOdQzbfV18qfULTCC',409,5,12,'2020-05-14 16:53:40.256055','2020-05-14 16:53:40.256072',NULL),(410,'ntLZjSuzpk2tNdCEl5oSJbK84mHodI',410,1,12,'2020-05-14 16:57:27.439614','2020-05-14 16:57:27.439629',NULL),(411,'pH5EN7LexlPkCX2VjPzZIBtElUNGig',411,1,12,'2020-05-14 16:57:34.292329','2020-05-14 16:57:34.292344',NULL),(412,'FkVykbFf2KHhUq7oghqqTzENBI24CM',412,1,12,'2020-05-14 16:57:38.179951','2020-05-14 16:57:38.179967',NULL),(413,'msmBdN8gR6ypTJXCMEDpTYqJQey4Pi',413,5,12,'2020-05-14 16:58:16.230755','2020-05-14 16:58:16.230770',NULL),(414,'vjAWagE5IxtoW9IVkKpdC1uLLTAhe0',414,5,12,'2020-05-14 16:58:16.479358','2020-05-14 16:58:16.479373',NULL),(415,'NDkvQmP8r5XkPFy6FWqVJrPQS3pJUu',415,1,12,'2020-05-14 16:59:02.064529','2020-05-14 16:59:02.064544',NULL),(416,'e3dJGvGnUf7gmzkUK38rgd6iYYpcMa',416,1,12,'2020-05-14 16:59:48.229431','2020-05-14 16:59:48.229448',NULL),(417,'2erMRy1xsbCHqyLlzRS68QbnDod4fg',417,1,12,'2020-05-14 17:32:41.766225','2020-05-14 17:32:41.766240',NULL),(418,'YUZitUfWDzOiji30ZBD793ehZYh3qp',418,1,12,'2020-05-14 17:43:24.132720','2020-05-14 17:43:24.132736',NULL),(419,'ms3WCXo6jgofiC4RUN0rmK5ZTIIfFV',419,5,12,'2020-05-14 21:20:31.046622','2020-05-14 21:20:31.046636',NULL),(420,'3MWnf1YMCIKNmYw2uqQB2617Dy77SH',420,5,12,'2020-05-14 21:20:31.144576','2020-05-14 21:20:31.144592',NULL),(421,'ofV2jiYOqJdjUk1EJHloTY7i9wfjd0',421,1,12,'2020-05-15 00:56:16.875942','2020-05-15 00:56:16.875958',NULL),(422,'FCkcVm0sqsl1Rq470VDrmr9bj2q9w6',422,5,12,'2020-05-15 02:10:15.648548','2020-05-15 02:10:15.648563',NULL),(423,'Ggmm6yCS2EZROD3bggVYFyfOGceApr',423,5,12,'2020-05-15 02:10:15.828088','2020-05-15 02:10:15.828103',NULL),(424,'R45KvFsWbdz8d06XodVEVZEu0myGoq',424,5,12,'2020-05-15 02:16:46.273698','2020-05-15 02:16:46.273714',NULL),(425,'VHWiYCI3imfKnNd5EY5bjVZSnQcuo1',425,5,12,'2020-05-15 02:16:46.375335','2020-05-15 02:16:46.375355',NULL),(426,'X6WwnDbbbUf6wY0xZMjOSfuv0RXIfe',426,5,12,'2020-05-15 02:19:14.349934','2020-05-15 02:19:14.349950',NULL),(427,'qCAp7ObnCNsnhTeiem09pGyhUfrfSG',427,5,12,'2020-05-15 02:19:14.451297','2020-05-15 02:19:14.451313',NULL),(428,'FJoOBNSEUf3r2iv0q1XKE0EA2ksvKT',428,5,12,'2020-05-15 02:27:08.375311','2020-05-15 02:27:08.375327',NULL),(429,'OGOfnxKXFmzxKEDI4IqBlVn47iuDM9',429,5,12,'2020-05-15 02:27:08.864154','2020-05-15 02:27:08.864169',NULL),(430,'29zCezFFeYYlCmMlb5rN6quoeVYF1i',430,5,12,'2020-05-15 02:27:21.115473','2020-05-15 02:27:21.115488',NULL),(431,'ghdBJ0oOIWlh60KbS2zJDymKRdkfzh',431,5,12,'2020-05-15 02:27:21.205425','2020-05-15 02:27:21.205440',NULL),(432,'wffvxWgARP8IrOnuzSBCuDHsoH5KN8',432,5,12,'2020-05-15 02:33:41.702773','2020-05-15 02:33:41.702788',NULL),(433,'AhOSN3zH3Lu6rQzkn65N1ZoKoKfsqg',433,5,12,'2020-05-15 02:33:41.881141','2020-05-15 02:33:41.881155',NULL),(434,'Xqr5gtjp5FEf9EbxymL0xMY108Vnrq',434,5,12,'2020-05-15 02:33:58.315635','2020-05-15 02:33:58.315649',NULL),(435,'vNPOCQ6iOYWWtknlNGZtLRs8jg1I7t',435,5,12,'2020-05-15 02:33:58.526655','2020-05-15 02:33:58.526672',NULL),(436,'mfJtQZGSkGQFwxgTiN5KfKRFV6Zwyt',436,5,12,'2020-05-15 02:35:52.217299','2020-05-15 02:35:52.217314',NULL),(437,'evK5pANwYntV1iC90qJjZsULdIfuv5',437,5,12,'2020-05-15 02:35:52.438011','2020-05-15 02:35:52.438042',NULL),(438,'rVyMhbSvmH6FLWn6RJdNbI9xbHNIap',438,5,12,'2020-05-15 02:36:05.633150','2020-05-15 02:36:05.633167',NULL),(439,'i9u1qKSH75g6wBMELC5jitvUY1sOdT',439,5,12,'2020-05-15 02:36:05.851960','2020-05-15 02:36:05.851975',NULL),(440,'mrTbvEpdz3zYUCLfT94sWy8V5n4Sug',440,5,12,'2020-05-15 02:36:21.857863','2020-05-15 02:36:21.857878',NULL),(441,'G3UmQjPFqjt6ATEO2EUNAA3SSMSTIK',441,5,12,'2020-05-15 02:36:22.082703','2020-05-15 02:36:22.082718',NULL),(442,'U8RDpYV7DwMfuQVnm6MRlvpJbYwZ8W',442,5,12,'2020-05-15 02:37:24.068650','2020-05-15 02:37:24.068666',NULL),(443,'nmY4ggT44rvNRM071xkyegyKZY5OaL',443,5,12,'2020-05-15 02:37:24.304123','2020-05-15 02:37:24.304138',NULL),(444,'GrB9kJQKHEz6BGcMBygxcGCwdgcBeY',444,5,12,'2020-05-15 02:39:02.436148','2020-05-15 02:39:02.436164',NULL),(445,'avimO6DeMlEkqd1Zz6MqIGmZEXuQFO',445,5,12,'2020-05-15 02:39:02.532638','2020-05-15 02:39:02.532654',NULL),(446,'GBd37N80Dglu46GVp92Gt9oRl2Npso',446,5,12,'2020-05-15 13:15:50.958106','2020-05-15 13:15:50.958121',NULL),(447,'fZojEaC3cpytGzMIfuEYNa4nvyKPUd',447,5,12,'2020-05-15 13:15:51.055769','2020-05-15 13:15:51.055784',NULL),(448,'aOAXbTchuSdOZj5EcSBIBXMvJB3X2b',448,5,12,'2020-05-15 13:16:15.489290','2020-05-15 13:16:15.489307',NULL),(449,'JJBT2Pg3w97vThuGKREwtzW7YCCHIX',449,5,12,'2020-05-15 13:16:15.580118','2020-05-15 13:16:15.580134',NULL),(450,'RJTCMpn3YuNSysnKSuAtLPHdmmPczu',450,5,12,'2020-05-15 13:18:59.539591','2020-05-15 13:18:59.539605',NULL),(451,'WZpNCIpWS45iSgWU9ZszEtTVeUYLli',451,5,12,'2020-05-15 13:18:59.646633','2020-05-15 13:18:59.646647',NULL),(452,'MPZZCRgWZegxDsfBIj3X8Vm4uuEgOU',452,5,12,'2020-05-15 13:19:09.563706','2020-05-15 13:19:09.563722',NULL),(453,'WSOn4wtMoSneOu4dLDGPRzTPoN4byX',453,5,12,'2020-05-15 13:19:09.665578','2020-05-15 13:19:09.665595',NULL),(454,'MXLsCBVTOfJ1YV9jkv1aEGLQ3Ht3JE',454,5,12,'2020-05-15 20:46:26.953385','2020-05-15 20:46:26.953401',NULL),(455,'adtG8xj0tnAo4JXkpDCHFNaK7ZhkHT',455,5,12,'2020-05-15 20:46:27.051848','2020-05-15 20:46:27.051864',NULL),(456,'ikf5nNmtFtmV1usfeH0TewsQ8V6LXa',456,5,12,'2020-05-16 07:16:15.301564','2020-05-16 07:16:15.301580',NULL),(457,'yL6y6jieNUAeiMMTY3zZDWomIKlqLp',457,5,12,'2020-05-16 07:16:15.402069','2020-05-16 07:16:15.402084',NULL),(458,'6bSUeV0rifHLJZQxgKtN1gl40hN5Wx',458,5,12,'2020-05-16 07:21:08.761431','2020-05-16 07:21:08.761448',NULL),(459,'J9iSwFaj19zNUkVKvXUt2iUNW5dJBa',459,5,12,'2020-05-16 07:21:08.851171','2020-05-16 07:21:08.851186',NULL),(460,'z42fo2zvpUIavcL45V59uxV1h2TAJo',460,5,12,'2020-05-16 07:22:53.062926','2020-05-16 07:22:53.062943',NULL),(461,'mYHkqCw5PlsXBhcQJT9wVdofCrx3cS',461,5,12,'2020-05-16 07:22:53.185385','2020-05-16 07:22:53.185402',NULL),(462,'CShyAIpoIWQP81Rhz8H6sx5uyW2nPd',462,5,12,'2020-05-16 07:34:58.255304','2020-05-16 07:34:58.255320',NULL),(463,'SQzldWHKP9FU2SzEUJ0GrjjnJH74Nf',463,5,12,'2020-05-16 07:34:58.357247','2020-05-16 07:34:58.357263',NULL),(464,'7ETaNX5trHC16Z6Q9z4TOYKaL3cbRP',464,5,12,'2020-05-16 07:35:24.007659','2020-05-16 07:35:24.007674',NULL),(465,'anxupb9Qt6jQWKanZ7KlzT8ANZ6jlf',465,5,12,'2020-05-16 07:35:24.100814','2020-05-16 07:35:24.100829',NULL),(466,'1Vf49YcfDGS2ECK45lS8qThN0zcp15',466,5,12,'2020-05-16 07:36:01.266221','2020-05-16 07:36:01.266238',NULL),(467,'vf90AkjvWREQbbgoZc7S677VADW7XE',467,5,12,'2020-05-16 07:36:01.365629','2020-05-16 07:36:01.365646',NULL),(468,'56sGVX0dW2Xnpias8a7WoBdhkErH53',468,5,12,'2020-05-16 15:10:32.005266','2020-05-16 15:10:32.005280',NULL),(469,'LGDZWK5TITJb4RC4cBndqm3P9ZyAmA',469,5,12,'2020-05-16 15:10:32.101176','2020-05-16 15:10:32.101190',NULL),(470,'p23XFlWr2HyBT5PjbVeuE2hRycIUdk',470,5,12,'2020-05-16 15:11:55.313243','2020-05-16 15:11:55.313258',NULL),(471,'k7LbyCwC4IVeSO37dr5j7vKtewwICA',471,5,12,'2020-05-16 15:11:55.409332','2020-05-16 15:11:55.409347',NULL),(472,'t7Z4io6ClM65v7IRGpaPqZoFC8tUnk',472,5,12,'2020-05-16 15:19:45.611438','2020-05-16 15:19:45.611452',NULL),(473,'dVhFpwz5A9qr92AQKGFQd5KeBuYtqA',473,5,12,'2020-05-16 15:19:45.711410','2020-05-16 15:19:45.711426',NULL),(474,'cvK1sTQfB93mhzsjFdZ65Ygfh7RXEt',474,5,12,'2020-05-16 15:30:04.886527','2020-05-16 15:30:04.886543',NULL),(475,'Mbs822u1PkJ5ucaIxyEHuPSSQBV8mF',475,5,12,'2020-05-16 15:30:04.991701','2020-05-16 15:30:04.991717',NULL),(476,'ttu9TD4OBrKQPkl1OTdXwbDAbeAjpj',476,5,12,'2020-05-16 15:37:06.348780','2020-05-16 15:37:06.348796',NULL),(477,'sBmJo0P3bxSHdOYUC8WhOgDDWZxXFi',477,5,12,'2020-05-16 15:37:06.440328','2020-05-16 15:37:06.440343',NULL),(478,'y54wRAmsoV8XF4bK574tNCyiZQ2sIw',478,5,12,'2020-05-16 15:45:41.260625','2020-05-16 15:45:41.260642',NULL),(479,'sUHdJrqs6brIjFgmHo756OppVqP7ia',479,5,12,'2020-05-16 15:45:41.366983','2020-05-16 15:45:41.366999',NULL),(480,'njz5rRlCduQDMveWXxRz63iId2CWfm',480,5,12,'2020-05-16 15:57:16.879442','2020-05-16 15:57:16.879458',NULL),(481,'eESwjEpP6ugW4Dtok2dURlJBxdqM3B',481,5,12,'2020-05-16 15:57:17.035936','2020-05-16 15:57:17.035951',NULL);
/*!40000 ALTER TABLE `oauth2_provider_refreshtoken` ENABLE KEYS */;
UNLOCK TABLES;

--
-- Table structure for table `sitio_declaracion_faqs`
--

DROP TABLE IF EXISTS `sitio_declaracion_faqs`;
/*!40101 SET @saved_cs_client     = @@character_set_client */;
/*!40101 SET character_set_client = utf8 */;
CREATE TABLE `sitio_declaracion_faqs` (
  `id` int(11) NOT NULL AUTO_INCREMENT,
  `orden` int(11) NOT NULL,
  `pregunta` varchar(3000) NOT NULL,
  `respuesta` varchar(3000) NOT NULL,
  PRIMARY KEY (`id`)
) ENGINE=InnoDB AUTO_INCREMENT=20 DEFAULT CHARSET=latin1;
/*!40101 SET character_set_client = @saved_cs_client */;

--
-- Dumping data for table `sitio_declaracion_faqs`
--

LOCK TABLES `sitio_declaracion_faqs` WRITE;
/*!40000 ALTER TABLE `sitio_declaracion_faqs` DISABLE KEYS */;
INSERT INTO `sitio_declaracion_faqs` VALUES (1,1,'¿Quiénes están obligados a presentar declaraciones?','Todas las personas consideradas servidoras públicas.'),(2,2,'¿Quiénes son las personas servidoras públicas?','El artículo 92 de la Constitución local considera como servidores públicos a los representantes de elección popular; los miembros del Poder Judicial del Estado; del Tribunal de Justicia Administrativa; del Tribunal de Arbitraje y Escalafón, de la Junta Local de Conciliación y Arbitraje; del Instituto Electoral del Estado; del Tribunal Electoral del Estado; de la Comisión Estatal de Derechos Humanos, a los titulares de los órganos internos de control, así como, a los de los organismos autónomos, y en general, a toda persona que desempeñe un cargo o comisión de cualquier naturaleza en el Congreso Local, en la administración pública del Estado o de los municipios, así como a quienes presten servicios en los organismos descentralizados, fideicomisos públicos y empresas de participación estatal o municipal mayoritaria.'),(3,3,'¿Cuál es el fundamento legal que la regula la presentación de las declaraciones?','<ul><li><p>Artículo 108 de la Constitución Política de los Estados Unidos Mexicanos;</p></li><li><p>Artículo 32 de la Ley General de Responsabilidades Administrativas</p></li><li><p class=\'m-0\'>Artículo 46 de la Ley de Responsabilidades Políticas y Administrativas del Estado de Jalisco</p></li></ul>'),(4,4,'¿Qué tipos de declaraciones debe de presentar una persona servidora pública?','<p>El artículo 32 de la Ley General de Responsabilidades Administrativas reconoce la Existen presentación de tres tipos de declaraciones como son obligatorias para las personas reconocidas como servidores públicos:</p><ul><li> De situación patrimonial;</li><li> De intereses</li><li> La fiscal</li></ul>'),(5,5,'¿Cuál es el plazo para la presentación de la declaración de situación patrimonial y la de intereses y cuáles son las modalidades que hay?','<ol class=\'list-unstyled\'><li><p>a) La Declaración Inicial dentro de los 60 días naturales siguientes a:</p><ol><li><p>Fecha de ingreso al servicio público por primera vez;</p></li><li><p>Fecha de reingreso al servicio público después de sesenta días naturales de la conclusión de su último encargo;</p></li></ol></li><li><p>b) Declaración de modificación patrimonial, durante el mes de mayo de cada año (siempre que esté activo)</p></li><li><p class=\'m-0\'>c) Declaración de conclusión del encargo: Dentro de los siguientes 60 días naturales siguientes a la conclusión del encargo.</p></li></ol><p> Para el caso particular de la declaración de intereses, existe en la declaración de la actualización, la cual puede ser presentada en que la persona servidora pública, en el ejercicio de sus funciones, considere que se puede actualizar un posible Conflicto de Interés.</p>'),(6,6,'¿Cuándo se presenta la declaración anual de información fiscal?','<p>Únicamente en el mes de abril del año siguiente al que corresponda la declaración fiscal, de conformidad a lo señalado en el artículo 150 de la Ley del Impuesto sobre la Renta. </p>'),(7,7,'¿Qué es un conflicto de interés?','<p>Es la afectación del desempeño imparcial y objetivo de las funciones de las personas servidoras públicas en razón de intereses personales, familiares o de negocios.</p>'),(8,8,'¿Qué tipo de documentación debo tener a la vista para el llenado de mi Declaración de Situación Patrimonial?',' <ul><li><p>Escrituras o contratos privados de compra-venta de los bienes inmuebles.</p></li><li><p>Facturas de vehículos y bienes muebles.</p></li><li><p>Contratos y/o estados de cuenta de inversiones, cuentas bancarias y otro tipo de valores.</p></li><li><p>Contratos y/o estados de cuenta de gravámenes y/o adeudos.</p></li><li><p>Comprobantes de percepción de sueldo y de otro tipo de ingresos.</p></li><li><p class=\'m-0\'>La referente al patrimonio del cónyuge y/o dependientes económicos.</p></li></ul>'),(9,9,'¿Se pueden corregir las Declaraciones de Situación Patrimonial, de Intereses ?','<p>Cualquier ajuste u observación a la información contenida en la declaración de situación patrimonial, deberá aplicar antes del envío electrónico de la Declaración, ya que una vez transmitida la declaración no podrá realizarse corrección o aclaración alguna.</p><p>En el caso de la declaración de interés, esta puede ser actualizada en cualquier momento en que el servidor público, considere que se puede actualizar un posible conflicto de interés, en términos de lo señalado en el artículo 48 de la Ley General de ResponsabilidadesAdministrativas.</p>'),(10,10,'¿Cuáles son las sanciones por su incumplimiento?','<p>La no presentación de la declaración patrimonial sin causa justificada en las modalidades Inicial y de Modificación, es sancionado con la separación del cargo del servidor público. Para el caso de no presentar la declaración en su modalidad de conclusión, sin causa justificada, se inhabilitará al servidor público de tres meses a un año. En todos los casos, parala imposición de sanciones, se debe desahogar u procedimiento de responsabilidad administrativa.</p>'),(11,11,'¿Puedo elegir entre hacer públicos o no mis datos patrimoniales?','<p>Sí, en caso de aceptar hacer pública la información patrimonial, podrá elegir qué datos quiere hacer públicos de los 13 apartados que integran la declaración.</p>'),(12,12,'¿La información de la declaración, está protegida?','<p>Sí, los datos personales contenidos en el Sistema de Declaraciones en general se administrarán en los términos señalados por el acuerdo de creación del Sistema de Datos Personales que conforme a la normatividad aplicable corresponda.</p>'),(13,13,'¿En qué casos no se está obligado a presentar la Declaración de Conclusión Situación Patrimonial y de Intereses?','<p>En caso de cambio de dependencia, órgano desconcentrado, demarcaciones territoriales, entidad, unidad administrativa en el mismo poder de gobierno, únicamente se dará aviso de dicha situación.</p>'),(14,14,'¿De qué manera se presentan las declaraciones?','<p>A través de medios electrónicos y mediante el empleo de medios de identificación electrónica y para el caso de los municipios que no cuenten con las tecnologías de la información y comunicación necesarias para cumplir con lo anterior, podrán emplearse formatos impresos.</p>'),(15,15,'¿Una vez presentada las declaraciones qué documento obtengo?','<p>El Sistema otorgará al declarante un acuse de recepción electrónica con medidas de seguridad, mismo que debe imprimir y conservar con la información soporte correspondiente para futuras investigaciones, consultas o compulsas.</p>'),(16,16,'¿Las declaraciones se pueden presentar en cualquier momento?','<p>Sí, el Sistema de declaraciones estará activo las 24 horas de los 365 días del año, debiendo cuidar los plazos señalados en el artículo 33 y 46 de la Ley General de Responsabilidades Administrativas.</p>'),(17,17,'¿Qué efectos tiene el cumplimiento de la Declaración de Situación Patrimonial?','<p>Proporcionar información sobre ingresos y su aplicación, incluyendo adquisiciones o arrendamiento de inmuebles, muebles, vehículos , inversiones y otro tipo de valores; así como declarar la recepción y uso de donaciones, herencias, legados, viajes, participación en fideicomisos y similares, bienes en especie, así como gravámenes  y adeudos vigentes.</p>'),(18,18,'¿Qué se entiende por declarante?','<p>Es toda aquella persona servidora pública obligada a presentar declaración de situación patrimonial, de intereses y de información fiscal.</p>'),(19,19,'¿Qué es lo que debo de manifestar en la declaración de intereses?','<p>Las relaciones Familiares (hasta el 4to. Grado), relaciones personales, relaciones profesionales, relaciones laborales y relaciones de Negocio.</p>');
/*!40000 ALTER TABLE `sitio_declaracion_faqs` ENABLE KEYS */;
UNLOCK TABLES;

--
-- Table structure for table `sitio_sitio_personalizacion`
--

DROP TABLE IF EXISTS `sitio_sitio_personalizacion`;
/*!40101 SET @saved_cs_client     = @@character_set_client */;
/*!40101 SET character_set_client = utf8 */;
CREATE TABLE `sitio_sitio_personalizacion` (
  `id` int(11) NOT NULL AUTO_INCREMENT,
  `nombre_institucion` varchar(300) NOT NULL,
  `siglas_sistema` varchar(30) NOT NULL,
  `bg_color` varchar(50) NOT NULL,
  `font_color_primary` varchar(50) NOT NULL,
  `color_primary` varchar(50) NOT NULL,
  `color_secondary` varchar(50) NOT NULL,
  `color_success` varchar(50) NOT NULL,
  `color_info` varchar(50) NOT NULL,
  `color_warning` varchar(50) NOT NULL,
  `color_danger` varchar(50) NOT NULL,
  `color_light` varchar(50) NOT NULL,
  `color_dark` varchar(50) NOT NULL,
  PRIMARY KEY (`id`)
) ENGINE=InnoDB AUTO_INCREMENT=2 DEFAULT CHARSET=latin1;
/*!40101 SET character_set_client = @saved_cs_client */;

--
-- Dumping data for table `sitio_sitio_personalizacion`
--

LOCK TABLES `sitio_sitio_personalizacion` WRITE;
/*!40000 ALTER TABLE `sitio_sitio_personalizacion` DISABLE KEYS */;
INSERT INTO `sitio_sitio_personalizacion` VALUES (1,'Sistema Estatal Anticorrupción del Estado de Jalisco','SDFPJAL','white','#061d26','#96f164','#727176','#5dffff','#96f164','#727176','#5d5d5e','#015F78','#4c4e4f');
/*!40000 ALTER TABLE `sitio_sitio_personalizacion` ENABLE KEYS */;
UNLOCK TABLES;
/*!40103 SET TIME_ZONE=@OLD_TIME_ZONE */;

/*!40101 SET SQL_MODE=@OLD_SQL_MODE */;
/*!40014 SET FOREIGN_KEY_CHECKS=@OLD_FOREIGN_KEY_CHECKS */;
/*!40014 SET UNIQUE_CHECKS=@OLD_UNIQUE_CHECKS */;
/*!40101 SET CHARACTER_SET_CLIENT=@OLD_CHARACTER_SET_CLIENT */;
/*!40101 SET CHARACTER_SET_RESULTS=@OLD_CHARACTER_SET_RESULTS */;
/*!40101 SET COLLATION_CONNECTION=@OLD_COLLATION_CONNECTION */;
/*!40111 SET SQL_NOTES=@OLD_SQL_NOTES */;

-- Dump completed on 2020-05-16 12:03:44
